filing_id,politician,asset_v8_2_cleaned,ticker_v8_2_cleaned,asset_type,transaction_type,transaction_date,amount_min,amount_max,amount_category,location,page,original_pdf_url,ticker_parse_status
20016861,Hon. John McGuire,UnitedHealth Group Incorporated Common Stock,UNH,ST,P,2025-04-10,1001.0,15000.0,"$1,001 - $15,000",,1,https://disclosures-clerk.house.gov/public_disc/ptr-pdfs/2025/20016861.pdf,accepted
20018054,Hon. James Comer,Alphabet Inc. - Class C Capital Stock,GOOG,ST,P,2025-01-02,1001.0,15000.0,"$1,001 - $15,000",,1,https://disclosures-clerk.house.gov/public_disc/ptr-pdfs/2025/20018054.pdf,accepted
20018054,Hon. James Comer,"Amazon.com, Inc. - Common Stock",AMZN,ST,P,2025-01-02,1001.0,15000.0,"$1,001 - $15,000",,1,https://disclosures-clerk.house.gov/public_disc/ptr-pdfs/2025/20018054.pdf,accepted
20018054,Hon. James Comer,"Amazon.com, Inc. - Common Stock",AMZN,ST,P,2025-01-02,1001.0,15000.0,"$1,001 - $15,000",,1,https://disclosures-clerk.house.gov/public_disc/ptr-pdfs/2025/20018054.pdf,accepted
20018054,Hon. James Comer,Amphenol Corporation Common Stock,APH,ST,P,2025-01-02,1001.0,15000.0,"$1,001 - $15,000",,1,https://disclosures-clerk.house.gov/public_disc/ptr-pdfs/2025/20018054.pdf,accepted
20018054,Hon. James Comer,Apple Inc. - Common Stock,AAPL,ST,P,2025-01-02,1001.0,15000.0,"$1,001 - $15,000",,1,https://disclosures-clerk.house.gov/public_disc/ptr-pdfs/2025/20018054.pdf,accepted
20018054,Hon. James Comer,"Arista Networks, Inc. Common Stock",ANET,ST,P,2025-01-02,1001.0,15000.0,"$1,001 - $15,000",,1,https://disclosures-clerk.house.gov/public_disc/ptr-pdfs/2025/20018054.pdf,accepted
20018054,Hon. James Comer,AT&T Inc.,T,ST,P,2025-01-02,1001.0,15000.0,"$1,001 - $15,000",,1,https://disclosures-clerk.house.gov/public_disc/ptr-pdfs/2025/20018054.pdf,accepted
20018054,Hon. James Comer,"BlackRock, Inc. Common Stock",BLK,ST,P,2025-01-02,1001.0,15000.0,"$1,001 - $15,000",,1,https://disclosures-clerk.house.gov/public_disc/ptr-pdfs/2025/20018054.pdf,accepted
20018054,Hon. James Comer,"BlackRock, Inc. Common Stock",BLK,ST,P,2025-01-02,1001.0,15000.0,"$1,001 - $15,000",,2,https://disclosures-clerk.house.gov/public_disc/ptr-pdfs/2025/20018054.pdf,accepted
20018054,Hon. James Comer,Broadcom Inc. - Common Stock,AVGO,ST,P,2025-01-02,1001.0,15000.0,"$1,001 - $15,000",,2,https://disclosures-clerk.house.gov/public_disc/ptr-pdfs/2025/20018054.pdf,accepted
20018054,Hon. James Comer,"Churchill Downs, Incorporated - Common Stock",CHDN,ST,P,2025-01-02,1001.0,15000.0,"$1,001 - $15,000",,2,https://disclosures-clerk.house.gov/public_disc/ptr-pdfs/2025/20018054.pdf,accepted
20018054,Hon. James Comer,Costco Wholesale Corporation - Common Stock,COST,ST,P,2025-01-02,1001.0,15000.0,"$1,001 - $15,000",,2,https://disclosures-clerk.house.gov/public_disc/ptr-pdfs/2025/20018054.pdf,accepted
20018054,Hon. James Comer,Costco Wholesale Corporation - Common Stock,COST,ST,P,2025-01-02,1001.0,15000.0,"$1,001 - $15,000",,2,https://disclosures-clerk.house.gov/public_disc/ptr-pdfs/2025/20018054.pdf,accepted
20018054,Hon. James Comer,Dover Corporation Common Stock,DOV,ST,P,2025-01-02,1001.0,15000.0,"$1,001 - $15,000",,2,https://disclosures-clerk.house.gov/public_disc/ptr-pdfs/2025/20018054.pdf,accepted
20018054,Hon. James Comer,"Home Depot, Inc.",HD,ST,P,2025-01-02,1001.0,15000.0,"$1,001 - $15,000",,2,https://disclosures-clerk.house.gov/public_disc/ptr-pdfs/2025/20018054.pdf,accepted
20018054,Hon. James Comer,"Home Depot, Inc.",HD,ST,P,2025-01-02,1001.0,15000.0,"$1,001 - $15,000",,2,https://disclosures-clerk.house.gov/public_disc/ptr-pdfs/2025/20018054.pdf,accepted
20018054,Hon. James Comer,Microsoft Corporation - Common Stock,MSFT,ST,P,2025-01-02,1001.0,15000.0,"$1,001 - $15,000",,2,https://disclosures-clerk.house.gov/public_disc/ptr-pdfs/2025/20018054.pdf,accepted
20018054,Hon. James Comer,"Netflix, Inc. - Common Stock",NFLX,ST,P,2025-01-02,1001.0,15000.0,"$1,001 - $15,000",,2,https://disclosures-clerk.house.gov/public_disc/ptr-pdfs/2025/20018054.pdf,accepted
20018054,Hon. James Comer,NVIDIA Corporation - Common Stock,NVDA,ST,P,2025-01-02,1001.0,15000.0,"$1,001 - $15,000",,2,https://disclosures-clerk.house.gov/public_disc/ptr-pdfs/2025/20018054.pdf,accepted
20018054,Hon. James Comer,"Palo Alto Networks, Inc.",PANW,ST,P,2025-01-02,1001.0,15000.0,"$1,001 - $15,000",,3,https://disclosures-clerk.house.gov/public_disc/ptr-pdfs/2025/20018054.pdf,accepted
20018054,Hon. James Comer,"PayPal Holdings, Inc. - Common Stock",PYPL,ST,P,2025-01-02,1001.0,15000.0,"$1,001 - $15,000",,3,https://disclosures-clerk.house.gov/public_disc/ptr-pdfs/2025/20018054.pdf,accepted
20018054,Hon. James Comer,"Salesforce, Inc. Common Stock",CRM,ST,P,2025-01-02,1001.0,15000.0,"$1,001 - $15,000",,3,https://disclosures-clerk.house.gov/public_disc/ptr-pdfs/2025/20018054.pdf,accepted
20018054,Hon. James Comer,"SoFi Technologies, Inc. - Common Stock",SOFI,ST,P,2025-01-02,1001.0,15000.0,"$1,001 - $15,000",,3,https://disclosures-clerk.house.gov/public_disc/ptr-pdfs/2025/20018054.pdf,accepted
20018054,Hon. James Comer,"SoFi Technologies, Inc. - Common Stock",SOFI,ST,P,2025-01-02,1001.0,15000.0,"$1,001 - $15,000",,3,https://disclosures-clerk.house.gov/public_disc/ptr-pdfs/2025/20018054.pdf,accepted
20018054,Hon. James Comer,"The Trade Desk, Inc. - Class A Common Stock",TTD,ST,P,2025-01-02,1001.0,15000.0,"$1,001 - $15,000",,3,https://disclosures-clerk.house.gov/public_disc/ptr-pdfs/2025/20018054.pdf,accepted
20018054,Hon. James Comer,"Uber Technologies, Inc. Common Stock",UBER,ST,P,2025-01-02,1001.0,15000.0,"$1,001 - $15,000",,3,https://disclosures-clerk.house.gov/public_disc/ptr-pdfs/2025/20018054.pdf,accepted
20018054,Hon. James Comer,"VeriSign, Inc. - Common Stock",VRSN,ST,P,2025-01-02,1001.0,15000.0,"$1,001 - $15,000",,3,https://disclosures-clerk.house.gov/public_disc/ptr-pdfs/2025/20018054.pdf,accepted
20024346,Hon. Rob Bresnahan,Alibaba Group Holding Limited American Depositary Shares each representing eight Ordinary share,BABA,ST,P,2025-01-29,1001.0,15000.0,"$1,001 - $15,000",,2,https://disclosures-clerk.house.gov/public_disc/ptr-pdfs/2025/20024346.pdf,accepted
20024346,Hon. Rob Bresnahan,Alibaba Group Holding Limited American Depositary Shares each representing eight Ordinary share,BABA,ST,P,2025-01-29,1001.0,15000.0,"$1,001 - $15,000",,2,https://disclosures-clerk.house.gov/public_disc/ptr-pdfs/2025/20024346.pdf,accepted
20024346,Hon. Rob Bresnahan,Alibaba Group Holding Limited American Depositary Shares each representing eight Ordinary share,BABA,ST,P,2025-01-30,1001.0,15000.0,"$1,001 - $15,000",,2,https://disclosures-clerk.house.gov/public_disc/ptr-pdfs/2025/20024346.pdf,accepted
20024346,Hon. Rob Bresnahan,Alibaba Group Holding Limited American Depositary Shares each representing eight Ordinary share,BABA,ST,P,2025-01-29,1001.0,15000.0,"$1,001 - $15,000",,2,https://disclosures-clerk.house.gov/public_disc/ptr-pdfs/2025/20024346.pdf,accepted
20024346,Hon. Rob Bresnahan,Atlassian Corporation - Class A Common Stock,TEAM,ST,P,2025-01-28,1001.0,15000.0,"$1,001 - $15,000",,3,https://disclosures-clerk.house.gov/public_disc/ptr-pdfs/2025/20024346.pdf,accepted
20024346,Hon. Rob Bresnahan,Atlassian Corporation - Class A Common Stock,TEAM,ST,P,2025-01-28,1001.0,15000.0,"$1,001 - $15,000",,3,https://disclosures-clerk.house.gov/public_disc/ptr-pdfs/2025/20024346.pdf,accepted
20024346,Hon. Rob Bresnahan,Atlassian Corporation - Class A Common Stock,TEAM,ST,P,2025-01-28,1001.0,15000.0,"$1,001 - $15,000",,3,https://disclosures-clerk.house.gov/public_disc/ptr-pdfs/2025/20024346.pdf,accepted
20024346,Hon. Rob Bresnahan,Berkshire Hathaway Inc. New,BRK.B,ST,P,2025-01-13,15001.0,50000.0,"$15,001 - $50,000",,3,https://disclosures-clerk.house.gov/public_disc/ptr-pdfs/2025/20024346.pdf,accepted
20024346,Hon. Rob Bresnahan,Berkshire Hathaway Inc. New Common Stock,BRK.B,ST,P,2025-01-13,15001.0,50000.0,"$15,001 - $50,000",,4,https://disclosures-clerk.house.gov/public_disc/ptr-pdfs/2025/20024346.pdf,accepted
20024346,Hon. Rob Bresnahan,"CrowdStrike Holdings, Inc. - Class A Common Stock",CRWD,ST,P,2025-01-28,1001.0,15000.0,"$1,001 - $15,000",,6,https://disclosures-clerk.house.gov/public_disc/ptr-pdfs/2025/20024346.pdf,accepted
20024346,Hon. Rob Bresnahan,"CrowdStrike Holdings, Inc. - Class A Common Stock",CRWD,ST,P,2025-01-28,1001.0,15000.0,"$1,001 - $15,000",,6,https://disclosures-clerk.house.gov/public_disc/ptr-pdfs/2025/20024346.pdf,accepted
20024346,Hon. Rob Bresnahan,"CrowdStrike Holdings, Inc. - Class A Common Stock",CRWD,ST,P,2025-01-28,1001.0,15000.0,"$1,001 - $15,000",,6,https://disclosures-clerk.house.gov/public_disc/ptr-pdfs/2025/20024346.pdf,accepted
20024346,Hon. Rob Bresnahan,Intel Corporation - Common Stock,INTC,ST,P,2025-02-03,1001.0,15000.0,"$1,001 - $15,000",,8,https://disclosures-clerk.house.gov/public_disc/ptr-pdfs/2025/20024346.pdf,accepted
20024346,Hon. Rob Bresnahan,Intel Corporation - Common Stock,INTC,ST,P,2025-02-03,1001.0,15000.0,"$1,001 - $15,000",,8,https://disclosures-clerk.house.gov/public_disc/ptr-pdfs/2025/20024346.pdf,accepted
20024346,Hon. Rob Bresnahan,Intel Corporation - Common Stock,INTC,ST,P,2025-02-03,1001.0,15000.0,"$1,001 - $15,000",,8,https://disclosures-clerk.house.gov/public_disc/ptr-pdfs/2025/20024346.pdf,accepted
20024346,Hon. Rob Bresnahan,Lam Research Corporation - Common Stock,LRCX,ST,P,2025-01-16,1001.0,15000.0,"$1,001 - $15,000",,9,https://disclosures-clerk.house.gov/public_disc/ptr-pdfs/2025/20024346.pdf,accepted
20024346,Hon. Rob Bresnahan,"ServiceNow, Inc. Common Stock",NOW,ST,P,2025-02-03,1001.0,15000.0,"$1,001 - $15,000",,13,https://disclosures-clerk.house.gov/public_disc/ptr-pdfs/2025/20024346.pdf,accepted
20024346,Hon. Rob Bresnahan,"ServiceNow, Inc. Common Stock",NOW,ST,P,2025-02-03,1001.0,15000.0,"$1,001 - $15,000",,13,https://disclosures-clerk.house.gov/public_disc/ptr-pdfs/2025/20024346.pdf,accepted
20024346,Hon. Rob Bresnahan,"Take-Two Interactive Software, Inc. - Common Stock",TTWO,ST,P,2025-02-03,1001.0,15000.0,"$1,001 - $15,000",,14,https://disclosures-clerk.house.gov/public_disc/ptr-pdfs/2025/20024346.pdf,accepted
20024346,Hon. Rob Bresnahan,"Take-Two Interactive Software, Inc. - Common Stock",TTWO,ST,P,2025-02-03,1001.0,15000.0,"$1,001 - $15,000",,14,https://disclosures-clerk.house.gov/public_disc/ptr-pdfs/2025/20024346.pdf,accepted
20024346,Hon. Rob Bresnahan,"Take-Two Interactive Software, Inc. - Common Stock",TTWO,ST,P,2025-02-03,1001.0,15000.0,"$1,001 - $15,000",,14,https://disclosures-clerk.house.gov/public_disc/ptr-pdfs/2025/20024346.pdf,accepted
20024346,Hon. Rob Bresnahan,"Zoom Communications, Inc. - Class A Common Stock",ZM,ST,P,2025-01-28,1001.0,15000.0,"$1,001 - $15,000",,15,https://disclosures-clerk.house.gov/public_disc/ptr-pdfs/2025/20024346.pdf,accepted
20024346,Hon. Rob Bresnahan,"Zoom Communications, Inc. - Class A Common Stock",ZM,ST,P,2025-01-28,1001.0,15000.0,"$1,001 - $15,000",,15,https://disclosures-clerk.house.gov/public_disc/ptr-pdfs/2025/20024346.pdf,accepted
20024346,Hon. Rob Bresnahan,"Zoom Communications, Inc. - Class A Common Stock",ZM,ST,P,2025-01-28,1001.0,15000.0,"$1,001 - $15,000",,15,https://disclosures-clerk.house.gov/public_disc/ptr-pdfs/2025/20024346.pdf,accepted
20026556,Hon. William R. Keating,"Amazon.com, Inc. - Common Stock",AMZN,ST,P,2025-01-07,1001.0,15000.0,"$1,001 - $15,000",,1,https://disclosures-clerk.house.gov/public_disc/ptr-pdfs/2025/20026556.pdf,accepted
20026556,Hon. William R. Keating,"Fiserv, Inc. Common Stock",FI,ST,P,2025-01-07,1001.0,15000.0,"$1,001 - $15,000",,1,https://disclosures-clerk.house.gov/public_disc/ptr-pdfs/2025/20026556.pdf,accepted
20026587,Hon. Rick Larsen,Alphabet Inc. - Class A Common Stock,GOOGL,ST,P,2025-01-07,1001.0,15000.0,"$1,001 - $15,000",,1,https://disclosures-clerk.house.gov/public_disc/ptr-pdfs/2025/20026587.pdf,accepted
20026587,Hon. Rick Larsen,"Broadridge Financial Solutions, Inc. Common Stock",BR,ST,P,2025-01-07,1001.0,15000.0,"$1,001 - $15,000",,1,https://disclosures-clerk.house.gov/public_disc/ptr-pdfs/2025/20026587.pdf,accepted
20026587,Hon. Rick Larsen,Cintas Corporation - Common Stock,CTAS,ST,P,2025-01-07,1001.0,15000.0,"$1,001 - $15,000",,1,https://disclosures-clerk.house.gov/public_disc/ptr-pdfs/2025/20026587.pdf,accepted
20026587,Hon. Rick Larsen,"Verisk Analytics, Inc. - Common Stock",VRSK,ST,P,2025-01-07,1001.0,15000.0,"$1,001 - $15,000",,2,https://disclosures-clerk.house.gov/public_disc/ptr-pdfs/2025/20026587.pdf,accepted
20026647,Hon. Debbie Dingell,Walt Disney Company,DIS,ST,P,2025-01-15,1001.0,15000.0,"$1,001 - $15,000",,1,https://disclosures-clerk.house.gov/public_disc/ptr-pdfs/2025/20026647.pdf,accepted
20026650,Hon. Robert E. Latta,"Farmers & Merchants Bancorp, Inc.",FMAO,ST,P,2025-01-20,1001.0,15000.0,"$1,001 - $15,000",,1,https://disclosures-clerk.house.gov/public_disc/ptr-pdfs/2025/20026650.pdf,accepted
20026658,Hon. Marjorie Taylor Greene,"Advanced Micro Devices, Inc.",AMD,ST,P,2025-01-08,1001.0,15000.0,"$1,001 - $15,000",,1,https://disclosures-clerk.house.gov/public_disc/ptr-pdfs/2025/20026658.pdf,accepted
20026658,Hon. Marjorie Taylor Greene,"Advanced Micro Devices, Inc.",AMD,ST,P,2025-01-08,1001.0,15000.0,"$1,001 - $15,000",,1,https://disclosures-clerk.house.gov/public_disc/ptr-pdfs/2025/20026658.pdf,accepted
20026658,Hon. Marjorie Taylor Greene,"Advanced Micro Devices, Inc.",AMD,ST,P,2025-01-08,1001.0,15000.0,"$1,001 - $15,000",,1,https://disclosures-clerk.house.gov/public_disc/ptr-pdfs/2025/20026658.pdf,accepted
20026658,Hon. Marjorie Taylor Greene,"Advanced Micro Devices, Inc.",AMD,ST,P,2025-01-21,1001.0,15000.0,"$1,001 - $15,000",,1,https://disclosures-clerk.house.gov/public_disc/ptr-pdfs/2025/20026658.pdf,accepted
20026658,Hon. Marjorie Taylor Greene,"Advanced Micro Devices, Inc.",AMD,ST,P,2025-01-08,1001.0,15000.0,"$1,001 - $15,000",,1,https://disclosures-clerk.house.gov/public_disc/ptr-pdfs/2025/20026658.pdf,accepted
20026658,Hon. Marjorie Taylor Greene,Alphabet Inc. - Class C Capital Stock,GOOG,ST,P,2025-01-08,1001.0,15000.0,"$1,001 - $15,000",,1,https://disclosures-clerk.house.gov/public_disc/ptr-pdfs/2025/20026658.pdf,accepted
20026658,Hon. Marjorie Taylor Greene,Alphabet Inc. - Class C Capital Stock,GOOG,ST,P,2025-01-08,1001.0,15000.0,"$1,001 - $15,000",,1,https://disclosures-clerk.house.gov/public_disc/ptr-pdfs/2025/20026658.pdf,accepted
20026658,Hon. Marjorie Taylor Greene,Alphabet Inc. - Class C Capital Stock,GOOG,ST,P,2025-01-08,1001.0,15000.0,"$1,001 - $15,000",,2,https://disclosures-clerk.house.gov/public_disc/ptr-pdfs/2025/20026658.pdf,accepted
20026658,Hon. Marjorie Taylor Greene,"Amazon.com, Inc. - Common Stock",AMZN,ST,P,2025-01-08,1001.0,15000.0,"$1,001 - $15,000",,2,https://disclosures-clerk.house.gov/public_disc/ptr-pdfs/2025/20026658.pdf,accepted
20026658,Hon. Marjorie Taylor Greene,"Amazon.com, Inc. - Common Stock",AMZN,ST,P,2025-01-08,1001.0,15000.0,"$1,001 - $15,000",,2,https://disclosures-clerk.house.gov/public_disc/ptr-pdfs/2025/20026658.pdf,accepted
20026658,Hon. Marjorie Taylor Greene,"Amazon.com, Inc. - Common Stock",AMZN,ST,P,2025-01-08,1001.0,15000.0,"$1,001 - $15,000",,2,https://disclosures-clerk.house.gov/public_disc/ptr-pdfs/2025/20026658.pdf,accepted
20026658,Hon. Marjorie Taylor Greene,"Amazon.com, Inc. - Common Stock",AMZN,ST,P,2025-01-08,1001.0,15000.0,"$1,001 - $15,000",,2,https://disclosures-clerk.house.gov/public_disc/ptr-pdfs/2025/20026658.pdf,accepted
20026658,Hon. Marjorie Taylor Greene,"Amazon.com, Inc. - Common Stock",AMZN,ST,P,2025-01-21,1001.0,15000.0,"$1,001 - $15,000",,2,https://disclosures-clerk.house.gov/public_disc/ptr-pdfs/2025/20026658.pdf,accepted
20026658,Hon. Marjorie Taylor Greene,ASML Holding N.V. - New York Registry Shares,ASML,ST,P,2025-01-08,1001.0,15000.0,"$1,001 - $15,000",,2,https://disclosures-clerk.house.gov/public_disc/ptr-pdfs/2025/20026658.pdf,accepted
20026658,Hon. Marjorie Taylor Greene,Berkshire Hathaway Inc. New Common Stock,BRK.B,ST,P,2025-01-08,1001.0,15000.0,"$1,001 - $15,000",,2,https://disclosures-clerk.house.gov/public_disc/ptr-pdfs/2025/20026658.pdf,accepted
20026658,Hon. Marjorie Taylor Greene,Berkshire Hathaway Inc. New Common Stock,BRK.B,ST,P,2025-01-08,1001.0,15000.0,"$1,001 - $15,000",,2,https://disclosures-clerk.house.gov/public_disc/ptr-pdfs/2025/20026658.pdf,accepted
20026658,Hon. Marjorie Taylor Greene,Berkshire Hathaway Inc. New Common Stock,BRK.B,ST,P,2025-01-08,1001.0,15000.0,"$1,001 - $15,000",,3,https://disclosures-clerk.house.gov/public_disc/ptr-pdfs/2025/20026658.pdf,accepted
20026658,Hon. Marjorie Taylor Greene,"Cardinal Health, Inc. Common Stock",CAH,ST,P,2025-01-21,1001.0,15000.0,"$1,001 - $15,000",,3,https://disclosures-clerk.house.gov/public_disc/ptr-pdfs/2025/20026658.pdf,accepted
20026658,Hon. Marjorie Taylor Greene,"Caterpillar, Inc. Common Stock",CAT,ST,P,2025-01-08,1001.0,15000.0,"$1,001 - $15,000",,3,https://disclosures-clerk.house.gov/public_disc/ptr-pdfs/2025/20026658.pdf,accepted
20026658,Hon. Marjorie Taylor Greene,"Caterpillar, Inc. Common Stock",CAT,ST,P,2025-01-08,1001.0,15000.0,"$1,001 - $15,000",,3,https://disclosures-clerk.house.gov/public_disc/ptr-pdfs/2025/20026658.pdf,accepted
20026658,Hon. Marjorie Taylor Greene,"Caterpillar, Inc. Common Stock",CAT,ST,P,2025-01-08,1001.0,15000.0,"$1,001 - $15,000",,3,https://disclosures-clerk.house.gov/public_disc/ptr-pdfs/2025/20026658.pdf,accepted
20026658,Hon. Marjorie Taylor Greene,Devon Energy Corporation Common Stock,DVN,ST,P,2025-01-21,1001.0,15000.0,"$1,001 - $15,000",,3,https://disclosures-clerk.house.gov/public_disc/ptr-pdfs/2025/20026658.pdf,accepted
20026658,Hon. Marjorie Taylor Greene,Eli Lilly and Company Common Stock,LLY,ST,P,2025-01-21,1001.0,15000.0,"$1,001 - $15,000",,3,https://disclosures-clerk.house.gov/public_disc/ptr-pdfs/2025/20026658.pdf,accepted
20026658,Hon. Marjorie Taylor Greene,"Home Depot, Inc.",HD,ST,P,2025-01-08,1001.0,15000.0,"$1,001 - $15,000",,3,https://disclosures-clerk.house.gov/public_disc/ptr-pdfs/2025/20026658.pdf,accepted
20026658,Hon. Marjorie Taylor Greene,Intel Corporation - Common Stock,INTC,ST,P,2025-01-08,1001.0,15000.0,"$1,001 - $15,000",,3,https://disclosures-clerk.house.gov/public_disc/ptr-pdfs/2025/20026658.pdf,accepted
20026658,Hon. Marjorie Taylor Greene,Intel Corporation - Common Stock,INTC,ST,P,2025-01-08,1001.0,15000.0,"$1,001 - $15,000",,3,https://disclosures-clerk.house.gov/public_disc/ptr-pdfs/2025/20026658.pdf,accepted
20026658,Hon. Marjorie Taylor Greene,iShares Bitcoin Trust ETF,IBIT,ST,P,2025-01-08,1001.0,15000.0,"$1,001 - $15,000",,4,https://disclosures-clerk.house.gov/public_disc/ptr-pdfs/2025/20026658.pdf,accepted
20026658,Hon. Marjorie Taylor Greene,Johnson & Johnson Common Stock,JNJ,ST,P,2025-01-08,1001.0,15000.0,"$1,001 - $15,000",,4,https://disclosures-clerk.house.gov/public_disc/ptr-pdfs/2025/20026658.pdf,accepted
20026658,Hon. Marjorie Taylor Greene,Johnson & Johnson Common Stock,JNJ,ST,P,2025-01-08,1001.0,15000.0,"$1,001 - $15,000",,4,https://disclosures-clerk.house.gov/public_disc/ptr-pdfs/2025/20026658.pdf,accepted
20026658,Hon. Marjorie Taylor Greene,Johnson & Johnson Common Stock,JNJ,ST,P,2025-01-08,1001.0,15000.0,"$1,001 - $15,000",,4,https://disclosures-clerk.house.gov/public_disc/ptr-pdfs/2025/20026658.pdf,accepted
20026658,Hon. Marjorie Taylor Greene,JP Morgan Chase & Co. Common Stock,JPM,ST,P,2025-01-08,1001.0,15000.0,"$1,001 - $15,000",,4,https://disclosures-clerk.house.gov/public_disc/ptr-pdfs/2025/20026658.pdf,accepted
20026658,Hon. Marjorie Taylor Greene,JP Morgan Chase & Co. Common Stock,JPM,ST,P,2025-01-08,1001.0,15000.0,"$1,001 - $15,000",,4,https://disclosures-clerk.house.gov/public_disc/ptr-pdfs/2025/20026658.pdf,accepted
20026658,Hon. Marjorie Taylor Greene,JP Morgan Chase & Co. Common Stock,JPM,ST,P,2025-01-08,1001.0,15000.0,"$1,001 - $15,000",,4,https://disclosures-clerk.house.gov/public_disc/ptr-pdfs/2025/20026658.pdf,accepted
20026658,Hon. Marjorie Taylor Greene,JP Morgan Chase & Co. Common Stock,JPM,ST,P,2025-01-08,1001.0,15000.0,"$1,001 - $15,000",,4,https://disclosures-clerk.house.gov/public_disc/ptr-pdfs/2025/20026658.pdf,accepted
20026658,Hon. Marjorie Taylor Greene,"Kinder Morgan, Inc. Common Stock",KMI,ST,P,2025-01-21,1001.0,15000.0,"$1,001 - $15,000",,4,https://disclosures-clerk.house.gov/public_disc/ptr-pdfs/2025/20026658.pdf,accepted
20026658,Hon. Marjorie Taylor Greene,"Meta Platforms, Inc. - Class A Common Stock",META,ST,P,2025-01-21,1001.0,15000.0,"$1,001 - $15,000",,4,https://disclosures-clerk.house.gov/public_disc/ptr-pdfs/2025/20026658.pdf,accepted
20026658,Hon. Marjorie Taylor Greene,"NextEra Energy, Inc. Common Stock",NEE,ST,P,2025-01-21,1001.0,15000.0,"$1,001 - $15,000",,5,https://disclosures-clerk.house.gov/public_disc/ptr-pdfs/2025/20026658.pdf,accepted
20026658,Hon. Marjorie Taylor Greene,Norfolk Southern Corporation Common Stock,NSC,ST,P,2025-01-21,1001.0,15000.0,"$1,001 - $15,000",,5,https://disclosures-clerk.house.gov/public_disc/ptr-pdfs/2025/20026658.pdf,accepted
20026658,Hon. Marjorie Taylor Greene,NVIDIA Corporation - Common Stock,NVDA,ST,P,2025-01-21,1001.0,15000.0,"$1,001 - $15,000",,5,https://disclosures-clerk.house.gov/public_disc/ptr-pdfs/2025/20026658.pdf,accepted
20026658,Hon. Marjorie Taylor Greene,NVIDIA Corporation - Common Stock,NVDA,ST,P,2025-01-08,1001.0,15000.0,"$1,001 - $15,000",,5,https://disclosures-clerk.house.gov/public_disc/ptr-pdfs/2025/20026658.pdf,accepted
20026658,Hon. Marjorie Taylor Greene,Occidental Petroleum Corporation Common Stock,OXY,ST,P,2025-01-21,1001.0,15000.0,"$1,001 - $15,000",,5,https://disclosures-clerk.house.gov/public_disc/ptr-pdfs/2025/20026658.pdf,accepted
20026658,Hon. Marjorie Taylor Greene,"Old Dominion Freight Line, Inc. - Common Stock",ODFL,ST,P,2025-01-21,1001.0,15000.0,"$1,001 - $15,000",,5,https://disclosures-clerk.house.gov/public_disc/ptr-pdfs/2025/20026658.pdf,accepted
20026658,Hon. Marjorie Taylor Greene,"Palo Alto Networks, Inc.",PANW,ST,P,2025-01-21,1001.0,15000.0,"$1,001 - $15,000",,5,https://disclosures-clerk.house.gov/public_disc/ptr-pdfs/2025/20026658.pdf,accepted
20026658,Hon. Marjorie Taylor Greene,"Palo Alto Networks, Inc.",PANW,ST,P,2025-01-08,1001.0,15000.0,"$1,001 - $15,000",,5,https://disclosures-clerk.house.gov/public_disc/ptr-pdfs/2025/20026658.pdf,accepted
20026658,Hon. Marjorie Taylor Greene,"Palo Alto Networks, Inc.",PANW,ST,P,2025-01-08,1001.0,15000.0,"$1,001 - $15,000",,5,https://disclosures-clerk.house.gov/public_disc/ptr-pdfs/2025/20026658.pdf,accepted
20026658,Hon. Marjorie Taylor Greene,Southern Copper Corporation Common Stock,SCCO,ST,P,2025-01-08,1001.0,15000.0,"$1,001 - $15,000",,5,https://disclosures-clerk.house.gov/public_disc/ptr-pdfs/2025/20026658.pdf,accepted
20026658,Hon. Marjorie Taylor Greene,"Tesla, Inc. - Common Stock",TSLA,ST,P,2025-01-08,1001.0,15000.0,"$1,001 - $15,000",,5,https://disclosures-clerk.house.gov/public_disc/ptr-pdfs/2025/20026658.pdf,accepted
20026658,Hon. Marjorie Taylor Greene,"Tesla, Inc. - Common Stock",TSLA,ST,P,2025-01-08,1001.0,15000.0,"$1,001 - $15,000",,6,https://disclosures-clerk.house.gov/public_disc/ptr-pdfs/2025/20026658.pdf,accepted
20026658,Hon. Marjorie Taylor Greene,"Tesla, Inc. - Common Stock",TSLA,ST,P,2025-01-08,1001.0,15000.0,"$1,001 - $15,000",,6,https://disclosures-clerk.house.gov/public_disc/ptr-pdfs/2025/20026658.pdf,accepted
20026658,Hon. Marjorie Taylor Greene,"Tesla, Inc. - Common Stock",TSLA,ST,P,2025-01-08,1001.0,15000.0,"$1,001 - $15,000",,6,https://disclosures-clerk.house.gov/public_disc/ptr-pdfs/2025/20026658.pdf,accepted
20026658,Hon. Marjorie Taylor Greene,The Hershey Company Common Stock,HSY,ST,P,2025-01-08,1001.0,15000.0,"$1,001 - $15,000",,6,https://disclosures-clerk.house.gov/public_disc/ptr-pdfs/2025/20026658.pdf,accepted
20026658,Hon. Marjorie Taylor Greene,"United Parcel Service, Inc. Common Stock",UPS,ST,P,2025-01-08,1001.0,15000.0,"$1,001 - $15,000",,6,https://disclosures-clerk.house.gov/public_disc/ptr-pdfs/2025/20026658.pdf,accepted
20026658,Hon. Marjorie Taylor Greene,"United Parcel Service, Inc. Common Stock",UPS,ST,P,2025-01-08,1001.0,15000.0,"$1,001 - $15,000",,6,https://disclosures-clerk.house.gov/public_disc/ptr-pdfs/2025/20026658.pdf,accepted
20026658,Hon. Marjorie Taylor Greene,Visa Inc.,V,ST,P,2025-01-21,1001.0,15000.0,"$1,001 - $15,000",,6,https://disclosures-clerk.house.gov/public_disc/ptr-pdfs/2025/20026658.pdf,accepted
20026712,Hon. Byron Donalds,"First Citizens BancShares, Inc. - Class A Common Stock",FCNCA,ST,P,2025-01-21,1001.0,15000.0,"$1,001 - $15,000",,1,https://disclosures-clerk.house.gov/public_disc/ptr-pdfs/2025/20026712.pdf,accepted
20026712,Hon. Byron Donalds,"First Citizens BancShares, Inc. - Class A Common Stock",FCNCA,ST,P,2025-01-21,1001.0,15000.0,"$1,001 - $15,000",,1,https://disclosures-clerk.house.gov/public_disc/ptr-pdfs/2025/20026712.pdf,accepted
20026712,Hon. Byron Donalds,"First Citizens BancShares, Inc. - Class A Common Stock",FCNCA,ST,P,2025-01-16,1001.0,15000.0,"$1,001 - $15,000",,1,https://disclosures-clerk.house.gov/public_disc/ptr-pdfs/2025/20026712.pdf,accepted
20026712,Hon. Byron Donalds,GoDaddy Inc. Class A Common Stock,GDDY,ST,P,2025-01-16,1001.0,15000.0,"$1,001 - $15,000",,1,https://disclosures-clerk.house.gov/public_disc/ptr-pdfs/2025/20026712.pdf,accepted
20026712,Hon. Byron Donalds,GoDaddy Inc. Class A Common Stock,GDDY,ST,P,2025-01-16,1001.0,15000.0,"$1,001 - $15,000",,1,https://disclosures-clerk.house.gov/public_disc/ptr-pdfs/2025/20026712.pdf,accepted
20026712,Hon. Byron Donalds,GoDaddy Inc. Class A Common Stock,GDDY,ST,P,2025-01-21,1001.0,15000.0,"$1,001 - $15,000",,1,https://disclosures-clerk.house.gov/public_disc/ptr-pdfs/2025/20026712.pdf,accepted
20026712,Hon. Byron Donalds,GoDaddy Inc. Class A Common Stock,GDDY,ST,P,2025-01-21,1001.0,15000.0,"$1,001 - $15,000",,2,https://disclosures-clerk.house.gov/public_disc/ptr-pdfs/2025/20026712.pdf,accepted
20026726,Hon. Gilbert Cisneros,"Agios Pharmaceuticals, Inc. - Common Stock",AGIO,ST,P,2025-01-29,1001.0,15000.0,"$1,001 - $15,000",,1,https://disclosures-clerk.house.gov/public_disc/ptr-pdfs/2025/20026726.pdf,accepted
20026726,Hon. Gilbert Cisneros,APi Group Corporation Common Stock,APG,ST,P,2025-01-07,1001.0,15000.0,"$1,001 - $15,000",,1,https://disclosures-clerk.house.gov/public_disc/ptr-pdfs/2025/20026726.pdf,accepted
20026726,Hon. Gilbert Cisneros,"CACI International, Inc. Class A Common Stock",CACI,ST,P,2025-01-31,15001.0,50000.0,"$15,001 - $50,000",,2,https://disclosures-clerk.house.gov/public_disc/ptr-pdfs/2025/20026726.pdf,accepted
20026726,Hon. Gilbert Cisneros,CarMax Inc,KMX,ST,P,2025-01-13,1001.0,15000.0,"$1,001 - $15,000",,2,https://disclosures-clerk.house.gov/public_disc/ptr-pdfs/2025/20026726.pdf,accepted
20026726,Hon. Gilbert Cisneros,"Crinetics Pharmaceuticals, Inc. - Common Stock",CRNX,ST,P,2025-01-29,1001.0,15000.0,"$1,001 - $15,000",,2,https://disclosures-clerk.house.gov/public_disc/ptr-pdfs/2025/20026726.pdf,accepted
20026726,Hon. Gilbert Cisneros,Crown Castle Inc. Common Stock,CCI,ST,P,2025-01-24,1001.0,15000.0,"$1,001 - $15,000",,2,https://disclosures-clerk.house.gov/public_disc/ptr-pdfs/2025/20026726.pdf,accepted
20026726,Hon. Gilbert Cisneros,CVS Health Corporation Common Stock,CVS,ST,P,2025-01-24,1001.0,15000.0,"$1,001 - $15,000",,2,https://disclosures-clerk.house.gov/public_disc/ptr-pdfs/2025/20026726.pdf,accepted
20026726,Hon. Gilbert Cisneros,Ferguson Enterprises Inc. Common Stock,FERG,ST,P,2025-01-07,1001.0,15000.0,"$1,001 - $15,000",,3,https://disclosures-clerk.house.gov/public_disc/ptr-pdfs/2025/20026726.pdf,accepted
20026726,Hon. Gilbert Cisneros,Ford Motor Company Common Stock,F,ST,P,2025-01-24,1001.0,15000.0,"$1,001 - $15,000",,3,https://disclosures-clerk.house.gov/public_disc/ptr-pdfs/2025/20026726.pdf,accepted
20026726,Hon. Gilbert Cisneros,Fortive Corporation Common Stock,FTV,ST,P,2025-01-07,1001.0,15000.0,"$1,001 - $15,000",,3,https://disclosures-clerk.house.gov/public_disc/ptr-pdfs/2025/20026726.pdf,accepted
20026726,Hon. Gilbert Cisneros,"Hawaiian Electric Industries, Inc. Common Stock",HE,ST,P,2025-01-31,50001.0,100000.0,"$50,001 - $100,000",,3,https://disclosures-clerk.house.gov/public_disc/ptr-pdfs/2025/20026726.pdf,accepted
20026726,Hon. Gilbert Cisneros,"Intuitive Surgical, Inc. - Common Stock",ISRG,ST,P,2025-01-30,1001.0,15000.0,"$1,001 - $15,000",,4,https://disclosures-clerk.house.gov/public_disc/ptr-pdfs/2025/20026726.pdf,accepted
20026726,Hon. Gilbert Cisneros,Kellanova Common Stock,K,ST,P,2025-01-24,1001.0,15000.0,"$1,001 - $15,000",,4,https://disclosures-clerk.house.gov/public_disc/ptr-pdfs/2025/20026726.pdf,accepted
20026726,Hon. Gilbert Cisneros,"Lantheus Holdings, Inc. - Common Stock",LNTH,ST,P,2025-01-28,1001.0,15000.0,"$1,001 - $15,000",,4,https://disclosures-clerk.house.gov/public_disc/ptr-pdfs/2025/20026726.pdf,accepted
20026726,Hon. Gilbert Cisneros,"Lantheus Holdings, Inc. - Common Stock",LNTH,ST,P,2025-01-13,1001.0,15000.0,"$1,001 - $15,000",,4,https://disclosures-clerk.house.gov/public_disc/ptr-pdfs/2025/20026726.pdf,accepted
20026726,Hon. Gilbert Cisneros,"Lantheus Holdings, Inc. - Common Stock",LNTH,ST,P,2025-01-07,1001.0,15000.0,"$1,001 - $15,000",,4,https://disclosures-clerk.house.gov/public_disc/ptr-pdfs/2025/20026726.pdf,accepted
20026726,Hon. Gilbert Cisneros,"Lantheus Holdings, Inc. - Common Stock",LNTH,ST,P,2025-01-08,1001.0,15000.0,"$1,001 - $15,000",,4,https://disclosures-clerk.house.gov/public_disc/ptr-pdfs/2025/20026726.pdf,accepted
20026726,Hon. Gilbert Cisneros,Microsoft Corporation - Common Stock,MSFT,ST,P,2025-01-24,1001.0,15000.0,"$1,001 - $15,000",,5,https://disclosures-clerk.house.gov/public_disc/ptr-pdfs/2025/20026726.pdf,accepted
20026726,Hon. Gilbert Cisneros,Palantir Technologies Inc. - Class A Common Stock,PLTR,ST,P,2025-01-24,1001.0,15000.0,"$1,001 - $15,000",,5,https://disclosures-clerk.house.gov/public_disc/ptr-pdfs/2025/20026726.pdf,accepted
20026726,Hon. Gilbert Cisneros,PAR Technology Corporation Common Stock,PAR,ST,P,2025-01-22,1001.0,15000.0,"$1,001 - $15,000",,5,https://disclosures-clerk.house.gov/public_disc/ptr-pdfs/2025/20026726.pdf,accepted
20026726,Hon. Gilbert Cisneros,"Paragon 28, Inc. Common Stock",FNA,ST,P,2025-01-29,1001.0,15000.0,"$1,001 - $15,000",,5,https://disclosures-clerk.house.gov/public_disc/ptr-pdfs/2025/20026726.pdf,accepted
20026726,Hon. Gilbert Cisneros,Southwest Airlines Company Common Stock,LUV,ST,P,2025-01-24,1001.0,15000.0,"$1,001 - $15,000",,6,https://disclosures-clerk.house.gov/public_disc/ptr-pdfs/2025/20026726.pdf,accepted
20026726,Hon. Gilbert Cisneros,"SpringWorks Therapeutics, Inc. - common stock",SWTX,ST,P,2025-01-29,1001.0,15000.0,"$1,001 - $15,000",,6,https://disclosures-clerk.house.gov/public_disc/ptr-pdfs/2025/20026726.pdf,accepted
20026726,Hon. Gilbert Cisneros,"U.S. Physical Therapy, Inc. Common Stock",USPH,ST,P,2025-01-29,1001.0,15000.0,"$1,001 - $15,000",,6,https://disclosures-clerk.house.gov/public_disc/ptr-pdfs/2025/20026726.pdf,accepted
20026726,Hon. Gilbert Cisneros,UnitedHealth Group Incorporated Common Stock,UNH,ST,P,2025-01-24,15001.0,50000.0,"$15,001 - $50,000",,6,https://disclosures-clerk.house.gov/public_disc/ptr-pdfs/2025/20026726.pdf,accepted
20026726,Hon. Gilbert Cisneros,"Walgreens Boots Alliance, Inc.",WBA,ST,P,2025-01-24,1001.0,15000.0,"$1,001 - $15,000",,6,https://disclosures-clerk.house.gov/public_disc/ptr-pdfs/2025/20026726.pdf,accepted
20026726,Hon. Gilbert Cisneros,Willis Towers Watson Public Limited Company - Ordinary Shares,WTW,ST,P,2025-01-28,1001.0,15000.0,"$1,001 - $15,000",,7,https://disclosures-clerk.house.gov/public_disc/ptr-pdfs/2025/20026726.pdf,accepted
20026726,Hon. Gilbert Cisneros,Willis Towers Watson Public Limited Company - Ordinary Shares,WTW,ST,P,2025-01-13,15001.0,50000.0,"$15,001 - $50,000",,7,https://disclosures-clerk.house.gov/public_disc/ptr-pdfs/2025/20026726.pdf,accepted
20026727,Hon. Richard W. Allen,"AutoZone, Inc. Common Stock",AZO,ST,P,2025-01-17,15001.0,50000.0,"$15,001 - $50,000",,1,https://disclosures-clerk.house.gov/public_disc/ptr-pdfs/2025/20026727.pdf,accepted
20026731,Hon. Jared Moskowitz,AbbVie Inc. Common Stock,ABBV,ST,P,2025-01-15,1001.0,15000.0,"$1,001 - $15,000",,1,https://disclosures-clerk.house.gov/public_disc/ptr-pdfs/2025/20026731.pdf,accepted
20026731,Hon. Jared Moskowitz,AbbVie Inc. Common Stock,ABBV,ST,P,2025-01-15,1001.0,15000.0,"$1,001 - $15,000",,1,https://disclosures-clerk.house.gov/public_disc/ptr-pdfs/2025/20026731.pdf,accepted
20026731,Hon. Jared Moskowitz,"Goldman Sachs Group, Inc.",GS,ST,P,2025-01-15,1001.0,15000.0,"$1,001 - $15,000",,2,https://disclosures-clerk.house.gov/public_disc/ptr-pdfs/2025/20026731.pdf,accepted
20026731,Hon. Jared Moskowitz,"Goldman Sachs Group, Inc.",GS,ST,P,2025-01-15,1001.0,15000.0,"$1,001 - $15,000",,2,https://disclosures-clerk.house.gov/public_disc/ptr-pdfs/2025/20026731.pdf,accepted
20026731,Hon. Jared Moskowitz,"Goldman Sachs Group, Inc.",GS,ST,P,2025-01-15,1001.0,15000.0,"$1,001 - $15,000",,2,https://disclosures-clerk.house.gov/public_disc/ptr-pdfs/2025/20026731.pdf,accepted
20026731,Hon. Jared Moskowitz,McKesson Corporation Common Stock,MCK,ST,P,2025-01-15,1001.0,15000.0,"$1,001 - $15,000",,2,https://disclosures-clerk.house.gov/public_disc/ptr-pdfs/2025/20026731.pdf,accepted
20026731,Hon. Jared Moskowitz,McKesson Corporation Common Stock,MCK,ST,P,2025-01-15,1001.0,15000.0,"$1,001 - $15,000",,2,https://disclosures-clerk.house.gov/public_disc/ptr-pdfs/2025/20026731.pdf,accepted
20026731,Hon. Jared Moskowitz,Stryker Corporation Common Stock,SYK,ST,P,2025-01-15,1001.0,15000.0,"$1,001 - $15,000",,3,https://disclosures-clerk.house.gov/public_disc/ptr-pdfs/2025/20026731.pdf,accepted
20026731,Hon. Jared Moskowitz,Stryker Corporation Common Stock,SYK,ST,P,2025-01-15,1001.0,15000.0,"$1,001 - $15,000",,3,https://disclosures-clerk.house.gov/public_disc/ptr-pdfs/2025/20026731.pdf,accepted
20026732,Hon. Josh Gottheimer,3M Company Common Stock,MMM,ST,P,2025-01-30,1001.0,15000.0,"$1,001 - $15,000",,1,https://disclosures-clerk.house.gov/public_disc/ptr-pdfs/2025/20026732.pdf,accepted
20026732,Hon. Josh Gottheimer,3M Company Common Stock,MMM,ST,P,2025-01-21,1001.0,15000.0,"$1,001 - $15,000",,1,https://disclosures-clerk.house.gov/public_disc/ptr-pdfs/2025/20026732.pdf,accepted
20026732,Hon. Josh Gottheimer,Abbott Laboratories Common Stock,ABT,ST,P,2025-01-29,1001.0,15000.0,"$1,001 - $15,000",,1,https://disclosures-clerk.house.gov/public_disc/ptr-pdfs/2025/20026732.pdf,accepted
20026732,Hon. Josh Gottheimer,Abbott Laboratories Common Stock,ABT,ST,P,2025-01-28,1001.0,15000.0,"$1,001 - $15,000",,1,https://disclosures-clerk.house.gov/public_disc/ptr-pdfs/2025/20026732.pdf,accepted
20026732,Hon. Josh Gottheimer,Alibaba Group Holding Limited American Depositary Shares each representing eight Ordinary share,BABA,ST,P,2025-01-31,1001.0,15000.0,"$1,001 - $15,000",,1,https://disclosures-clerk.house.gov/public_disc/ptr-pdfs/2025/20026732.pdf,accepted
20026732,Hon. Josh Gottheimer,Alibaba Group Holding Limited American Depositary Shares each representing eight Ordinary share,BABA,ST,P,2025-01-16,1001.0,15000.0,"$1,001 - $15,000",,1,https://disclosures-clerk.house.gov/public_disc/ptr-pdfs/2025/20026732.pdf,accepted
20026732,Hon. Josh Gottheimer,Ambev S.A. American Depositary Shares,ABEV,ST,P,2025-01-27,1001.0,15000.0,"$1,001 - $15,000",,2,https://disclosures-clerk.house.gov/public_disc/ptr-pdfs/2025/20026732.pdf,accepted
20026732,Hon. Josh Gottheimer,Berkshire Hathaway Inc. New Common Stock,BRK.B,ST,P,2025-01-16,1001.0,15000.0,"$1,001 - $15,000",,2,https://disclosures-clerk.house.gov/public_disc/ptr-pdfs/2025/20026732.pdf,accepted
20026732,Hon. Josh Gottheimer,"Cadre Holdings, Inc. Common Stock",CDRE,ST,P,2025-01-27,1001.0,15000.0,"$1,001 - $15,000",,2,https://disclosures-clerk.house.gov/public_disc/ptr-pdfs/2025/20026732.pdf,accepted
20026732,Hon. Josh Gottheimer,Coca-Cola Company,KO,ST,P,2025-01-16,1001.0,15000.0,"$1,001 - $15,000",,2,https://disclosures-clerk.house.gov/public_disc/ptr-pdfs/2025/20026732.pdf,accepted
20026732,Hon. Josh Gottheimer,Coca-Cola Company,KO,ST,P,2025-01-21,1001.0,15000.0,"$1,001 - $15,000",,3,https://disclosures-clerk.house.gov/public_disc/ptr-pdfs/2025/20026732.pdf,accepted
20026732,Hon. Josh Gottheimer,COLOPLAST AS SP/ADR,CLPBY,ST,P,2025-01-27,1001.0,15000.0,"$1,001 - $15,000",,3,https://disclosures-clerk.house.gov/public_disc/ptr-pdfs/2025/20026732.pdf,accepted
20026732,Hon. Josh Gottheimer,Corning Incorporated Common Stock,GLW,ST,P,2025-01-30,1001.0,15000.0,"$1,001 - $15,000",,3,https://disclosures-clerk.house.gov/public_disc/ptr-pdfs/2025/20026732.pdf,accepted
20026732,Hon. Josh Gottheimer,Corning Incorporated Common Stock,GLW,ST,P,2025-01-27,1001.0,15000.0,"$1,001 - $15,000",,3,https://disclosures-clerk.house.gov/public_disc/ptr-pdfs/2025/20026732.pdf,accepted
20026732,Hon. Josh Gottheimer,"D.R. Horton, Inc. Common Stock",DHI,ST,P,2025-01-16,1001.0,15000.0,"$1,001 - $15,000",,3,https://disclosures-clerk.house.gov/public_disc/ptr-pdfs/2025/20026732.pdf,accepted
20026732,Hon. Josh Gottheimer,"Dominion Energy, Inc. Common Stock",D,ST,P,2025-01-16,1001.0,15000.0,"$1,001 - $15,000",,3,https://disclosures-clerk.house.gov/public_disc/ptr-pdfs/2025/20026732.pdf,accepted
20026732,Hon. Josh Gottheimer,Genmab A/S - American Depositary Shares,GMAB,ST,P,2025-01-16,1001.0,15000.0,"$1,001 - $15,000",,4,https://disclosures-clerk.house.gov/public_disc/ptr-pdfs/2025/20026732.pdf,accepted
20026732,Hon. Josh Gottheimer,"Grupo Financiero Banorte, S.A.B. De C.V Sponsored ADR",GBOOY,ST,P,2025-01-27,1001.0,15000.0,"$1,001 - $15,000",,4,https://disclosures-clerk.house.gov/public_disc/ptr-pdfs/2025/20026732.pdf,accepted
20026732,Hon. Josh Gottheimer,Johnson & Johnson Common Stock,JNJ,ST,P,2025-01-16,1001.0,15000.0,"$1,001 - $15,000",,5,https://disclosures-clerk.house.gov/public_disc/ptr-pdfs/2025/20026732.pdf,accepted
20026732,Hon. Josh Gottheimer,Johnson & Johnson Common Stock,JNJ,ST,P,2025-01-24,1001.0,15000.0,"$1,001 - $15,000",,5,https://disclosures-clerk.house.gov/public_disc/ptr-pdfs/2025/20026732.pdf,accepted
20026732,Hon. Josh Gottheimer,Johnson & Johnson Common Stock,JNJ,ST,P,2025-01-21,1001.0,15000.0,"$1,001 - $15,000",,5,https://disclosures-clerk.house.gov/public_disc/ptr-pdfs/2025/20026732.pdf,accepted
20026732,Hon. Josh Gottheimer,Mastercard Incorporated Common Stock,MA,ST,P,2025-01-30,1001.0,15000.0,"$1,001 - $15,000",,5,https://disclosures-clerk.house.gov/public_disc/ptr-pdfs/2025/20026732.pdf,accepted
20026732,Hon. Josh Gottheimer,Mastercard Incorporated Common Stock,MA,ST,P,2025-01-31,1001.0,15000.0,"$1,001 - $15,000",,5,https://disclosures-clerk.house.gov/public_disc/ptr-pdfs/2025/20026732.pdf,accepted
20026732,Hon. Josh Gottheimer,NESTLE S.A S/ADR,NSRGY,ST,P,2025-01-16,1001.0,15000.0,"$1,001 - $15,000",,6,https://disclosures-clerk.house.gov/public_disc/ptr-pdfs/2025/20026732.pdf,accepted
20026732,Hon. Josh Gottheimer,PAR Technology Corporation Common Stock,PAR,ST,P,2025-01-17,1001.0,15000.0,"$1,001 - $15,000",,7,https://disclosures-clerk.house.gov/public_disc/ptr-pdfs/2025/20026732.pdf,accepted
20026732,Hon. Josh Gottheimer,"PT Telekomunikasi Indonesia, Tbk",TLK,ST,P,2025-01-16,1001.0,15000.0,"$1,001 - $15,000",,7,https://disclosures-clerk.house.gov/public_disc/ptr-pdfs/2025/20026732.pdf,accepted
20026732,Hon. Josh Gottheimer,"Salesforce, Inc. Common Stock",CRM,ST,P,2025-01-29,1001.0,15000.0,"$1,001 - $15,000",,8,https://disclosures-clerk.house.gov/public_disc/ptr-pdfs/2025/20026732.pdf,accepted
20026732,Hon. Josh Gottheimer,Shell PLC American Depositary Shares,SHEL,ST,P,2025-01-16,1001.0,15000.0,"$1,001 - $15,000",,8,https://disclosures-clerk.house.gov/public_disc/ptr-pdfs/2025/20026732.pdf,accepted
20026732,Hon. Josh Gottheimer,TE Connectivity plc Ordinary Shares,TEL,ST,P,2025-01-23,1001.0,15000.0,"$1,001 - $15,000",,8,https://disclosures-clerk.house.gov/public_disc/ptr-pdfs/2025/20026732.pdf,accepted
20026732,Hon. Josh Gottheimer,"Tesla, Inc. - Common Stock",TSLA,ST,P,2025-01-28,1001.0,15000.0,"$1,001 - $15,000",,8,https://disclosures-clerk.house.gov/public_disc/ptr-pdfs/2025/20026732.pdf,accepted
20026732,Hon. Josh Gottheimer,"Tesla, Inc. - Common Stock",TSLA,ST,P,2025-01-31,1001.0,15000.0,"$1,001 - $15,000",,8,https://disclosures-clerk.house.gov/public_disc/ptr-pdfs/2025/20026732.pdf,accepted
20026732,Hon. Josh Gottheimer,"Tesla, Inc. - Common Stock",TSLA,ST,P,2025-01-30,1001.0,15000.0,"$1,001 - $15,000",,8,https://disclosures-clerk.house.gov/public_disc/ptr-pdfs/2025/20026732.pdf,accepted
20026732,Hon. Josh Gottheimer,Twilio Inc. Class A Common Stock,TWLO,ST,P,2025-01-31,1001.0,15000.0,"$1,001 - $15,000",,9,https://disclosures-clerk.house.gov/public_disc/ptr-pdfs/2025/20026732.pdf,accepted
20026732,Hon. Josh Gottheimer,UNICHARM CORP S/ADR,UNICY,ST,P,2025-01-16,1001.0,15000.0,"$1,001 - $15,000",,9,https://disclosures-clerk.house.gov/public_disc/ptr-pdfs/2025/20026732.pdf,accepted
20026732,Hon. Josh Gottheimer,Union Pacific Corporation Common Stock,UNP,ST,P,2025-01-29,1001.0,15000.0,"$1,001 - $15,000",,9,https://disclosures-clerk.house.gov/public_disc/ptr-pdfs/2025/20026732.pdf,accepted
20026732,Hon. Josh Gottheimer,Visa Inc.,V,ST,P,2025-01-28,1001.0,15000.0,"$1,001 - $15,000",,9,https://disclosures-clerk.house.gov/public_disc/ptr-pdfs/2025/20026732.pdf,accepted
20026732,Hon. Josh Gottheimer,Visa Inc.,V,ST,P,2025-01-30,1001.0,15000.0,"$1,001 - $15,000",,9,https://disclosures-clerk.house.gov/public_disc/ptr-pdfs/2025/20026732.pdf,accepted
20026732,Hon. Josh Gottheimer,Visa Inc.,V,ST,P,2025-01-31,1001.0,15000.0,"$1,001 - $15,000",,9,https://disclosures-clerk.house.gov/public_disc/ptr-pdfs/2025/20026732.pdf,accepted
20026732,Hon. Josh Gottheimer,Visa Inc.,V,ST,P,2025-01-23,1001.0,15000.0,"$1,001 - $15,000",,9,https://disclosures-clerk.house.gov/public_disc/ptr-pdfs/2025/20026732.pdf,accepted
20026732,Hon. Josh Gottheimer,Visa Inc.,V,ST,P,2025-01-24,1001.0,15000.0,"$1,001 - $15,000",,10,https://disclosures-clerk.house.gov/public_disc/ptr-pdfs/2025/20026732.pdf,accepted
20026732,Hon. Josh Gottheimer,Walmart Inc. Common Stock,WMT,ST,P,2025-01-22,1001.0,15000.0,"$1,001 - $15,000",,10,https://disclosures-clerk.house.gov/public_disc/ptr-pdfs/2025/20026732.pdf,accepted
20026750,Hon. James Comer,"Marvell Technology, Inc. - Common Stock",MRVL,ST,P,2025-01-21,1001.0,15000.0,"$1,001 - $15,000",,1,https://disclosures-clerk.house.gov/public_disc/ptr-pdfs/2025/20026750.pdf,accepted
20026750,Hon. James Comer,Palantir Technologies Inc. - Class A Common Stock,PLTR,ST,P,2025-01-21,1001.0,15000.0,"$1,001 - $15,000",,1,https://disclosures-clerk.house.gov/public_disc/ptr-pdfs/2025/20026750.pdf,accepted
20026754,Hon. Victoria Spartz,"Simon Property Group, Inc. Common Stock",SPG,ST,P,2025-02-03,15001.0,50000.0,"$15,001 - $50,000",,1,https://disclosures-clerk.house.gov/public_disc/ptr-pdfs/2025/20026754.pdf,accepted
20026762,Hon. Julie Johnson,Boeing Company,BA,ST,P,2025-01-15,1001.0,15000.0,"$1,001 - $15,000",,1,https://disclosures-clerk.house.gov/public_disc/ptr-pdfs/2025/20026762.pdf,accepted
20026762,Hon. Julie Johnson,Bristol-Myers Squibb Company Common Stock,BMY,ST,P,2025-01-15,1001.0,15000.0,"$1,001 - $15,000",,1,https://disclosures-clerk.house.gov/public_disc/ptr-pdfs/2025/20026762.pdf,accepted
20026762,Hon. Julie Johnson,"Charles River Laboratories International, Inc. Common Stock",CRL,ST,P,2025-01-15,1001.0,15000.0,"$1,001 - $15,000",,1,https://disclosures-clerk.house.gov/public_disc/ptr-pdfs/2025/20026762.pdf,accepted
20026762,Hon. Julie Johnson,ConocoPhillips Common Stock,COP,ST,P,2025-01-15,1001.0,15000.0,"$1,001 - $15,000",,2,https://disclosures-clerk.house.gov/public_disc/ptr-pdfs/2025/20026762.pdf,accepted
20026762,Hon. Julie Johnson,Dollar General Corporation Common Stock,DG,ST,P,2025-01-15,1001.0,15000.0,"$1,001 - $15,000",,2,https://disclosures-clerk.house.gov/public_disc/ptr-pdfs/2025/20026762.pdf,accepted
20026762,Hon. Julie Johnson,"Dollar Tree, Inc. - Common Stock",DLTR,ST,P,2025-01-15,1001.0,15000.0,"$1,001 - $15,000",,3,https://disclosures-clerk.house.gov/public_disc/ptr-pdfs/2025/20026762.pdf,accepted
20026762,Hon. Julie Johnson,Dow Inc. Common Stock,DOW,ST,P,2025-01-15,1001.0,15000.0,"$1,001 - $15,000",,3,https://disclosures-clerk.house.gov/public_disc/ptr-pdfs/2025/20026762.pdf,accepted
20026762,Hon. Julie Johnson,"Enphase Energy, Inc. - Common Stock",ENPH,ST,P,2025-01-15,1001.0,15000.0,"$1,001 - $15,000",,3,https://disclosures-clerk.house.gov/public_disc/ptr-pdfs/2025/20026762.pdf,accepted
20026762,Hon. Julie Johnson,"Estee Lauder Companies, Inc.",EL,ST,P,2025-01-15,1001.0,15000.0,"$1,001 - $15,000",,3,https://disclosures-clerk.house.gov/public_disc/ptr-pdfs/2025/20026762.pdf,accepted
20026762,Hon. Julie Johnson,Eversource Energy,ES,ST,P,2025-01-15,1001.0,15000.0,"$1,001 - $15,000",,3,https://disclosures-clerk.house.gov/public_disc/ptr-pdfs/2025/20026762.pdf,accepted
20026762,Hon. Julie Johnson,"Goldman Sachs Group, Inc.",GS,ST,P,2025-01-24,1001.0,15000.0,"$1,001 - $15,000",,3,https://disclosures-clerk.house.gov/public_disc/ptr-pdfs/2025/20026762.pdf,accepted
20026762,Hon. Julie Johnson,"Hasbro, Inc. - Common Stock",HAS,ST,P,2025-01-15,1001.0,15000.0,"$1,001 - $15,000",,3,https://disclosures-clerk.house.gov/public_disc/ptr-pdfs/2025/20026762.pdf,accepted
20026762,Hon. Julie Johnson,"Juniper Networks, Inc. Common Stock",JNPR,ST,P,2025-01-15,1001.0,15000.0,"$1,001 - $15,000",,3,https://disclosures-clerk.house.gov/public_disc/ptr-pdfs/2025/20026762.pdf,accepted
20026762,Hon. Julie Johnson,"MarketAxess Holdings, Inc. - Common Stock",MKTX,ST,P,2025-01-15,1001.0,15000.0,"$1,001 - $15,000",,4,https://disclosures-clerk.house.gov/public_disc/ptr-pdfs/2025/20026762.pdf,accepted
20026762,Hon. Julie Johnson,"Merck & Company, Inc. Common Stock",MRK,ST,P,2025-01-17,1001.0,15000.0,"$1,001 - $15,000",,4,https://disclosures-clerk.house.gov/public_disc/ptr-pdfs/2025/20026762.pdf,accepted
20026762,Hon. Julie Johnson,MSCI Inc. Common Stock,MSCI,ST,P,2025-01-15,1001.0,15000.0,"$1,001 - $15,000",,4,https://disclosures-clerk.house.gov/public_disc/ptr-pdfs/2025/20026762.pdf,accepted
20026762,Hon. Julie Johnson,"NextEra Energy, Inc. Common Stock",NEE,ST,P,2025-01-15,1001.0,15000.0,"$1,001 - $15,000",,4,https://disclosures-clerk.house.gov/public_disc/ptr-pdfs/2025/20026762.pdf,accepted
20026762,Hon. Julie Johnson,Palantir Technologies Inc. - Class A Common Stock,PLTR,ST,P,2025-01-15,1001.0,15000.0,"$1,001 - $15,000",,4,https://disclosures-clerk.house.gov/public_disc/ptr-pdfs/2025/20026762.pdf,accepted
20026762,Hon. Julie Johnson,"Pepsico, Inc.",PEP,ST,P,2025-01-15,1001.0,15000.0,"$1,001 - $15,000",,5,https://disclosures-clerk.house.gov/public_disc/ptr-pdfs/2025/20026762.pdf,accepted
20026762,Hon. Julie Johnson,Progressive Corporation,PGR,ST,P,2025-01-24,1001.0,15000.0,"$1,001 - $15,000",,5,https://disclosures-clerk.house.gov/public_disc/ptr-pdfs/2025/20026762.pdf,accepted
20026762,Hon. Julie Johnson,"Regeneron Pharmaceuticals, Inc. - Common Stock",REGN,ST,P,2025-01-15,1001.0,15000.0,"$1,001 - $15,000",,5,https://disclosures-clerk.house.gov/public_disc/ptr-pdfs/2025/20026762.pdf,accepted
20026762,Hon. Julie Johnson,SBA Communications Corporation - Class A Common Stock,SBAC,ST,P,2025-01-15,1001.0,15000.0,"$1,001 - $15,000",,5,https://disclosures-clerk.house.gov/public_disc/ptr-pdfs/2025/20026762.pdf,accepted
20026762,Hon. Julie Johnson,"Super Micro Computer, Inc. - Common Stock",SMCI,ST,P,2025-01-15,1001.0,15000.0,"$1,001 - $15,000",,6,https://disclosures-clerk.house.gov/public_disc/ptr-pdfs/2025/20026762.pdf,accepted
20026762,Hon. Julie Johnson,The Cigna Group Common Stock,CI,ST,P,2025-01-15,1001.0,15000.0,"$1,001 - $15,000",,6,https://disclosures-clerk.house.gov/public_disc/ptr-pdfs/2025/20026762.pdf,accepted
20026762,Hon. Julie Johnson,The Hershey Company Common Stock,HSY,ST,P,2025-01-15,1001.0,15000.0,"$1,001 - $15,000",,6,https://disclosures-clerk.house.gov/public_disc/ptr-pdfs/2025/20026762.pdf,accepted
20026762,Hon. Julie Johnson,"Uber Technologies, Inc. Common Stock",UBER,ST,P,2025-01-15,1001.0,15000.0,"$1,001 - $15,000",,6,https://disclosures-clerk.house.gov/public_disc/ptr-pdfs/2025/20026762.pdf,accepted
20026762,Hon. Julie Johnson,"Walgreens Boots Alliance, Inc. - Common Stock",WBA,ST,P,2025-01-15,1001.0,15000.0,"$1,001 - $15,000",,6,https://disclosures-clerk.house.gov/public_disc/ptr-pdfs/2025/20026762.pdf,accepted
20026791,Hon. Marjorie Taylor Greene,Adobe Inc. - Common Stock,ADBE,ST,P,2025-02-12,1001.0,15000.0,"$1,001 - $15,000",,1,https://disclosures-clerk.house.gov/public_disc/ptr-pdfs/2025/20026791.pdf,accepted
20026791,Hon. Marjorie Taylor Greene,Apple Inc. - Common Stock,AAPL,ST,P,2025-02-12,1001.0,15000.0,"$1,001 - $15,000",,1,https://disclosures-clerk.house.gov/public_disc/ptr-pdfs/2025/20026791.pdf,accepted
20026791,Hon. Marjorie Taylor Greene,Devon Energy Corporation Common Stock,DVN,ST,P,2025-02-12,1001.0,15000.0,"$1,001 - $15,000",,1,https://disclosures-clerk.house.gov/public_disc/ptr-pdfs/2025/20026791.pdf,accepted
20026791,Hon. Marjorie Taylor Greene,"Goldman Sachs Group, Inc.",GS,ST,P,2025-02-12,1001.0,15000.0,"$1,001 - $15,000",,1,https://disclosures-clerk.house.gov/public_disc/ptr-pdfs/2025/20026791.pdf,accepted
20026791,Hon. Marjorie Taylor Greene,Intel Corporation - Common Stock,INTC,ST,P,2025-02-12,1001.0,15000.0,"$1,001 - $15,000",,1,https://disclosures-clerk.house.gov/public_disc/ptr-pdfs/2025/20026791.pdf,accepted
20026791,Hon. Marjorie Taylor Greene,"Meta Platforms, Inc. - Class A Common Stock",META,ST,P,2025-02-12,1001.0,15000.0,"$1,001 - $15,000",,1,https://disclosures-clerk.house.gov/public_disc/ptr-pdfs/2025/20026791.pdf,accepted
20026791,Hon. Marjorie Taylor Greene,Microsoft Corporation - Common Stock,MSFT,ST,P,2025-02-12,1001.0,15000.0,"$1,001 - $15,000",,1,https://disclosures-clerk.house.gov/public_disc/ptr-pdfs/2025/20026791.pdf,accepted
20026791,Hon. Marjorie Taylor Greene,Norfolk Southern Corporation Common Stock,NSC,ST,P,2025-02-12,1001.0,15000.0,"$1,001 - $15,000",,1,https://disclosures-clerk.house.gov/public_disc/ptr-pdfs/2025/20026791.pdf,accepted
20026791,Hon. Marjorie Taylor Greene,Palantir Technologies Inc. - Class A Common Stock,PLTR,ST,P,2025-02-12,1001.0,15000.0,"$1,001 - $15,000",,2,https://disclosures-clerk.house.gov/public_disc/ptr-pdfs/2025/20026791.pdf,accepted
20026791,Hon. Marjorie Taylor Greene,"United Parcel Service, Inc. Common Stock",UPS,ST,P,2025-02-12,1001.0,15000.0,"$1,001 - $15,000",,2,https://disclosures-clerk.house.gov/public_disc/ptr-pdfs/2025/20026791.pdf,accepted
20026796,Hon. Tim Moore,Ford Motor Company Common Stock,F,ST,P,2025-01-13,15001.0,50000.0,"$15,001 - $50,000",,2,https://disclosures-clerk.house.gov/public_disc/ptr-pdfs/2025/20026796.pdf,accepted
20026796,Hon. Tim Moore,Ford Motor Company Common Stock,F,ST,P,2025-01-08,15001.0,50000.0,"$15,001 - $50,000",,2,https://disclosures-clerk.house.gov/public_disc/ptr-pdfs/2025/20026796.pdf,accepted
20026796,Hon. Tim Moore,Ford Motor Company Common Stock,F,ST,P,2025-01-06,15001.0,50000.0,"$15,001 - $50,000",,2,https://disclosures-clerk.house.gov/public_disc/ptr-pdfs/2025/20026796.pdf,accepted
20026796,Hon. Tim Moore,Ford Motor Company Common Stock,F,ST,P,2025-01-03,50001.0,100000.0,"$50,001 - $100,000",,2,https://disclosures-clerk.house.gov/public_disc/ptr-pdfs/2025/20026796.pdf,accepted
20026796,Hon. Tim Moore,"Harley-Davidson, Inc. Common Stock",HOG,ST,P,2025-01-24,15001.0,50000.0,"$15,001 - $50,000",,2,https://disclosures-clerk.house.gov/public_disc/ptr-pdfs/2025/20026796.pdf,accepted
20026796,Hon. Tim Moore,"Harley-Davidson, Inc. Common Stock",HOG,ST,P,2025-01-29,50001.0,100000.0,"$50,001 - $100,000",,2,https://disclosures-clerk.house.gov/public_disc/ptr-pdfs/2025/20026796.pdf,accepted
20026796,Hon. Tim Moore,"Harley-Davidson, Inc. Common Stock",HOG,ST,P,2025-01-30,15001.0,50000.0,"$15,001 - $50,000",,2,https://disclosures-clerk.house.gov/public_disc/ptr-pdfs/2025/20026796.pdf,accepted
20026796,Hon. Tim Moore,"Harley-Davidson, Inc. Common Stock",HOG,ST,P,2025-01-03,50001.0,100000.0,"$50,001 - $100,000",,3,https://disclosures-clerk.house.gov/public_disc/ptr-pdfs/2025/20026796.pdf,accepted
20026796,Hon. Tim Moore,"Harley-Davidson, Inc. Common Stock",HOG,ST,P,2025-01-09,15001.0,50000.0,"$15,001 - $50,000",,3,https://disclosures-clerk.house.gov/public_disc/ptr-pdfs/2025/20026796.pdf,accepted
20026796,Hon. Tim Moore,"Harley-Davidson, Inc. Common Stock",HOG,ST,P,2025-01-13,50001.0,100000.0,"$50,001 - $100,000",,3,https://disclosures-clerk.house.gov/public_disc/ptr-pdfs/2025/20026796.pdf,accepted
20026802,Hon. Thomas H. Kean Jr,"Amazon.com, Inc. - Common Stock",AMZN,ST,P,2025-01-16,1001.0,15000.0,"$1,001 - $15,000",,1,https://disclosures-clerk.house.gov/public_disc/ptr-pdfs/2025/20026802.pdf,accepted
20026802,Hon. Thomas H. Kean Jr,"Crown Holdings, Inc.",CCK,ST,P,2025-01-07,1001.0,15000.0,"$1,001 - $15,000",,1,https://disclosures-clerk.house.gov/public_disc/ptr-pdfs/2025/20026802.pdf,accepted
20026802,Hon. Thomas H. Kean Jr,Microsoft Corporation - Common Stock,MSFT,ST,P,2025-01-31,1001.0,15000.0,"$1,001 - $15,000",,1,https://disclosures-clerk.house.gov/public_disc/ptr-pdfs/2025/20026802.pdf,accepted
20027837,Hon. William R. Keating,Accenture plc Class A Ordinary Shares,ACN,ST,P,2025-02-05,1001.0,15000.0,"$1,001 - $15,000",,1,https://disclosures-clerk.house.gov/public_disc/ptr-pdfs/2025/20027837.pdf,accepted
20027837,Hon. William R. Keating,Aramark Common Stock,ARMK,ST,P,2025-02-05,1001.0,15000.0,"$1,001 - $15,000",,1,https://disclosures-clerk.house.gov/public_disc/ptr-pdfs/2025/20027837.pdf,accepted
20027837,Hon. William R. Keating,"CoStar Group, Inc. - Common Stock",CSGP,ST,P,2025-01-21,1001.0,15000.0,"$1,001 - $15,000",,1,https://disclosures-clerk.house.gov/public_disc/ptr-pdfs/2025/20027837.pdf,accepted
20027837,Hon. William R. Keating,KLA Corporation - Common Stock,KLAC,ST,P,2025-01-24,1001.0,15000.0,"$1,001 - $15,000",,1,https://disclosures-clerk.house.gov/public_disc/ptr-pdfs/2025/20027837.pdf,accepted
20027837,Hon. William R. Keating,Microsoft Corporation - Common Stock,MSFT,ST,P,2025-02-05,1001.0,15000.0,"$1,001 - $15,000",,2,https://disclosures-clerk.house.gov/public_disc/ptr-pdfs/2025/20027837.pdf,accepted
20027837,Hon. William R. Keating,"Pepsico, Inc.",PEP,ST,P,2025-02-05,1001.0,15000.0,"$1,001 - $15,000",,2,https://disclosures-clerk.house.gov/public_disc/ptr-pdfs/2025/20027837.pdf,accepted
20027846,Hon. Brad Knott,"CompoSecure, Inc. - Class A Common Stock",CMPO,ST,P,2025-01-10,1001.0,15000.0,"$1,001 - $15,000",,1,https://disclosures-clerk.house.gov/public_disc/ptr-pdfs/2025/20027846.pdf,accepted
20027846,Hon. Brad Knott,"CompoSecure, Inc. - Class A Common Stock",CMPO,ST,P,2025-01-14,1001.0,15000.0,"$1,001 - $15,000",,1,https://disclosures-clerk.house.gov/public_disc/ptr-pdfs/2025/20027846.pdf,accepted
20027876,Hon. Virginia Foxx,"Alliance Resource Partners, L.P. - Common Units Representing Limited Partnership Interests",ARLP,ST,P,2025-02-14,1001.0,15000.0,"$1,001 - $15,000",,1,https://disclosures-clerk.house.gov/public_disc/ptr-pdfs/2025/20027876.pdf,accepted
20027876,Hon. Virginia Foxx,Energy Transfer LP Common Units,ET,ST,P,2025-02-19,1001.0,15000.0,"$1,001 - $15,000",,1,https://disclosures-clerk.house.gov/public_disc/ptr-pdfs/2025/20027876.pdf,accepted
20027879,Hon. Jefferson Shreve,AbbVie Inc. Common Stock,ABBV,ST,P,2025-02-24,50001.0,100000.0,"$50,001 - $100,000",,1,https://disclosures-clerk.house.gov/public_disc/ptr-pdfs/2025/20027879.pdf,accepted
20027879,Hon. Jefferson Shreve,Adobe Inc. - Common Stock,ADBE,ST,P,2025-02-24,15001.0,50000.0,"$15,001 - $50,000",,1,https://disclosures-clerk.house.gov/public_disc/ptr-pdfs/2025/20027879.pdf,accepted
20027879,Hon. Jefferson Shreve,"Air Products and Chemicals, Inc. Common Stock",APD,ST,P,2025-02-24,15001.0,50000.0,"$15,001 - $50,000",,1,https://disclosures-clerk.house.gov/public_disc/ptr-pdfs/2025/20027879.pdf,accepted
20027879,Hon. Jefferson Shreve,Amgen Inc. - Common Stock,AMGN,ST,P,2025-02-24,15001.0,50000.0,"$15,001 - $50,000",,2,https://disclosures-clerk.house.gov/public_disc/ptr-pdfs/2025/20027879.pdf,accepted
20027879,Hon. Jefferson Shreve,Applovin Corporation - Class A Common Stock,APP,ST,P,2025-02-24,15001.0,50000.0,"$15,001 - $50,000",,2,https://disclosures-clerk.house.gov/public_disc/ptr-pdfs/2025/20027879.pdf,accepted
20027879,Hon. Jefferson Shreve,Arch Capital Group Ltd. - Common Stock,ACGL,ST,P,2025-02-24,15001.0,50000.0,"$15,001 - $50,000",,2,https://disclosures-clerk.house.gov/public_disc/ptr-pdfs/2025/20027879.pdf,accepted
20027879,Hon. Jefferson Shreve,Broadcom Inc. - Common Stock,AVGO,ST,P,2025-02-24,100001.0,250000.0,"$100,001 - $250,000",,2,https://disclosures-clerk.house.gov/public_disc/ptr-pdfs/2025/20027879.pdf,accepted
20027879,Hon. Jefferson Shreve,Brunswick Corporation Common Stock,BC,ST,P,2025-02-24,15001.0,50000.0,"$15,001 - $50,000",,3,https://disclosures-clerk.house.gov/public_disc/ptr-pdfs/2025/20027879.pdf,accepted
20027879,Hon. Jefferson Shreve,"CoStar Group, Inc. - Common Stock",CSGP,ST,P,2025-02-24,15001.0,50000.0,"$15,001 - $50,000",,3,https://disclosures-clerk.house.gov/public_disc/ptr-pdfs/2025/20027879.pdf,accepted
20027879,Hon. Jefferson Shreve,Devon Energy Corporation Common Stock,DVN,ST,P,2025-02-24,15001.0,50000.0,"$15,001 - $50,000",,3,https://disclosures-clerk.house.gov/public_disc/ptr-pdfs/2025/20027879.pdf,accepted
20027879,Hon. Jefferson Shreve,"Elevance Health, Inc. Common Stock",ELV,ST,P,2025-02-24,15001.0,50000.0,"$15,001 - $50,000",,3,https://disclosures-clerk.house.gov/public_disc/ptr-pdfs/2025/20027879.pdf,accepted
20027879,Hon. Jefferson Shreve,"Exponent, Inc. - Common Stock",EXPO,ST,P,2025-02-24,15001.0,50000.0,"$15,001 - $50,000",,4,https://disclosures-clerk.house.gov/public_disc/ptr-pdfs/2025/20027879.pdf,accepted
20027879,Hon. Jefferson Shreve,Exxon Mobil Corporation Common Stock,XOM,ST,P,2025-02-24,50001.0,100000.0,"$50,001 - $100,000",,4,https://disclosures-clerk.house.gov/public_disc/ptr-pdfs/2025/20027879.pdf,accepted
20027879,Hon. Jefferson Shreve,"Fidelity National Information Services, Inc. Common Stock",FIS,ST,P,2025-02-24,15001.0,50000.0,"$15,001 - $50,000",,4,https://disclosures-clerk.house.gov/public_disc/ptr-pdfs/2025/20027879.pdf,accepted
20027879,Hon. Jefferson Shreve,First Busey Corporation - Common Stock,BUSE,ST,P,2025-02-24,15001.0,50000.0,"$15,001 - $50,000",,4,https://disclosures-clerk.house.gov/public_disc/ptr-pdfs/2025/20027879.pdf,accepted
20027879,Hon. Jefferson Shreve,GE Aerospace Common Stock,GE,ST,P,2025-02-24,50001.0,100000.0,"$50,001 - $100,000",,4,https://disclosures-clerk.house.gov/public_disc/ptr-pdfs/2025/20027879.pdf,accepted
20027879,Hon. Jefferson Shreve,"Home Depot, Inc.",HD,ST,P,2025-02-24,15001.0,50000.0,"$15,001 - $50,000",,4,https://disclosures-clerk.house.gov/public_disc/ptr-pdfs/2025/20027879.pdf,accepted
20027879,Hon. Jefferson Shreve,Johnson & Johnson Common Stock,JNJ,ST,P,2025-02-24,15001.0,50000.0,"$15,001 - $50,000",,5,https://disclosures-clerk.house.gov/public_disc/ptr-pdfs/2025/20027879.pdf,accepted
20027879,Hon. Jefferson Shreve,"Lowe's Companies, Inc. Common Stock",LOW,ST,P,2025-02-24,15001.0,50000.0,"$15,001 - $50,000",,6,https://disclosures-clerk.house.gov/public_disc/ptr-pdfs/2025/20027879.pdf,accepted
20027879,Hon. Jefferson Shreve,"Merck & Company, Inc. Common Stock",MRK,ST,P,2025-02-24,15001.0,50000.0,"$15,001 - $50,000",,6,https://disclosures-clerk.house.gov/public_disc/ptr-pdfs/2025/20027879.pdf,accepted
20027879,Hon. Jefferson Shreve,MicroStrategy Incorporated - Class A Common Stock,MSTR,ST,P,2025-02-24,15001.0,50000.0,"$15,001 - $50,000",,6,https://disclosures-clerk.house.gov/public_disc/ptr-pdfs/2025/20027879.pdf,accepted
20027879,Hon. Jefferson Shreve,nVent Electric plc Ordinary Shares,NVT,ST,P,2025-02-24,15001.0,50000.0,"$15,001 - $50,000",,7,https://disclosures-clerk.house.gov/public_disc/ptr-pdfs/2025/20027879.pdf,accepted
20027879,Hon. Jefferson Shreve,NVIDIA Corporation - Common Stock,NVDA,ST,P,2025-02-24,15001.0,50000.0,"$15,001 - $50,000",,7,https://disclosures-clerk.house.gov/public_disc/ptr-pdfs/2025/20027879.pdf,accepted
20027879,Hon. Jefferson Shreve,Occidental Petroleum Corporation Common Stock,OXY,ST,P,2025-02-24,15001.0,50000.0,"$15,001 - $50,000",,7,https://disclosures-clerk.house.gov/public_disc/ptr-pdfs/2025/20027879.pdf,accepted
20027879,Hon. Jefferson Shreve,Oracle Corporation Common Stock,ORCL,ST,P,2025-02-24,15001.0,50000.0,"$15,001 - $50,000",,7,https://disclosures-clerk.house.gov/public_disc/ptr-pdfs/2025/20027879.pdf,accepted
20027879,Hon. Jefferson Shreve,"Pfizer, Inc. Common Stock",PFE,ST,P,2025-02-24,15001.0,50000.0,"$15,001 - $50,000",,7,https://disclosures-clerk.house.gov/public_disc/ptr-pdfs/2025/20027879.pdf,accepted
20027879,Hon. Jefferson Shreve,"Prologis, Inc. Common Stock",PLD,ST,P,2025-02-24,15001.0,50000.0,"$15,001 - $50,000",,8,https://disclosures-clerk.house.gov/public_disc/ptr-pdfs/2025/20027879.pdf,accepted
20027879,Hon. Jefferson Shreve,"PulteGroup, Inc. Common Stock",PHM,ST,P,2025-02-24,15001.0,50000.0,"$15,001 - $50,000",,8,https://disclosures-clerk.house.gov/public_disc/ptr-pdfs/2025/20027879.pdf,accepted
20027879,Hon. Jefferson Shreve,QUALCOMM Incorporated - Common Stock,QCOM,ST,P,2025-02-24,15001.0,50000.0,"$15,001 - $50,000",,8,https://disclosures-clerk.house.gov/public_disc/ptr-pdfs/2025/20027879.pdf,accepted
20027879,Hon. Jefferson Shreve,"Royal Gold, Inc. - Common Stock",RGLD,ST,P,2025-02-24,15001.0,50000.0,"$15,001 - $50,000",,8,https://disclosures-clerk.house.gov/public_disc/ptr-pdfs/2025/20027879.pdf,accepted
20027879,Hon. Jefferson Shreve,RTX Corporation Common Stock,RTX,ST,P,2025-02-24,15001.0,50000.0,"$15,001 - $50,000",,8,https://disclosures-clerk.house.gov/public_disc/ptr-pdfs/2025/20027879.pdf,accepted
20027879,Hon. Jefferson Shreve,Sherwin-Williams Company,SHW,ST,P,2025-02-24,15001.0,50000.0,"$15,001 - $50,000",,9,https://disclosures-clerk.house.gov/public_disc/ptr-pdfs/2025/20027879.pdf,accepted
20027879,Hon. Jefferson Shreve,The Cigna Group Common Stock,CI,ST,P,2025-02-24,15001.0,50000.0,"$15,001 - $50,000",,9,https://disclosures-clerk.house.gov/public_disc/ptr-pdfs/2025/20027879.pdf,accepted
20027879,Hon. Jefferson Shreve,Union Pacific Corporation Common Stock,UNP,ST,P,2025-02-24,15001.0,50000.0,"$15,001 - $50,000",,9,https://disclosures-clerk.house.gov/public_disc/ptr-pdfs/2025/20027879.pdf,accepted
20027879,Hon. Jefferson Shreve,Vertex Pharmaceuticals Incorporated - Common Stock,VRTX,ST,P,2025-02-24,15001.0,50000.0,"$15,001 - $50,000",,10,https://disclosures-clerk.house.gov/public_disc/ptr-pdfs/2025/20027879.pdf,accepted
20027885,Hon. Greg Landsman,"Amazon.com, Inc. - Common Stock",AMZN,ST,P,2025-02-20,15001.0,50000.0,"$15,001 - $50,000",,1,https://disclosures-clerk.house.gov/public_disc/ptr-pdfs/2025/20027885.pdf,accepted
20027885,Hon. Greg Landsman,"Ameriprise Financial, Inc. Common Stock",AMP,ST,P,2025-02-26,1001.0,15000.0,"$1,001 - $15,000",,1,https://disclosures-clerk.house.gov/public_disc/ptr-pdfs/2025/20027885.pdf,accepted
20027885,Hon. Greg Landsman,"CrowdStrike Holdings, Inc. - Class A Common Stock",CRWD,ST,P,2025-02-18,1001.0,15000.0,"$1,001 - $15,000",,2,https://disclosures-clerk.house.gov/public_disc/ptr-pdfs/2025/20027885.pdf,accepted
20027885,Hon. Greg Landsman,"CrowdStrike Holdings, Inc. - Class A Common Stock",CRWD,ST,P,2025-02-26,1001.0,15000.0,"$1,001 - $15,000",,2,https://disclosures-clerk.house.gov/public_disc/ptr-pdfs/2025/20027885.pdf,accepted
20027891,Hon. Gilbert Cisneros,Dollar General Corporation Common Stock,DG,ST,P,2025-02-26,1001.0,15000.0,"$1,001 - $15,000",,2,https://disclosures-clerk.house.gov/public_disc/ptr-pdfs/2025/20027891.pdf,accepted
20027891,Hon. Gilbert Cisneros,Enerpac Tool Group Corp. Common Stock,EPAC,ST,P,2025-02-26,1001.0,15000.0,"$1,001 - $15,000",,2,https://disclosures-clerk.house.gov/public_disc/ptr-pdfs/2025/20027891.pdf,accepted
20027891,Hon. Gilbert Cisneros,Hillman Solutions Corp. - Common Stock,HLMN,ST,P,2025-03-03,1001.0,15000.0,"$1,001 - $15,000",,2,https://disclosures-clerk.house.gov/public_disc/ptr-pdfs/2025/20027891.pdf,accepted
20027891,Hon. Gilbert Cisneros,Humana Inc. Common Stock,HUM,ST,P,2025-02-26,1001.0,15000.0,"$1,001 - $15,000",,2,https://disclosures-clerk.house.gov/public_disc/ptr-pdfs/2025/20027891.pdf,accepted
20027891,Hon. Gilbert Cisneros,"Merck & Company, Inc. Common Stock",MRK,ST,P,2025-02-26,15001.0,50000.0,"$15,001 - $50,000",,3,https://disclosures-clerk.house.gov/public_disc/ptr-pdfs/2025/20027891.pdf,accepted
20027891,Hon. Gilbert Cisneros,Microsoft Corporation - Common Stock,MSFT,ST,P,2025-02-26,15001.0,50000.0,"$15,001 - $50,000",,3,https://disclosures-clerk.house.gov/public_disc/ptr-pdfs/2025/20027891.pdf,accepted
20027891,Hon. Gilbert Cisneros,"Pfizer, Inc. Common Stock",PFE,ST,P,2025-02-26,1001.0,15000.0,"$1,001 - $15,000",,3,https://disclosures-clerk.house.gov/public_disc/ptr-pdfs/2025/20027891.pdf,accepted
20027891,Hon. Gilbert Cisneros,"Sterling Infrastructure, Inc. - Common Stock",STRL,ST,P,2025-03-03,1001.0,15000.0,"$1,001 - $15,000",,3,https://disclosures-clerk.house.gov/public_disc/ptr-pdfs/2025/20027891.pdf,accepted
20027891,Hon. Gilbert Cisneros,"Tesla, Inc. - Common Stock",TSLA,ST,P,2025-02-26,1001.0,15000.0,"$1,001 - $15,000",,3,https://disclosures-clerk.house.gov/public_disc/ptr-pdfs/2025/20027891.pdf,accepted
20027891,Hon. Gilbert Cisneros,"Uber Technologies, Inc. Common Stock",UBER,ST,P,2025-02-26,1001.0,15000.0,"$1,001 - $15,000",,3,https://disclosures-clerk.house.gov/public_disc/ptr-pdfs/2025/20027891.pdf,accepted
20027891,Hon. Gilbert Cisneros,Willis Towers Watson Public Limited Company - Ordinary Shares,WTW,ST,P,2025-02-24,1001.0,15000.0,"$1,001 - $15,000",,4,https://disclosures-clerk.house.gov/public_disc/ptr-pdfs/2025/20027891.pdf,accepted
20027891,Hon. Gilbert Cisneros,"Wynn Resorts, Limited - Common Stock",WYNN,ST,P,2025-02-26,1001.0,15000.0,"$1,001 - $15,000",,4,https://disclosures-clerk.house.gov/public_disc/ptr-pdfs/2025/20027891.pdf,accepted
20027901,Hon. Josh Gottheimer,Abbott Laboratories Common Stock,ABT,ST,P,2025-02-13,1001.0,15000.0,"$1,001 - $15,000",,1,https://disclosures-clerk.house.gov/public_disc/ptr-pdfs/2025/20027901.pdf,accepted
20027901,Hon. Josh Gottheimer,Alibaba Group Holding Limited American Depositary Shares each representing eight Ordinary share,BABA,ST,P,2025-02-12,1001.0,15000.0,"$1,001 - $15,000",,1,https://disclosures-clerk.house.gov/public_disc/ptr-pdfs/2025/20027901.pdf,accepted
20027901,Hon. Josh Gottheimer,"Block, Inc. Class A Common Stock,",XYZ,ST,P,2025-02-03,1001.0,15000.0,"$1,001 - $15,000",,2,https://disclosures-clerk.house.gov/public_disc/ptr-pdfs/2025/20027901.pdf,accepted
20027901,Hon. Josh Gottheimer,Broadcom Inc. - Common Stock,AVGO,ST,P,2025-02-06,1001.0,15000.0,"$1,001 - $15,000",,2,https://disclosures-clerk.house.gov/public_disc/ptr-pdfs/2025/20027901.pdf,accepted
20027901,Hon. Josh Gottheimer,DISCO CORP UNSP /ADR,DSCSY,ST,P,2025-02-10,1001.0,15000.0,"$1,001 - $15,000",,3,https://disclosures-clerk.house.gov/public_disc/ptr-pdfs/2025/20027901.pdf,accepted
20027901,Hon. Josh Gottheimer,DISCO CORP UNSP /ADR,DSCSY,ST,P,2025-02-07,1001.0,15000.0,"$1,001 - $15,000",,3,https://disclosures-clerk.house.gov/public_disc/ptr-pdfs/2025/20027901.pdf,accepted
20027901,Hon. Josh Gottheimer,"Fiserv, Inc. Common Stock",FI,ST,P,2025-02-26,1001.0,15000.0,"$1,001 - $15,000",,3,https://disclosures-clerk.house.gov/public_disc/ptr-pdfs/2025/20027901.pdf,accepted
20027901,Hon. Josh Gottheimer,"Fiserv, Inc. Common Stock",FI,ST,P,2025-02-21,1001.0,15000.0,"$1,001 - $15,000",,3,https://disclosures-clerk.house.gov/public_disc/ptr-pdfs/2025/20027901.pdf,accepted
20027901,Hon. Josh Gottheimer,Shopify Inc. Class A Subordinate Voting Shares,SHOP,ST,P,2025-02-12,1001.0,15000.0,"$1,001 - $15,000",,6,https://disclosures-clerk.house.gov/public_disc/ptr-pdfs/2025/20027901.pdf,accepted
20027901,Hon. Josh Gottheimer,Shopify Inc. Class A Subordinate Voting Shares,SHOP,ST,P,2025-02-03,1001.0,15000.0,"$1,001 - $15,000",,6,https://disclosures-clerk.house.gov/public_disc/ptr-pdfs/2025/20027901.pdf,accepted
20027901,Hon. Josh Gottheimer,Snowflake Inc. Class A Common Stock,SNOW,ST,P,2025-02-21,1001.0,15000.0,"$1,001 - $15,000",,6,https://disclosures-clerk.house.gov/public_disc/ptr-pdfs/2025/20027901.pdf,accepted
20027901,Hon. Josh Gottheimer,Starbucks Corporation - Common,SBUX,ST,P,2025-02-03,1001.0,15000.0,"$1,001 - $15,000",,6,https://disclosures-clerk.house.gov/public_disc/ptr-pdfs/2025/20027901.pdf,accepted
20027901,Hon. Josh Gottheimer,"Tesla, Inc. - Common Stock",TSLA,ST,P,2025-02-05,1001.0,15000.0,"$1,001 - $15,000",,7,https://disclosures-clerk.house.gov/public_disc/ptr-pdfs/2025/20027901.pdf,accepted
20027901,Hon. Josh Gottheimer,Twilio Inc. Class A Common Stock,TWLO,ST,P,2025-02-06,1001.0,15000.0,"$1,001 - $15,000",,7,https://disclosures-clerk.house.gov/public_disc/ptr-pdfs/2025/20027901.pdf,accepted
20027901,Hon. Josh Gottheimer,Union Pacific Corporation Common Stock,UNP,ST,P,2025-02-03,1001.0,15000.0,"$1,001 - $15,000",,7,https://disclosures-clerk.house.gov/public_disc/ptr-pdfs/2025/20027901.pdf,accepted
20027901,Hon. Josh Gottheimer,Visa Inc.,V,ST,P,2025-02-28,1001.0,15000.0,"$1,001 - $15,000",,7,https://disclosures-clerk.house.gov/public_disc/ptr-pdfs/2025/20027901.pdf,accepted
20027901,Hon. Josh Gottheimer,Visa Inc.,V,ST,P,2025-02-13,1001.0,15000.0,"$1,001 - $15,000",,7,https://disclosures-clerk.house.gov/public_disc/ptr-pdfs/2025/20027901.pdf,accepted
20027901,Hon. Josh Gottheimer,Walmart Inc. Common Stock,WMT,ST,P,2025-02-03,1001.0,15000.0,"$1,001 - $15,000",,8,https://disclosures-clerk.house.gov/public_disc/ptr-pdfs/2025/20027901.pdf,accepted
20027903,Hon. Byron Donalds,"DoorDash, Inc. - Common Stock",DASH,ST,P,2025-02-13,1001.0,15000.0,"$1,001 - $15,000",,1,https://disclosures-clerk.house.gov/public_disc/ptr-pdfs/2025/20027903.pdf,accepted
20027903,Hon. Byron Donalds,"DoorDash, Inc. - Common Stock",DASH,ST,P,2025-02-13,1001.0,15000.0,"$1,001 - $15,000",,1,https://disclosures-clerk.house.gov/public_disc/ptr-pdfs/2025/20027903.pdf,accepted
20027903,Hon. Byron Donalds,"Fortinet, Inc. - Common Stock",FTNT,ST,P,2025-02-13,1001.0,15000.0,"$1,001 - $15,000",,1,https://disclosures-clerk.house.gov/public_disc/ptr-pdfs/2025/20027903.pdf,accepted
20027903,Hon. Byron Donalds,"Fortinet, Inc. - Common Stock",FTNT,ST,P,2025-02-13,1001.0,15000.0,"$1,001 - $15,000",,1,https://disclosures-clerk.house.gov/public_disc/ptr-pdfs/2025/20027903.pdf,accepted
20027923,Hon. Rob Bresnahan,Alibaba Group Holding Limited American Depositary Shares each representing eight Ordinary share,BABA,ST,P,2025-02-10,1001.0,15000.0,"$1,001 - $15,000",,1,https://disclosures-clerk.house.gov/public_disc/ptr-pdfs/2025/20027923.pdf,accepted
20027923,Hon. Rob Bresnahan,"Cloudflare, Inc. Class A Common Stock",NET,ST,P,2025-02-10,1001.0,15000.0,"$1,001 - $15,000",,1,https://disclosures-clerk.house.gov/public_disc/ptr-pdfs/2025/20027923.pdf,accepted
20027923,Hon. Rob Bresnahan,"MACOM Technology Solutions Holdings, Inc. - Common Stock",MTSI,ST,P,2025-02-10,1001.0,15000.0,"$1,001 - $15,000",,1,https://disclosures-clerk.house.gov/public_disc/ptr-pdfs/2025/20027923.pdf,accepted
20027923,Hon. Rob Bresnahan,monday.com Ltd. - Ordinary Shares,MNDY,ST,P,2025-02-11,1001.0,15000.0,"$1,001 - $15,000",,1,https://disclosures-clerk.house.gov/public_disc/ptr-pdfs/2025/20027923.pdf,accepted
20027923,Hon. Rob Bresnahan,Snowflake Inc. Class A Common Stock,SNOW,ST,P,2025-02-13,1001.0,15000.0,"$1,001 - $15,000",,2,https://disclosures-clerk.house.gov/public_disc/ptr-pdfs/2025/20027923.pdf,accepted
20027923,Hon. Rob Bresnahan,Snowflake Inc. Class A Common Stock,SNOW,ST,P,2025-02-12,1001.0,15000.0,"$1,001 - $15,000",,2,https://disclosures-clerk.house.gov/public_disc/ptr-pdfs/2025/20027923.pdf,accepted
20027923,Hon. Rob Bresnahan,"Take-Two Interactive Software, Inc. - Common Stock",TTWO,ST,P,2025-02-10,1001.0,15000.0,"$1,001 - $15,000",,2,https://disclosures-clerk.house.gov/public_disc/ptr-pdfs/2025/20027923.pdf,accepted
20027931,Hon. Thomas H. Kean Jr,"Amazon.com, Inc. - Common Stock",AMZN,ST,P,2025-02-26,1001.0,15000.0,"$1,001 - $15,000",,1,https://disclosures-clerk.house.gov/public_disc/ptr-pdfs/2025/20027931.pdf,accepted
20027931,Hon. Thomas H. Kean Jr,"Mondelez International, Inc. - Class A Common Stock",MDLZ,ST,P,2025-02-07,1001.0,15000.0,"$1,001 - $15,000",,1,https://disclosures-clerk.house.gov/public_disc/ptr-pdfs/2025/20027931.pdf,accepted
20027933,Hon. Marjorie Taylor Greene,"CrowdStrike Holdings, Inc. - Class A Common Stock",CRWD,ST,P,2025-03-07,1001.0,15000.0,"$1,001 - $15,000",,1,https://disclosures-clerk.house.gov/public_disc/ptr-pdfs/2025/20027933.pdf,accepted
20027933,Hon. Marjorie Taylor Greene,Dollar General Corporation Common Stock,DG,ST,P,2025-03-07,1001.0,15000.0,"$1,001 - $15,000",,1,https://disclosures-clerk.house.gov/public_disc/ptr-pdfs/2025/20027933.pdf,accepted
20027933,Hon. Marjorie Taylor Greene,Dollar General Corporation Common Stock,DG,ST,P,2025-03-03,1001.0,15000.0,"$1,001 - $15,000",,1,https://disclosures-clerk.house.gov/public_disc/ptr-pdfs/2025/20027933.pdf,accepted
20027933,Hon. Marjorie Taylor Greene,"Goldman Sachs Group, Inc.",GS,ST,P,2025-03-07,1001.0,15000.0,"$1,001 - $15,000",,1,https://disclosures-clerk.house.gov/public_disc/ptr-pdfs/2025/20027933.pdf,accepted
20027933,Hon. Marjorie Taylor Greene,"Impinj, Inc. - Common Stock",PI,ST,P,2025-03-03,1001.0,15000.0,"$1,001 - $15,000",,1,https://disclosures-clerk.house.gov/public_disc/ptr-pdfs/2025/20027933.pdf,accepted
20027933,Hon. Marjorie Taylor Greene,iShares Bitcoin Trust ETF,IBIT,ST,P,2025-03-03,15001.0,50000.0,"$15,001 - $50,000",,1,https://disclosures-clerk.house.gov/public_disc/ptr-pdfs/2025/20027933.pdf,accepted
20027933,Hon. Marjorie Taylor Greene,"Tesla, Inc. - Common Stock",TSLA,ST,P,2025-03-07,1001.0,15000.0,"$1,001 - $15,000",,1,https://disclosures-clerk.house.gov/public_disc/ptr-pdfs/2025/20027933.pdf,accepted
20027935,Hon. Lloyd Doggett,Procter & Gamble Company,PG,ST,P,2025-02-18,1001.0,15000.0,"$1,001 - $15,000",,1,https://disclosures-clerk.house.gov/public_disc/ptr-pdfs/2025/20027935.pdf,accepted
20027936,Hon. Julie Johnson,Aptiv PLC Ordinary Shares,APTV,ST,P,2025-02-12,1001.0,15000.0,"$1,001 - $15,000",,1,https://disclosures-clerk.house.gov/public_disc/ptr-pdfs/2025/20027936.pdf,accepted
20027936,Hon. Julie Johnson,"Arista Networks, Inc. Common Stock",ANET,ST,P,2025-02-12,1001.0,15000.0,"$1,001 - $15,000",,1,https://disclosures-clerk.house.gov/public_disc/ptr-pdfs/2025/20027936.pdf,accepted
20027936,Hon. Julie Johnson,Boeing Company,BA,ST,P,2025-02-12,1001.0,15000.0,"$1,001 - $15,000",,1,https://disclosures-clerk.house.gov/public_disc/ptr-pdfs/2025/20027936.pdf,accepted
20027936,Hon. Julie Johnson,BorgWarner Inc. Common Stock,BWA,ST,P,2025-02-12,1001.0,15000.0,"$1,001 - $15,000",,2,https://disclosures-clerk.house.gov/public_disc/ptr-pdfs/2025/20027936.pdf,accepted
20027936,Hon. Julie Johnson,Capital One Financial Corporation Common Stock,COF,ST,P,2025-02-24,1001.0,15000.0,"$1,001 - $15,000",,2,https://disclosures-clerk.house.gov/public_disc/ptr-pdfs/2025/20027936.pdf,accepted
20027936,Hon. Julie Johnson,Capital One Financial Corporation Common Stock,COF,ST,P,2025-02-14,1001.0,15000.0,"$1,001 - $15,000",,2,https://disclosures-clerk.house.gov/public_disc/ptr-pdfs/2025/20027936.pdf,accepted
20027936,Hon. Julie Johnson,Constellation Energy Corporation - Common Stock,CEG,ST,P,2025-02-12,1001.0,15000.0,"$1,001 - $15,000",,2,https://disclosures-clerk.house.gov/public_disc/ptr-pdfs/2025/20027936.pdf,accepted
20027936,Hon. Julie Johnson,"Eaton Corporation, PLC Ordinary Shares",ETN,ST,P,2025-02-12,1001.0,15000.0,"$1,001 - $15,000",,2,https://disclosures-clerk.house.gov/public_disc/ptr-pdfs/2025/20027936.pdf,accepted
20027936,Hon. Julie Johnson,"Eaton Corporation, PLC Ordinary Shares",ETN,ST,P,2025-02-03,1001.0,15000.0,"$1,001 - $15,000",,2,https://disclosures-clerk.house.gov/public_disc/ptr-pdfs/2025/20027936.pdf,accepted
20027936,Hon. Julie Johnson,Edison International Common Stock,EIX,ST,P,2025-02-12,1001.0,15000.0,"$1,001 - $15,000",,2,https://disclosures-clerk.house.gov/public_disc/ptr-pdfs/2025/20027936.pdf,accepted
20027936,Hon. Julie Johnson,Ford Motor Company Common Stock,F,ST,P,2025-02-12,1001.0,15000.0,"$1,001 - $15,000",,3,https://disclosures-clerk.house.gov/public_disc/ptr-pdfs/2025/20027936.pdf,accepted
20027936,Hon. Julie Johnson,"Freeport-McMoRan, Inc. Common Stock",FCX,ST,P,2025-02-12,1001.0,15000.0,"$1,001 - $15,000",,3,https://disclosures-clerk.house.gov/public_disc/ptr-pdfs/2025/20027936.pdf,accepted
20027936,Hon. Julie Johnson,"Goldman Sachs Group, Inc.",GS,ST,P,2025-02-24,1001.0,15000.0,"$1,001 - $15,000",,3,https://disclosures-clerk.house.gov/public_disc/ptr-pdfs/2025/20027936.pdf,accepted
20027936,Hon. Julie Johnson,NXP Semiconductors N.V. - Common Stock,NXPI,ST,P,2025-02-05,1001.0,15000.0,"$1,001 - $15,000",,4,https://disclosures-clerk.house.gov/public_disc/ptr-pdfs/2025/20027936.pdf,accepted
20027936,Hon. Julie Johnson,ON Semiconductor Corporation - Common Stock,ON,ST,P,2025-02-12,1001.0,15000.0,"$1,001 - $15,000",,4,https://disclosures-clerk.house.gov/public_disc/ptr-pdfs/2025/20027936.pdf,accepted
20027936,Hon. Julie Johnson,Palantir Technologies Inc. - Class A Common Stock,PLTR,ST,P,2025-02-12,1001.0,15000.0,"$1,001 - $15,000",,4,https://disclosures-clerk.house.gov/public_disc/ptr-pdfs/2025/20027936.pdf,accepted
20027936,Hon. Julie Johnson,"PayPal Holdings, Inc. - Common Stock",PYPL,ST,P,2025-02-12,1001.0,15000.0,"$1,001 - $15,000",,4,https://disclosures-clerk.house.gov/public_disc/ptr-pdfs/2025/20027936.pdf,accepted
20027936,Hon. Julie Johnson,Progressive Corporation,PGR,ST,P,2025-02-14,1001.0,15000.0,"$1,001 - $15,000",,4,https://disclosures-clerk.house.gov/public_disc/ptr-pdfs/2025/20027936.pdf,accepted
20027936,Hon. Julie Johnson,Progressive Corporation,PGR,ST,P,2025-02-24,1001.0,15000.0,"$1,001 - $15,000",,5,https://disclosures-clerk.house.gov/public_disc/ptr-pdfs/2025/20027936.pdf,accepted
20027936,Hon. Julie Johnson,RTX Corporation Common Stock,RTX,ST,P,2025-02-14,1001.0,15000.0,"$1,001 - $15,000",,5,https://disclosures-clerk.house.gov/public_disc/ptr-pdfs/2025/20027936.pdf,accepted
20027936,Hon. Julie Johnson,"Teradyne, Inc.",TER,ST,P,2025-02-12,1001.0,15000.0,"$1,001 - $15,000",,5,https://disclosures-clerk.house.gov/public_disc/ptr-pdfs/2025/20027936.pdf,accepted
20027936,Hon. Julie Johnson,The Bank of New York Mellon Corporation Common Stock,BK,ST,P,2025-02-24,1001.0,15000.0,"$1,001 - $15,000",,5,https://disclosures-clerk.house.gov/public_disc/ptr-pdfs/2025/20027936.pdf,accepted
20027936,Hon. Julie Johnson,The Bank of New York Mellon Corporation Common Stock,BK,ST,P,2025-02-14,1001.0,15000.0,"$1,001 - $15,000",,5,https://disclosures-clerk.house.gov/public_disc/ptr-pdfs/2025/20027936.pdf,accepted
20027936,Hon. Julie Johnson,Union Pacific Corporation Common Stock,UNP,ST,P,2025-02-25,1001.0,15000.0,"$1,001 - $15,000",,6,https://disclosures-clerk.house.gov/public_disc/ptr-pdfs/2025/20027936.pdf,accepted
20027936,Hon. Julie Johnson,Vistra Corp. Common Stock,VST,ST,P,2025-02-12,1001.0,15000.0,"$1,001 - $15,000",,6,https://disclosures-clerk.house.gov/public_disc/ptr-pdfs/2025/20027936.pdf,accepted
20027936,Hon. Julie Johnson,Wells Fargo & Company Common Stock,WFC,ST,P,2025-02-12,1001.0,15000.0,"$1,001 - $15,000",,6,https://disclosures-clerk.house.gov/public_disc/ptr-pdfs/2025/20027936.pdf,accepted
20027940,Hon. Rob Bresnahan,Alibaba Group Holding Limited American Depositary Shares each representing eight Ordinary share,BABA,ST,P,2025-02-21,1001.0,15000.0,"$1,001 - $15,000",,1,https://disclosures-clerk.house.gov/public_disc/ptr-pdfs/2025/20027940.pdf,accepted
20027940,Hon. Rob Bresnahan,Intel Corporation - Common Stock,INTC,ST,P,2025-02-20,1001.0,15000.0,"$1,001 - $15,000",,1,https://disclosures-clerk.house.gov/public_disc/ptr-pdfs/2025/20027940.pdf,accepted
20027940,Hon. Rob Bresnahan,Intel Corporation - Common Stock,INTC,ST,P,2025-02-14,1001.0,15000.0,"$1,001 - $15,000",,1,https://disclosures-clerk.house.gov/public_disc/ptr-pdfs/2025/20027940.pdf,accepted
20027940,Hon. Rob Bresnahan,"Reddit, Inc. Class A Common Stock",RDDT,ST,P,2025-02-14,1001.0,15000.0,"$1,001 - $15,000",,2,https://disclosures-clerk.house.gov/public_disc/ptr-pdfs/2025/20027940.pdf,accepted
20027944,Hon. Tim Moore,Ford Motor Company Common Stock,F,ST,P,2025-02-07,50001.0,100000.0,"$50,001 - $100,000",,1,https://disclosures-clerk.house.gov/public_disc/ptr-pdfs/2025/20027944.pdf,accepted
20027944,Hon. Tim Moore,Ford Motor Company Common Stock,F,ST,P,2025-02-10,15001.0,50000.0,"$15,001 - $50,000",,1,https://disclosures-clerk.house.gov/public_disc/ptr-pdfs/2025/20027944.pdf,accepted
20027944,Hon. Tim Moore,Ford Motor Company Common Stock,F,ST,P,2025-02-04,50001.0,100000.0,"$50,001 - $100,000",,2,https://disclosures-clerk.house.gov/public_disc/ptr-pdfs/2025/20027944.pdf,accepted
20027944,Hon. Tim Moore,Ford Motor Company Common Stock,F,ST,P,2025-02-06,15001.0,50000.0,"$15,001 - $50,000",,2,https://disclosures-clerk.house.gov/public_disc/ptr-pdfs/2025/20027944.pdf,accepted
20027944,Hon. Tim Moore,Ford Motor Company Common Stock,F,ST,P,2025-02-13,15001.0,50000.0,"$15,001 - $50,000",,2,https://disclosures-clerk.house.gov/public_disc/ptr-pdfs/2025/20027944.pdf,accepted
20027944,Hon. Tim Moore,"Harley-Davidson, Inc. Common Stock",HOG,ST,P,2025-02-04,50001.0,100000.0,"$50,001 - $100,000",,2,https://disclosures-clerk.house.gov/public_disc/ptr-pdfs/2025/20027944.pdf,accepted
20027944,Hon. Tim Moore,"Harley-Davidson, Inc. Common Stock",HOG,ST,P,2025-02-06,100001.0,250000.0,"$100,001 - $250,000",,2,https://disclosures-clerk.house.gov/public_disc/ptr-pdfs/2025/20027944.pdf,accepted
20027944,Hon. Tim Moore,"Harley-Davidson, Inc. Common Stock",HOG,ST,P,2025-02-12,50001.0,100000.0,"$50,001 - $100,000",,2,https://disclosures-clerk.house.gov/public_disc/ptr-pdfs/2025/20027944.pdf,accepted
20027944,Hon. Tim Moore,SIMCORP A/S UN/ADR,SMCYY,ST,P,2025-02-04,15001.0,50000.0,"$15,001 - $50,000",,3,https://disclosures-clerk.house.gov/public_disc/ptr-pdfs/2025/20027944.pdf,accepted
20027975,Hon. April McClain Delaney,"CACI International, Inc. Class A Common Stock",CACI,ST,P,2025-02-27,1001.0,15000.0,"$1,001 - $15,000",,1,https://disclosures-clerk.house.gov/public_disc/ptr-pdfs/2025/20027975.pdf,accepted
20027975,Hon. April McClain Delaney,CDW Corporation - Common Stock,CDW,ST,P,2025-02-06,1001.0,15000.0,"$1,001 - $15,000",,1,https://disclosures-clerk.house.gov/public_disc/ptr-pdfs/2025/20027975.pdf,accepted
20027975,Hon. April McClain Delaney,"Core & Main, Inc. Class A Common Stock",CNM,ST,P,2025-02-08,1001.0,15000.0,"$1,001 - $15,000",,2,https://disclosures-clerk.house.gov/public_disc/ptr-pdfs/2025/20027975.pdf,accepted
20027975,Hon. April McClain Delaney,"Corpay, Inc. Common Stock",CPAY,ST,P,2025-02-22,1001.0,15000.0,"$1,001 - $15,000",,2,https://disclosures-clerk.house.gov/public_disc/ptr-pdfs/2025/20027975.pdf,accepted
20027975,Hon. April McClain Delaney,"Corpay, Inc. Common Stock",CPAY,ST,P,2025-02-06,1001.0,15000.0,"$1,001 - $15,000",,2,https://disclosures-clerk.house.gov/public_disc/ptr-pdfs/2025/20027975.pdf,accepted
20027975,Hon. April McClain Delaney,"Corpay, Inc. Common Stock",CPAY,ST,P,2025-02-28,15001.0,50000.0,"$15,001 - $50,000",,2,https://disclosures-clerk.house.gov/public_disc/ptr-pdfs/2025/20027975.pdf,accepted
20027975,Hon. April McClain Delaney,"Entegris, Inc. - Common Stock",ENTG,ST,P,2025-02-17,1001.0,15000.0,"$1,001 - $15,000",,2,https://disclosures-clerk.house.gov/public_disc/ptr-pdfs/2025/20027975.pdf,accepted
20027975,Hon. April McClain Delaney,"Fortune Brands Innovations, Inc. Common Stock",FBIN,ST,P,2025-02-17,1001.0,15000.0,"$1,001 - $15,000",,2,https://disclosures-clerk.house.gov/public_disc/ptr-pdfs/2025/20027975.pdf,accepted
20027975,Hon. April McClain Delaney,"Fortune Brands Innovations, Inc. Common Stock",FBIN,ST,P,2025-02-08,1001.0,15000.0,"$1,001 - $15,000",,2,https://disclosures-clerk.house.gov/public_disc/ptr-pdfs/2025/20027975.pdf,accepted
20027975,Hon. April McClain Delaney,Labcorp Holdings Inc. Common Stock,LH,ST,P,2025-02-08,1001.0,15000.0,"$1,001 - $15,000",,2,https://disclosures-clerk.house.gov/public_disc/ptr-pdfs/2025/20027975.pdf,accepted
20027975,Hon. April McClain Delaney,Labcorp Holdings Inc. Common Stock,LH,ST,P,2025-02-17,1001.0,15000.0,"$1,001 - $15,000",,2,https://disclosures-clerk.house.gov/public_disc/ptr-pdfs/2025/20027975.pdf,accepted
20027975,Hon. April McClain Delaney,Labcorp Holdings Inc. Common Stock,LH,ST,P,2025-02-27,1001.0,15000.0,"$1,001 - $15,000",,3,https://disclosures-clerk.house.gov/public_disc/ptr-pdfs/2025/20027975.pdf,accepted
20027975,Hon. April McClain Delaney,Labcorp Holdings Inc. Common Stock,LH,ST,P,2025-02-28,1001.0,15000.0,"$1,001 - $15,000",,3,https://disclosures-clerk.house.gov/public_disc/ptr-pdfs/2025/20027975.pdf,accepted
20027975,Hon. April McClain Delaney,Labcorp Holdings Inc. Common Stock,LH,ST,P,2025-02-05,1001.0,15000.0,"$1,001 - $15,000",,3,https://disclosures-clerk.house.gov/public_disc/ptr-pdfs/2025/20027975.pdf,accepted
20027975,Hon. April McClain Delaney,"Paychex, Inc. - Common Stock",PAYX,ST,P,2025-02-05,1001.0,15000.0,"$1,001 - $15,000",,3,https://disclosures-clerk.house.gov/public_disc/ptr-pdfs/2025/20027975.pdf,accepted
20027975,Hon. April McClain Delaney,"Paychex, Inc. - Common Stock",PAYX,ST,P,2025-02-27,1001.0,15000.0,"$1,001 - $15,000",,3,https://disclosures-clerk.house.gov/public_disc/ptr-pdfs/2025/20027975.pdf,accepted
20027975,Hon. April McClain Delaney,"Paychex, Inc. - Common Stock",PAYX,ST,P,2025-02-21,1001.0,15000.0,"$1,001 - $15,000",,3,https://disclosures-clerk.house.gov/public_disc/ptr-pdfs/2025/20027975.pdf,accepted
20027975,Hon. April McClain Delaney,"Paychex, Inc. - Common Stock",PAYX,ST,P,2025-02-09,1001.0,15000.0,"$1,001 - $15,000",,3,https://disclosures-clerk.house.gov/public_disc/ptr-pdfs/2025/20027975.pdf,accepted
20027975,Hon. April McClain Delaney,Tractor Supply Company - Common Stock,TSCO,ST,P,2025-02-09,1001.0,15000.0,"$1,001 - $15,000",,4,https://disclosures-clerk.house.gov/public_disc/ptr-pdfs/2025/20027975.pdf,accepted
20027975,Hon. April McClain Delaney,Viking Holdings Ltd Ordinary Shares,VIK,ST,P,2025-02-17,1001.0,15000.0,"$1,001 - $15,000",,4,https://disclosures-clerk.house.gov/public_disc/ptr-pdfs/2025/20027975.pdf,accepted
20027995,Hon. Scott Scott Franklin,"Amazon.com, Inc. - Common Stock",AMZN,ST,P,2025-02-26,1001.0,15000.0,"$1,001 - $15,000",,1,https://disclosures-clerk.house.gov/public_disc/ptr-pdfs/2025/20027995.pdf,accepted
20027995,Hon. Scott Scott Franklin,"Amazon.com, Inc. - Common Stock",AMZN,ST,P,2025-02-26,1001.0,15000.0,"$1,001 - $15,000",,1,https://disclosures-clerk.house.gov/public_disc/ptr-pdfs/2025/20027995.pdf,accepted
20027995,Hon. Scott Scott Franklin,"Amazon.com, Inc. - Common Stock",AMZN,ST,P,2025-02-26,50001.0,100000.0,"$50,001 - $100,000",,1,https://disclosures-clerk.house.gov/public_disc/ptr-pdfs/2025/20027995.pdf,accepted
20027995,Hon. Scott Scott Franklin,Lockheed Martin Corporation Common Stock,LMT,ST,P,2025-02-18,1001.0,15000.0,"$1,001 - $15,000",,2,https://disclosures-clerk.house.gov/public_disc/ptr-pdfs/2025/20027995.pdf,accepted
20027995,Hon. Scott Scott Franklin,Lockheed Martin Corporation Common Stock,LMT,ST,P,2025-02-18,1001.0,15000.0,"$1,001 - $15,000",,2,https://disclosures-clerk.house.gov/public_disc/ptr-pdfs/2025/20027995.pdf,accepted
20027995,Hon. Scott Scott Franklin,Lockheed Martin Corporation Common Stock,LMT,ST,P,2025-02-18,15001.0,50000.0,"$15,001 - $50,000",,2,https://disclosures-clerk.house.gov/public_disc/ptr-pdfs/2025/20027995.pdf,accepted
20028002,Hon. Marjorie Taylor Greene,AbbVie Inc. Common Stock,ABBV,ST,P,2025-03-17,1001.0,15000.0,"$1,001 - $15,000",,1,https://disclosures-clerk.house.gov/public_disc/ptr-pdfs/2025/20028002.pdf,accepted
20028002,Hon. Marjorie Taylor Greene,Alphabet Inc. - Class C Capital Stock,GOOG,ST,P,2025-03-17,1001.0,15000.0,"$1,001 - $15,000",,1,https://disclosures-clerk.house.gov/public_disc/ptr-pdfs/2025/20028002.pdf,accepted
20028002,Hon. Marjorie Taylor Greene,Apple Inc. - Common Stock,AAPL,ST,P,2025-03-17,1001.0,15000.0,"$1,001 - $15,000",,1,https://disclosures-clerk.house.gov/public_disc/ptr-pdfs/2025/20028002.pdf,accepted
20028002,Hon. Marjorie Taylor Greene,"Applied Materials, Inc. - Common Stock",AMAT,ST,P,2025-03-17,1001.0,15000.0,"$1,001 - $15,000",,1,https://disclosures-clerk.house.gov/public_disc/ptr-pdfs/2025/20028002.pdf,accepted
20028002,Hon. Marjorie Taylor Greene,Blackstone Inc. Common Stock,BX,ST,P,2025-03-17,1001.0,15000.0,"$1,001 - $15,000",,1,https://disclosures-clerk.house.gov/public_disc/ptr-pdfs/2025/20028002.pdf,accepted
20028002,Hon. Marjorie Taylor Greene,"Cardinal Health, Inc. Common Stock",CAH,ST,P,2025-03-17,1001.0,15000.0,"$1,001 - $15,000",,1,https://disclosures-clerk.house.gov/public_disc/ptr-pdfs/2025/20028002.pdf,accepted
20028002,Hon. Marjorie Taylor Greene,"Caterpillar, Inc. Common Stock",CAT,ST,P,2025-03-17,1001.0,15000.0,"$1,001 - $15,000",,1,https://disclosures-clerk.house.gov/public_disc/ptr-pdfs/2025/20028002.pdf,accepted
20028002,Hon. Marjorie Taylor Greene,Costco Wholesale Corporation,COST,ST,P,2025-03-17,1001.0,15000.0,"$1,001 - $15,000",,1,https://disclosures-clerk.house.gov/public_disc/ptr-pdfs/2025/20028002.pdf,accepted
20028002,Hon. Marjorie Taylor Greene,"Digital Realty Trust, Inc. Common Stock",DLR,ST,P,2025-03-17,1001.0,15000.0,"$1,001 - $15,000",,2,https://disclosures-clerk.house.gov/public_disc/ptr-pdfs/2025/20028002.pdf,accepted
20028002,Hon. Marjorie Taylor Greene,"Kinder Morgan, Inc. Common Stock",KMI,ST,P,2025-03-17,1001.0,15000.0,"$1,001 - $15,000",,2,https://disclosures-clerk.house.gov/public_disc/ptr-pdfs/2025/20028002.pdf,accepted
20028002,Hon. Marjorie Taylor Greene,NVIDIA Corporation - Common Stock,NVDA,ST,P,2025-03-17,1001.0,15000.0,"$1,001 - $15,000",,2,https://disclosures-clerk.house.gov/public_disc/ptr-pdfs/2025/20028002.pdf,accepted
20028002,Hon. Marjorie Taylor Greene,"United Parcel Service, Inc. Common Stock",UPS,ST,P,2025-03-17,1001.0,15000.0,"$1,001 - $15,000",,2,https://disclosures-clerk.house.gov/public_disc/ptr-pdfs/2025/20028002.pdf,accepted
20029026,Hon. Gilbert Cisneros,ASML Holding N.V. - New York Registry Shares,ASML,ST,P,2025-03-17,1001.0,15000.0,"$1,001 - $15,000",,1,https://disclosures-clerk.house.gov/public_disc/ptr-pdfs/2025/20029026.pdf,accepted
20029026,Hon. Gilbert Cisneros,Barclays Plc Ord Ordinary Shares,BCLYF,ST,P,2025-03-20,1001.0,15000.0,"$1,001 - $15,000",,1,https://disclosures-clerk.house.gov/public_disc/ptr-pdfs/2025/20029026.pdf,accepted
20029026,Hon. Gilbert Cisneros,Boeing Company,BA,ST,P,2025-03-31,1001.0,15000.0,"$1,001 - $15,000",,1,https://disclosures-clerk.house.gov/public_disc/ptr-pdfs/2025/20029026.pdf,accepted
20029026,Hon. Gilbert Cisneros,"CBIZ, Inc. Common Stock",CBZ,ST,P,2025-03-24,1001.0,15000.0,"$1,001 - $15,000",,2,https://disclosures-clerk.house.gov/public_disc/ptr-pdfs/2025/20029026.pdf,accepted
20029026,Hon. Gilbert Cisneros,Ferguson Enterprises Inc. Common Stock,FERG,ST,P,2025-03-17,15001.0,50000.0,"$15,001 - $50,000",,2,https://disclosures-clerk.house.gov/public_disc/ptr-pdfs/2025/20029026.pdf,accepted
20029026,Hon. Gilbert Cisneros,Ford Motor Company Common Stock,F,ST,P,2025-03-31,1001.0,15000.0,"$1,001 - $15,000",,2,https://disclosures-clerk.house.gov/public_disc/ptr-pdfs/2025/20029026.pdf,accepted
20029026,Hon. Gilbert Cisneros,Johnson & Johnson Common Stock,JNJ,ST,P,2025-03-31,15001.0,50000.0,"$15,001 - $50,000",,3,https://disclosures-clerk.house.gov/public_disc/ptr-pdfs/2025/20029026.pdf,accepted
20029026,Hon. Gilbert Cisneros,Palantir Technologies Inc. - Class A Common Stock,PLTR,ST,P,2025-03-31,1001.0,15000.0,"$1,001 - $15,000",,3,https://disclosures-clerk.house.gov/public_disc/ptr-pdfs/2025/20029026.pdf,accepted
20029026,Hon. Gilbert Cisneros,PAR Technology Corporation Common Stock,PAR,ST,P,2025-03-13,1001.0,15000.0,"$1,001 - $15,000",,3,https://disclosures-clerk.house.gov/public_disc/ptr-pdfs/2025/20029026.pdf,accepted
20029026,Hon. Gilbert Cisneros,PTC Inc. - Common Stock,PTC,ST,P,2025-04-01,15001.0,50000.0,"$15,001 - $50,000",,4,https://disclosures-clerk.house.gov/public_disc/ptr-pdfs/2025/20029026.pdf,accepted
20029026,Hon. Gilbert Cisneros,"RB Global, Inc. Common Stock",RBA,ST,P,2025-03-17,1001.0,15000.0,"$1,001 - $15,000",,4,https://disclosures-clerk.house.gov/public_disc/ptr-pdfs/2025/20029026.pdf,accepted
20029026,Hon. Gilbert Cisneros,"Supernus Pharmaceuticals, Inc. - Common Stock",SUPN,ST,P,2025-03-24,1001.0,15000.0,"$1,001 - $15,000",,4,https://disclosures-clerk.house.gov/public_disc/ptr-pdfs/2025/20029026.pdf,accepted
20029026,Hon. Gilbert Cisneros,"Tandem Diabetes Care, Inc. - Common Stock",TNDM,ST,P,2025-03-04,1001.0,15000.0,"$1,001 - $15,000",,4,https://disclosures-clerk.house.gov/public_disc/ptr-pdfs/2025/20029026.pdf,accepted
20029026,Hon. Gilbert Cisneros,Tencent Holdings Limited Ordinary Shares,TCTZF,ST,P,2025-03-20,1001.0,15000.0,"$1,001 - $15,000",,4,https://disclosures-clerk.house.gov/public_disc/ptr-pdfs/2025/20029026.pdf,accepted
20029026,Hon. Gilbert Cisneros,"The Vita Coco Company, Inc.",COCO,ST,P,2025-03-04,1001.0,15000.0,"$1,001 - $15,000",,4,https://disclosures-clerk.house.gov/public_disc/ptr-pdfs/2025/20029026.pdf,accepted
20029026,Hon. Gilbert Cisneros,UnitedHealth Group Incorporated Common Stock,UNH,ST,P,2025-03-31,15001.0,50000.0,"$15,001 - $50,000",,5,https://disclosures-clerk.house.gov/public_disc/ptr-pdfs/2025/20029026.pdf,accepted
20029026,Hon. Gilbert Cisneros,Utz Brands Inc Class A Common Stock,UTZ,ST,P,2025-03-24,1001.0,15000.0,"$1,001 - $15,000",,5,https://disclosures-clerk.house.gov/public_disc/ptr-pdfs/2025/20029026.pdf,accepted
20029034,Hon. Rob Bresnahan,AbbVie Inc. Common Stock,ABBV,ST,P,2025-02-25,1001.0,15000.0,"$1,001 - $15,000",,1,https://disclosures-clerk.house.gov/public_disc/ptr-pdfs/2025/20029034.pdf,accepted
20029034,Hon. Rob Bresnahan,"Airbnb, Inc. - Class A Common Stock",ABNB,ST,P,2025-02-25,1001.0,15000.0,"$1,001 - $15,000",,1,https://disclosures-clerk.house.gov/public_disc/ptr-pdfs/2025/20029034.pdf,accepted
20029034,Hon. Rob Bresnahan,"Alexandria Real Estate Equities, Inc. Common Stock",ARE,ST,P,2025-02-25,1001.0,15000.0,"$1,001 - $15,000",,1,https://disclosures-clerk.house.gov/public_disc/ptr-pdfs/2025/20029034.pdf,accepted
20029034,Hon. Rob Bresnahan,Alibaba Group Holding Limited American Depositary Shares each representing eight Ordinary share,BABA,ST,P,2025-02-25,1001.0,15000.0,"$1,001 - $15,000",,1,https://disclosures-clerk.house.gov/public_disc/ptr-pdfs/2025/20029034.pdf,accepted
20029034,Hon. Rob Bresnahan,Alibaba Group Holding Limited American Depositary Shares each representing eight Ordinary share,BABA,ST,P,2025-03-03,1001.0,15000.0,"$1,001 - $15,000",,2,https://disclosures-clerk.house.gov/public_disc/ptr-pdfs/2025/20029034.pdf,accepted
20029034,Hon. Rob Bresnahan,"Align Technology, Inc. - Common Stock",ALGN,ST,P,2025-02-25,1001.0,15000.0,"$1,001 - $15,000",,2,https://disclosures-clerk.house.gov/public_disc/ptr-pdfs/2025/20029034.pdf,accepted
20029034,Hon. Rob Bresnahan,Biogen Inc. - Common Stock,BIIB,ST,P,2025-02-25,1001.0,15000.0,"$1,001 - $15,000",,3,https://disclosures-clerk.house.gov/public_disc/ptr-pdfs/2025/20029034.pdf,accepted
20029034,Hon. Rob Bresnahan,Bio-Techne Corp - Common Stock,TECH,ST,P,2025-02-25,1001.0,15000.0,"$1,001 - $15,000",,3,https://disclosures-clerk.house.gov/public_disc/ptr-pdfs/2025/20029034.pdf,accepted
20029034,Hon. Rob Bresnahan,Boeing Company,BA,ST,P,2025-02-25,15001.0,50000.0,"$15,001 - $50,000",,3,https://disclosures-clerk.house.gov/public_disc/ptr-pdfs/2025/20029034.pdf,accepted
20029034,Hon. Rob Bresnahan,Campbell Soup Company Common Stock,CPB,ST,P,2025-02-25,1001.0,15000.0,"$1,001 - $15,000",,3,https://disclosures-clerk.house.gov/public_disc/ptr-pdfs/2025/20029034.pdf,accepted
20029034,Hon. Rob Bresnahan,"CenterPoint Energy, Inc",CNP,ST,P,2025-02-25,1001.0,15000.0,"$1,001 - $15,000",,3,https://disclosures-clerk.house.gov/public_disc/ptr-pdfs/2025/20029034.pdf,accepted
20029034,Hon. Rob Bresnahan,CVS Health Corporation Common Stock,CVS,ST,P,2025-02-25,1001.0,15000.0,"$1,001 - $15,000",,4,https://disclosures-clerk.house.gov/public_disc/ptr-pdfs/2025/20029034.pdf,accepted
20029034,Hon. Rob Bresnahan,Deere & Company Common Stock,DE,ST,P,2025-02-25,15001.0,50000.0,"$15,001 - $50,000",,4,https://disclosures-clerk.house.gov/public_disc/ptr-pdfs/2025/20029034.pdf,accepted
20029034,Hon. Rob Bresnahan,"DexCom, Inc. - Common Stock",DXCM,ST,P,2025-02-25,1001.0,15000.0,"$1,001 - $15,000",,4,https://disclosures-clerk.house.gov/public_disc/ptr-pdfs/2025/20029034.pdf,accepted
20029034,Hon. Rob Bresnahan,Dollar General Corporation Common Stock,DG,ST,P,2025-02-25,1001.0,15000.0,"$1,001 - $15,000",,4,https://disclosures-clerk.house.gov/public_disc/ptr-pdfs/2025/20029034.pdf,accepted
20029034,Hon. Rob Bresnahan,Emerson Electric Company Common Stock,EMR,ST,P,2025-02-25,1001.0,15000.0,"$1,001 - $15,000",,5,https://disclosures-clerk.house.gov/public_disc/ptr-pdfs/2025/20029034.pdf,accepted
20029034,Hon. Rob Bresnahan,"EOG Resources, Inc. Common Stock",EOG,ST,P,2025-02-25,1001.0,15000.0,"$1,001 - $15,000",,5,https://disclosures-clerk.house.gov/public_disc/ptr-pdfs/2025/20029034.pdf,accepted
20029034,Hon. Rob Bresnahan,GE HealthCare Technologies Inc. - Common Stock,GEHC,ST,P,2025-02-25,1001.0,15000.0,"$1,001 - $15,000",,5,https://disclosures-clerk.house.gov/public_disc/ptr-pdfs/2025/20029034.pdf,accepted
20029034,Hon. Rob Bresnahan,Halliburton Company Common Stock,HAL,ST,P,2025-02-25,1001.0,15000.0,"$1,001 - $15,000",,6,https://disclosures-clerk.house.gov/public_disc/ptr-pdfs/2025/20029034.pdf,accepted
20029034,Hon. Rob Bresnahan,Humana Inc. Common Stock,HUM,ST,P,2025-02-25,1001.0,15000.0,"$1,001 - $15,000",,6,https://disclosures-clerk.house.gov/public_disc/ptr-pdfs/2025/20029034.pdf,accepted
20029034,Hon. Rob Bresnahan,"IDEXX Laboratories, Inc. - Common Stock",IDXX,ST,P,2025-02-25,1001.0,15000.0,"$1,001 - $15,000",,6,https://disclosures-clerk.house.gov/public_disc/ptr-pdfs/2025/20029034.pdf,accepted
20029034,Hon. Rob Bresnahan,Intel Corporation - Common Stock,INTC,ST,P,2025-03-03,1001.0,15000.0,"$1,001 - $15,000",,6,https://disclosures-clerk.house.gov/public_disc/ptr-pdfs/2025/20029034.pdf,accepted
20029034,Hon. Rob Bresnahan,Intel Corporation - Common Stock,INTC,ST,P,2025-02-26,1001.0,15000.0,"$1,001 - $15,000",,6,https://disclosures-clerk.house.gov/public_disc/ptr-pdfs/2025/20029034.pdf,accepted
20029034,Hon. Rob Bresnahan,Intuit Inc. - Common Stock,INTU,ST,P,2025-02-25,1001.0,15000.0,"$1,001 - $15,000",,6,https://disclosures-clerk.house.gov/public_disc/ptr-pdfs/2025/20029034.pdf,accepted
20029034,Hon. Rob Bresnahan,Intuit Inc. - Common Stock,INTU,ST,P,2025-03-07,1001.0,15000.0,"$1,001 - $15,000",,6,https://disclosures-clerk.house.gov/public_disc/ptr-pdfs/2025/20029034.pdf,accepted
20029034,Hon. Rob Bresnahan,Intuit Inc. - Common Stock,INTU,ST,P,2025-02-25,1001.0,15000.0,"$1,001 - $15,000",,7,https://disclosures-clerk.house.gov/public_disc/ptr-pdfs/2025/20029034.pdf,accepted
20029034,Hon. Rob Bresnahan,Keurig Dr Pepper Inc.,KDP,ST,P,2025-02-25,1001.0,15000.0,"$1,001 - $15,000",,7,https://disclosures-clerk.house.gov/public_disc/ptr-pdfs/2025/20029034.pdf,accepted
20029034,Hon. Rob Bresnahan,Labcorp Holdings Inc. Common Stock,LH,ST,P,2025-02-25,1001.0,15000.0,"$1,001 - $15,000",,7,https://disclosures-clerk.house.gov/public_disc/ptr-pdfs/2025/20029034.pdf,accepted
20029034,Hon. Rob Bresnahan,lululemon athletica inc. - Common Stock,LULU,ST,P,2025-02-25,1001.0,15000.0,"$1,001 - $15,000",,7,https://disclosures-clerk.house.gov/public_disc/ptr-pdfs/2025/20029034.pdf,accepted
20029034,Hon. Rob Bresnahan,Medtronic plc. Ordinary Shares,MDT,ST,P,2025-02-25,1001.0,15000.0,"$1,001 - $15,000",,7,https://disclosures-clerk.house.gov/public_disc/ptr-pdfs/2025/20029034.pdf,accepted
20029034,Hon. Rob Bresnahan,"Meta Platforms, Inc. - Class A Common Stock",META,ST,P,2025-03-04,1001.0,15000.0,"$1,001 - $15,000",,8,https://disclosures-clerk.house.gov/public_disc/ptr-pdfs/2025/20029034.pdf,accepted
20029034,Hon. Rob Bresnahan,"Moderna, Inc. - Common Stock",MRNA,ST,P,2025-02-25,1001.0,15000.0,"$1,001 - $15,000",,8,https://disclosures-clerk.house.gov/public_disc/ptr-pdfs/2025/20029034.pdf,accepted
20029034,Hon. Rob Bresnahan,"Mondelez International, Inc. - Class A Common Stock",MDLZ,ST,P,2025-02-25,1001.0,15000.0,"$1,001 - $15,000",,8,https://disclosures-clerk.house.gov/public_disc/ptr-pdfs/2025/20029034.pdf,accepted
20029034,Hon. Rob Bresnahan,NVIDIA Corporation - Common Stock,NVDA,ST,P,2025-02-26,1001.0,15000.0,"$1,001 - $15,000",,8,https://disclosures-clerk.house.gov/public_disc/ptr-pdfs/2025/20029034.pdf,accepted
20029034,Hon. Rob Bresnahan,Occidental Petroleum Corporation Common Stock,OXY,ST,P,2025-02-25,15001.0,50000.0,"$15,001 - $50,000",,8,https://disclosures-clerk.house.gov/public_disc/ptr-pdfs/2025/20029034.pdf,accepted
20029034,Hon. Rob Bresnahan,Palantir Technologies Inc. - Class A Common Stock,PLTR,ST,P,2025-02-25,1001.0,15000.0,"$1,001 - $15,000",,9,https://disclosures-clerk.house.gov/public_disc/ptr-pdfs/2025/20029034.pdf,accepted
20029034,Hon. Rob Bresnahan,"Pfizer, Inc. Common Stock",PFE,ST,P,2025-02-25,15001.0,50000.0,"$15,001 - $50,000",,9,https://disclosures-clerk.house.gov/public_disc/ptr-pdfs/2025/20029034.pdf,accepted
20029034,Hon. Rob Bresnahan,"Quanta Services, Inc. Common Stock",PWR,ST,P,2025-02-25,1001.0,15000.0,"$1,001 - $15,000",,9,https://disclosures-clerk.house.gov/public_disc/ptr-pdfs/2025/20029034.pdf,accepted
20029034,Hon. Rob Bresnahan,"Revvity, Inc. Common Stock",RVTY,ST,P,2025-02-25,1001.0,15000.0,"$1,001 - $15,000",,10,https://disclosures-clerk.house.gov/public_disc/ptr-pdfs/2025/20029034.pdf,accepted
20029034,Hon. Rob Bresnahan,"Rockwell Automation, Inc. Common Stock",ROK,ST,P,2025-02-25,1001.0,15000.0,"$1,001 - $15,000",,10,https://disclosures-clerk.house.gov/public_disc/ptr-pdfs/2025/20029034.pdf,accepted
20029034,Hon. Rob Bresnahan,Schlumberger N.V. Common Stock,SLB,ST,P,2025-02-25,1001.0,15000.0,"$1,001 - $15,000",,10,https://disclosures-clerk.house.gov/public_disc/ptr-pdfs/2025/20029034.pdf,accepted
20029034,Hon. Rob Bresnahan,"Sea Limited American Depositary Shares, each representing one Class A Ordinary Share",SE,ST,P,2025-03-05,1001.0,15000.0,"$1,001 - $15,000",,10,https://disclosures-clerk.house.gov/public_disc/ptr-pdfs/2025/20029034.pdf,accepted
20029034,Hon. Rob Bresnahan,Snowflake Inc. Class A Common Stock,SNOW,ST,P,2025-03-03,1001.0,15000.0,"$1,001 - $15,000",,10,https://disclosures-clerk.house.gov/public_disc/ptr-pdfs/2025/20029034.pdf,accepted
20029034,Hon. Rob Bresnahan,Snowflake Inc. Class A Common Stock,SNOW,ST,P,2025-02-26,1001.0,15000.0,"$1,001 - $15,000",,10,https://disclosures-clerk.house.gov/public_disc/ptr-pdfs/2025/20029034.pdf,accepted
20029034,Hon. Rob Bresnahan,STERIS plc,STE,ST,P,2025-02-25,1001.0,15000.0,"$1,001 - $15,000",,10,https://disclosures-clerk.house.gov/public_disc/ptr-pdfs/2025/20029034.pdf,accepted
20029034,Hon. Rob Bresnahan,"Super Micro Computer, Inc. - Common Stock",SMCI,ST,P,2025-02-25,1001.0,15000.0,"$1,001 - $15,000",,10,https://disclosures-clerk.house.gov/public_disc/ptr-pdfs/2025/20029034.pdf,accepted
20029034,Hon. Rob Bresnahan,"Take-Two Interactive Software, Inc. - Common Stock",TTWO,ST,P,2025-03-03,1001.0,15000.0,"$1,001 - $15,000",,11,https://disclosures-clerk.house.gov/public_disc/ptr-pdfs/2025/20029034.pdf,accepted
20029034,Hon. Rob Bresnahan,The AES Corporation Common Stock,AES,ST,P,2025-02-25,1001.0,15000.0,"$1,001 - $15,000",,11,https://disclosures-clerk.house.gov/public_disc/ptr-pdfs/2025/20029034.pdf,accepted
20029034,Hon. Rob Bresnahan,The Hershey Company Common Stock,HSY,ST,P,2025-02-25,1001.0,15000.0,"$1,001 - $15,000",,11,https://disclosures-clerk.house.gov/public_disc/ptr-pdfs/2025/20029034.pdf,accepted
20029034,Hon. Rob Bresnahan,The Kraft Heinz Company - Common Stock,KHC,ST,P,2025-02-25,1001.0,15000.0,"$1,001 - $15,000",,12,https://disclosures-clerk.house.gov/public_disc/ptr-pdfs/2025/20029034.pdf,accepted
20029034,Hon. Rob Bresnahan,"The Trade Desk, Inc. - Class A Common Stock",TTD,ST,P,2025-02-26,1001.0,15000.0,"$1,001 - $15,000",,12,https://disclosures-clerk.house.gov/public_disc/ptr-pdfs/2025/20029034.pdf,accepted
20029034,Hon. Rob Bresnahan,Twilio Inc. Class A Common Stock,TWLO,ST,P,2025-02-25,1001.0,15000.0,"$1,001 - $15,000",,12,https://disclosures-clerk.house.gov/public_disc/ptr-pdfs/2025/20029034.pdf,accepted
20029034,Hon. Rob Bresnahan,Twilio Inc. Class A Common Stock,TWLO,ST,P,2025-03-04,1001.0,15000.0,"$1,001 - $15,000",,12,https://disclosures-clerk.house.gov/public_disc/ptr-pdfs/2025/20029034.pdf,accepted
20029034,Hon. Rob Bresnahan,Viatris Inc. - Common Stock,VTRS,ST,P,2025-02-25,1001.0,15000.0,"$1,001 - $15,000",,13,https://disclosures-clerk.house.gov/public_disc/ptr-pdfs/2025/20029034.pdf,accepted
20029034,Hon. Rob Bresnahan,Visa Inc.,V,ST,P,2025-02-25,1001.0,15000.0,"$1,001 - $15,000",,13,https://disclosures-clerk.house.gov/public_disc/ptr-pdfs/2025/20029034.pdf,accepted
20029034,Hon. Rob Bresnahan,Waters Corporation Common Stock,WAT,ST,P,2025-02-25,1001.0,15000.0,"$1,001 - $15,000",,13,https://disclosures-clerk.house.gov/public_disc/ptr-pdfs/2025/20029034.pdf,accepted
20029034,Hon. Rob Bresnahan,"West Pharmaceutical Services, Inc. Common Stock",WST,ST,P,2025-02-25,1001.0,15000.0,"$1,001 - $15,000",,13,https://disclosures-clerk.house.gov/public_disc/ptr-pdfs/2025/20029034.pdf,accepted
20029034,Hon. Rob Bresnahan,Weyerhaeuser Company Common Stock,WY,ST,P,2025-02-25,1001.0,15000.0,"$1,001 - $15,000",,13,https://disclosures-clerk.house.gov/public_disc/ptr-pdfs/2025/20029034.pdf,accepted
20029034,Hon. Rob Bresnahan,"Zoom Communications, Inc. - Class A Common Stock",ZM,ST,P,2025-02-25,1001.0,15000.0,"$1,001 - $15,000",,13,https://disclosures-clerk.house.gov/public_disc/ptr-pdfs/2025/20029034.pdf,accepted
20029034,Hon. Rob Bresnahan,"Zoom Communications, Inc. - Class A Common Stock",ZM,ST,P,2025-03-04,1001.0,15000.0,"$1,001 - $15,000",,13,https://disclosures-clerk.house.gov/public_disc/ptr-pdfs/2025/20029034.pdf,accepted
20029038,Hon. Jefferson Shreve,"Advanced Micro Devices, Inc.",AMD,ST,P,2025-03-31,50001.0,100000.0,"$50,001 - $100,000",,1,https://disclosures-clerk.house.gov/public_disc/ptr-pdfs/2025/20029038.pdf,accepted
20029038,Hon. Jefferson Shreve,"Advanced Micro Devices, Inc.",AMD,ST,P,2025-03-05,15001.0,50000.0,"$15,001 - $50,000",,1,https://disclosures-clerk.house.gov/public_disc/ptr-pdfs/2025/20029038.pdf,accepted
20029038,Hon. Jefferson Shreve,"Akamai Technologies, Inc. - Common Stock",AKAM,ST,P,2025-03-31,15001.0,50000.0,"$15,001 - $50,000",,2,https://disclosures-clerk.house.gov/public_disc/ptr-pdfs/2025/20029038.pdf,accepted
20029038,Hon. Jefferson Shreve,"American International Group, Inc. New Common Stock",AIG,ST,P,2025-03-13,15001.0,50000.0,"$15,001 - $50,000",,2,https://disclosures-clerk.house.gov/public_disc/ptr-pdfs/2025/20029038.pdf,accepted
20029038,Hon. Jefferson Shreve,"Analog Devices, Inc. - Common Stock",ADI,ST,P,2025-03-31,15001.0,50000.0,"$15,001 - $50,000",,2,https://disclosures-clerk.house.gov/public_disc/ptr-pdfs/2025/20029038.pdf,accepted
20029038,Hon. Jefferson Shreve,Aon plc Class A Ordinary Shares,AON,ST,P,2025-03-13,15001.0,50000.0,"$15,001 - $50,000",,2,https://disclosures-clerk.house.gov/public_disc/ptr-pdfs/2025/20029038.pdf,accepted
20029038,Hon. Jefferson Shreve,Apple Inc. - Common Stock,AAPL,ST,P,2025-03-31,15001.0,50000.0,"$15,001 - $50,000",,2,https://disclosures-clerk.house.gov/public_disc/ptr-pdfs/2025/20029038.pdf,accepted
20029038,Hon. Jefferson Shreve,"Applied Materials, Inc. - Common Stock",AMAT,ST,P,2025-03-13,15001.0,50000.0,"$15,001 - $50,000",,2,https://disclosures-clerk.house.gov/public_disc/ptr-pdfs/2025/20029038.pdf,accepted
20029038,Hon. Jefferson Shreve,"Axon Enterprise, Inc. - Common Stock",AXON,ST,P,2025-03-05,15001.0,50000.0,"$15,001 - $50,000",,3,https://disclosures-clerk.house.gov/public_disc/ptr-pdfs/2025/20029038.pdf,accepted
20029038,Hon. Jefferson Shreve,Ball Corporation Common Stock,BALL,ST,P,2025-03-05,15001.0,50000.0,"$15,001 - $50,000",,3,https://disclosures-clerk.house.gov/public_disc/ptr-pdfs/2025/20029038.pdf,accepted
20029038,Hon. Jefferson Shreve,"BlackRock, Inc. Common Stock",BLK,ST,P,2025-03-31,50001.0,100000.0,"$50,001 - $100,000",,4,https://disclosures-clerk.house.gov/public_disc/ptr-pdfs/2025/20029038.pdf,accepted
20029038,Hon. Jefferson Shreve,"Block, Inc. Class A Common Stock,",XYZ,ST,P,2025-03-31,50001.0,100000.0,"$50,001 - $100,000",,4,https://disclosures-clerk.house.gov/public_disc/ptr-pdfs/2025/20029038.pdf,accepted
20029038,Hon. Jefferson Shreve,Broadcom Inc. - Common Stock,AVGO,ST,P,2025-03-13,15001.0,50000.0,"$15,001 - $50,000",,4,https://disclosures-clerk.house.gov/public_disc/ptr-pdfs/2025/20029038.pdf,accepted
20029038,Hon. Jefferson Shreve,"Caesars Entertainment, Inc. - Common Stock",CZR,ST,P,2025-03-13,15001.0,50000.0,"$15,001 - $50,000",,4,https://disclosures-clerk.house.gov/public_disc/ptr-pdfs/2025/20029038.pdf,accepted
20029038,Hon. Jefferson Shreve,"Cboe Global Markets, Inc.",CBOE,ST,P,2025-03-13,15001.0,50000.0,"$15,001 - $50,000",,4,https://disclosures-clerk.house.gov/public_disc/ptr-pdfs/2025/20029038.pdf,accepted
20029038,Hon. Jefferson Shreve,"Cboe Global Markets, Inc.",CBOE,ST,P,2025-03-05,15001.0,50000.0,"$15,001 - $50,000",,5,https://disclosures-clerk.house.gov/public_disc/ptr-pdfs/2025/20029038.pdf,accepted
20029038,Hon. Jefferson Shreve,Centene Corporation Common Stock,CNC,ST,P,2025-03-05,15001.0,50000.0,"$15,001 - $50,000",,5,https://disclosures-clerk.house.gov/public_disc/ptr-pdfs/2025/20029038.pdf,accepted
20029038,Hon. Jefferson Shreve,Comcast Corporation - Class A Common Stock,CMCSA,ST,P,2025-03-31,15001.0,50000.0,"$15,001 - $50,000",,5,https://disclosures-clerk.house.gov/public_disc/ptr-pdfs/2025/20029038.pdf,accepted
20029038,Hon. Jefferson Shreve,Dollar General Corporation Common Stock,DG,ST,P,2025-03-05,15001.0,50000.0,"$15,001 - $50,000",,6,https://disclosures-clerk.house.gov/public_disc/ptr-pdfs/2025/20029038.pdf,accepted
20029038,Hon. Jefferson Shreve,"EPAM Systems, Inc. Common Stock",EPAM,ST,P,2025-03-31,15001.0,50000.0,"$15,001 - $50,000",,6,https://disclosures-clerk.house.gov/public_disc/ptr-pdfs/2025/20029038.pdf,accepted
20029038,Hon. Jefferson Shreve,"Exponent, Inc. - Common Stock",EXPO,ST,P,2025-03-13,15001.0,50000.0,"$15,001 - $50,000",,6,https://disclosures-clerk.house.gov/public_disc/ptr-pdfs/2025/20029038.pdf,accepted
20029038,Hon. Jefferson Shreve,First Busey Corporation - Common Stock,BUSE,ST,P,2025-03-13,15001.0,50000.0,"$15,001 - $50,000",,6,https://disclosures-clerk.house.gov/public_disc/ptr-pdfs/2025/20029038.pdf,accepted
20029038,Hon. Jefferson Shreve,"Fortune Brands Innovations, Inc. Common Stock",FBIN,ST,P,2025-03-13,15001.0,50000.0,"$15,001 - $50,000",,7,https://disclosures-clerk.house.gov/public_disc/ptr-pdfs/2025/20029038.pdf,accepted
20029038,Hon. Jefferson Shreve,"Gilead Sciences, Inc. - Common Stock",GILD,ST,P,2025-03-31,15001.0,50000.0,"$15,001 - $50,000",,7,https://disclosures-clerk.house.gov/public_disc/ptr-pdfs/2025/20029038.pdf,accepted
20029038,Hon. Jefferson Shreve,"Goldman Sachs Group, Inc.",GS,ST,P,2025-03-05,15001.0,50000.0,"$15,001 - $50,000",,7,https://disclosures-clerk.house.gov/public_disc/ptr-pdfs/2025/20029038.pdf,accepted
20029038,Hon. Jefferson Shreve,"Harley-Davidson, Inc. Common Stock",HOG,ST,P,2025-03-31,15001.0,50000.0,"$15,001 - $50,000",,7,https://disclosures-clerk.house.gov/public_disc/ptr-pdfs/2025/20029038.pdf,accepted
20029038,Hon. Jefferson Shreve,Heico Corporation Common Stock,HEI.A,ST,P,2025-03-13,15001.0,50000.0,"$15,001 - $50,000",,7,https://disclosures-clerk.house.gov/public_disc/ptr-pdfs/2025/20029038.pdf,accepted
20029038,Hon. Jefferson Shreve,"Highwoods Properties, Inc. Common Stock",HIW,ST,P,2025-03-13,15001.0,50000.0,"$15,001 - $50,000",,8,https://disclosures-clerk.house.gov/public_disc/ptr-pdfs/2025/20029038.pdf,accepted
20029038,Hon. Jefferson Shreve,"Highwoods Properties, Inc. Common Stock",HIW,ST,P,2025-03-05,15001.0,50000.0,"$15,001 - $50,000",,8,https://disclosures-clerk.house.gov/public_disc/ptr-pdfs/2025/20029038.pdf,accepted
20029038,Hon. Jefferson Shreve,HNI Corporation Common Stock,HNI,ST,P,2025-03-31,15001.0,50000.0,"$15,001 - $50,000",,8,https://disclosures-clerk.house.gov/public_disc/ptr-pdfs/2025/20029038.pdf,accepted
20029038,Hon. Jefferson Shreve,"Home Depot, Inc.",HD,ST,P,2025-03-31,15001.0,50000.0,"$15,001 - $50,000",,8,https://disclosures-clerk.house.gov/public_disc/ptr-pdfs/2025/20029038.pdf,accepted
20029038,Hon. Jefferson Shreve,Hubbell Inc Common Stock,HUBB,ST,P,2025-03-31,15001.0,50000.0,"$15,001 - $50,000",,8,https://disclosures-clerk.house.gov/public_disc/ptr-pdfs/2025/20029038.pdf,accepted
20029038,Hon. Jefferson Shreve,"IDEXX Laboratories, Inc. - Common Stock",IDXX,ST,P,2025-03-13,15001.0,50000.0,"$15,001 - $50,000",,9,https://disclosures-clerk.house.gov/public_disc/ptr-pdfs/2025/20029038.pdf,accepted
20029038,Hon. Jefferson Shreve,Intel Corporation - Common Stock,INTC,ST,P,2025-03-13,15001.0,50000.0,"$15,001 - $50,000",,9,https://disclosures-clerk.house.gov/public_disc/ptr-pdfs/2025/20029038.pdf,accepted
20029038,Hon. Jefferson Shreve,Johnson & Johnson Common Stock,JNJ,ST,P,2025-03-05,15001.0,50000.0,"$15,001 - $50,000",,9,https://disclosures-clerk.house.gov/public_disc/ptr-pdfs/2025/20029038.pdf,accepted
20029038,Hon. Jefferson Shreve,Lam Research Corporation - Common Stock,LRCX,ST,P,2025-03-31,50001.0,100000.0,"$50,001 - $100,000",,9,https://disclosures-clerk.house.gov/public_disc/ptr-pdfs/2025/20029038.pdf,accepted
20029038,Hon. Jefferson Shreve,"LGI Homes, Inc. - Common Stock",LGIH,ST,P,2025-03-05,15001.0,50000.0,"$15,001 - $50,000",,10,https://disclosures-clerk.house.gov/public_disc/ptr-pdfs/2025/20029038.pdf,accepted
20029038,Hon. Jefferson Shreve,Marathon Petroleum Corporation Common Stock,MPC,ST,P,2025-03-05,15001.0,50000.0,"$15,001 - $50,000",,10,https://disclosures-clerk.house.gov/public_disc/ptr-pdfs/2025/20029038.pdf,accepted
20029038,Hon. Jefferson Shreve,McDonald's Corporation Common Stock,MCD,ST,P,2025-03-05,15001.0,50000.0,"$15,001 - $50,000",,10,https://disclosures-clerk.house.gov/public_disc/ptr-pdfs/2025/20029038.pdf,accepted
20029038,Hon. Jefferson Shreve,Newmont Corporation,NEM,ST,P,2025-03-13,15001.0,50000.0,"$15,001 - $50,000",,10,https://disclosures-clerk.house.gov/public_disc/ptr-pdfs/2025/20029038.pdf,accepted
20029038,Hon. Jefferson Shreve,Norfolk Southern Corporation Common Stock,NSC,ST,P,2025-03-31,15001.0,50000.0,"$15,001 - $50,000",,11,https://disclosures-clerk.house.gov/public_disc/ptr-pdfs/2025/20029038.pdf,accepted
20029038,Hon. Jefferson Shreve,Nucor Corporation Common Stock,NUE,ST,P,2025-03-05,15001.0,50000.0,"$15,001 - $50,000",,11,https://disclosures-clerk.house.gov/public_disc/ptr-pdfs/2025/20029038.pdf,accepted
20029038,Hon. Jefferson Shreve,Oracle Corporation Common Stock,ORCL,ST,P,2025-03-05,15001.0,50000.0,"$15,001 - $50,000",,11,https://disclosures-clerk.house.gov/public_disc/ptr-pdfs/2025/20029038.pdf,accepted
20029038,Hon. Jefferson Shreve,"Prudential Financial, Inc. Common Stock",PRU,ST,P,2025-03-13,15001.0,50000.0,"$15,001 - $50,000",,12,https://disclosures-clerk.house.gov/public_disc/ptr-pdfs/2025/20029038.pdf,accepted
20029038,Hon. Jefferson Shreve,"Quanta Services, Inc. Common Stock",PWR,ST,P,2025-03-31,15001.0,50000.0,"$15,001 - $50,000",,12,https://disclosures-clerk.house.gov/public_disc/ptr-pdfs/2025/20029038.pdf,accepted
20029038,Hon. Jefferson Shreve,"Rapid7, Inc. - Common Stock",RPD,ST,P,2025-03-31,15001.0,50000.0,"$15,001 - $50,000",,12,https://disclosures-clerk.house.gov/public_disc/ptr-pdfs/2025/20029038.pdf,accepted
20029038,Hon. Jefferson Shreve,Schlumberger N.V. Common Stock,SLB,ST,P,2025-03-13,15001.0,50000.0,"$15,001 - $50,000",,12,https://disclosures-clerk.house.gov/public_disc/ptr-pdfs/2025/20029038.pdf,accepted
20029038,Hon. Jefferson Shreve,Target Corporation Common Stock,TGT,ST,P,2025-03-05,15001.0,50000.0,"$15,001 - $50,000",,13,https://disclosures-clerk.house.gov/public_disc/ptr-pdfs/2025/20029038.pdf,accepted
20029038,Hon. Jefferson Shreve,Texas Instruments Incorporated - Common Stock,TXN,ST,P,2025-03-13,15001.0,50000.0,"$15,001 - $50,000",,13,https://disclosures-clerk.house.gov/public_disc/ptr-pdfs/2025/20029038.pdf,accepted
20029038,Hon. Jefferson Shreve,Texas Instruments Incorporated - Common Stock,TXN,ST,P,2025-03-31,15001.0,50000.0,"$15,001 - $50,000",,14,https://disclosures-clerk.house.gov/public_disc/ptr-pdfs/2025/20029038.pdf,accepted
20029038,Hon. Jefferson Shreve,"The Trade Desk, Inc. - Class A Common Stock",TTD,ST,P,2025-03-31,15001.0,50000.0,"$15,001 - $50,000",,14,https://disclosures-clerk.house.gov/public_disc/ptr-pdfs/2025/20029038.pdf,accepted
20029038,Hon. Jefferson Shreve,Transdigm Group Incorporated Common Stock,TDG,ST,P,2025-03-05,15001.0,50000.0,"$15,001 - $50,000",,14,https://disclosures-clerk.house.gov/public_disc/ptr-pdfs/2025/20029038.pdf,accepted
20029038,Hon. Jefferson Shreve,"United Community Banks, Inc. Common Stock",UCB,ST,P,2025-03-31,15001.0,50000.0,"$15,001 - $50,000",,14,https://disclosures-clerk.house.gov/public_disc/ptr-pdfs/2025/20029038.pdf,accepted
20029038,Hon. Jefferson Shreve,UnitedHealth Group Incorporated Common Stock,UNH,ST,P,2025-03-31,15001.0,50000.0,"$15,001 - $50,000",,14,https://disclosures-clerk.house.gov/public_disc/ptr-pdfs/2025/20029038.pdf,accepted
20029038,Hon. Jefferson Shreve,Valero Energy Corporation Common Stock,VLO,ST,P,2025-03-13,15001.0,50000.0,"$15,001 - $50,000",,14,https://disclosures-clerk.house.gov/public_disc/ptr-pdfs/2025/20029038.pdf,accepted
20029038,Hon. Jefferson Shreve,Vertex Pharmaceuticals Incorporated - Common Stock,VRTX,ST,P,2025-03-13,15001.0,50000.0,"$15,001 - $50,000",,15,https://disclosures-clerk.house.gov/public_disc/ptr-pdfs/2025/20029038.pdf,accepted
20029038,Hon. Jefferson Shreve,Vicor Corporation - Common Stock,VICR,ST,P,2025-03-05,15001.0,50000.0,"$15,001 - $50,000",,15,https://disclosures-clerk.house.gov/public_disc/ptr-pdfs/2025/20029038.pdf,accepted
20029038,Hon. Jefferson Shreve,Vistra Corp. Common Stock,VST,ST,P,2025-03-05,15001.0,50000.0,"$15,001 - $50,000",,15,https://disclosures-clerk.house.gov/public_disc/ptr-pdfs/2025/20029038.pdf,accepted
20029038,Hon. Jefferson Shreve,Wells Fargo & Company Common Stock,WFC,ST,P,2025-03-13,15001.0,50000.0,"$15,001 - $50,000",,16,https://disclosures-clerk.house.gov/public_disc/ptr-pdfs/2025/20029038.pdf,accepted
20029038,Hon. Jefferson Shreve,Weyerhaeuser Company Common Stock,WY,ST,P,2025-03-13,15001.0,50000.0,"$15,001 - $50,000",,16,https://disclosures-clerk.house.gov/public_disc/ptr-pdfs/2025/20029038.pdf,accepted
20029038,Hon. Jefferson Shreve,Zoetis Inc. Class A Common Stock,ZTS,ST,P,2025-03-05,15001.0,50000.0,"$15,001 - $50,000",,16,https://disclosures-clerk.house.gov/public_disc/ptr-pdfs/2025/20029038.pdf,accepted
20029053,Hon. Debbie Dingell,Walmart Inc. Common Stock,WMT,ST,P,2025-03-27,15001.0,50000.0,"$15,001 - $50,000",,1,https://disclosures-clerk.house.gov/public_disc/ptr-pdfs/2025/20029053.pdf,accepted
20029055,Hon. Rob Bresnahan,"Cadence Design Systems, Inc. - Common Stock",CDNS,ST,P,2025-03-17,1001.0,15000.0,"$1,001 - $15,000",,1,https://disclosures-clerk.house.gov/public_disc/ptr-pdfs/2025/20029055.pdf,accepted
20029055,Hon. Rob Bresnahan,Intel Corporation - Common Stock,INTC,ST,P,2025-03-13,1001.0,15000.0,"$1,001 - $15,000",,1,https://disclosures-clerk.house.gov/public_disc/ptr-pdfs/2025/20029055.pdf,accepted
20029055,Hon. Rob Bresnahan,International Business Machines Corporation Common Stock,IBM,ST,P,2025-03-11,1001.0,15000.0,"$1,001 - $15,000",,1,https://disclosures-clerk.house.gov/public_disc/ptr-pdfs/2025/20029055.pdf,accepted
20029055,Hon. Rob Bresnahan,International Business Machines Corporation Common Stock,IBM,ST,P,2025-03-10,1001.0,15000.0,"$1,001 - $15,000",,1,https://disclosures-clerk.house.gov/public_disc/ptr-pdfs/2025/20029055.pdf,accepted
20029055,Hon. Rob Bresnahan,"MercadoLibre, Inc. - Common Stock",MELI,ST,P,2025-03-10,1001.0,15000.0,"$1,001 - $15,000",,1,https://disclosures-clerk.house.gov/public_disc/ptr-pdfs/2025/20029055.pdf,accepted
20029055,Hon. Rob Bresnahan,Nu Holdings Ltd. Class A Ordinary Shares,NU,ST,P,2025-03-10,1001.0,15000.0,"$1,001 - $15,000",,2,https://disclosures-clerk.house.gov/public_disc/ptr-pdfs/2025/20029055.pdf,accepted
20029055,Hon. Rob Bresnahan,SBA Communications Corporation - Class A Common Stock,SBAC,ST,P,2025-03-11,1001.0,15000.0,"$1,001 - $15,000",,2,https://disclosures-clerk.house.gov/public_disc/ptr-pdfs/2025/20029055.pdf,accepted
20029055,Hon. Rob Bresnahan,"Sea Limited American Depositary Shares, each representing one Class A Ordinary Share",SE,ST,P,2025-03-11,1001.0,15000.0,"$1,001 - $15,000",,2,https://disclosures-clerk.house.gov/public_disc/ptr-pdfs/2025/20029055.pdf,accepted
20029055,Hon. Rob Bresnahan,"ServiceNow, Inc. Common Stock",NOW,ST,P,2025-03-13,1001.0,15000.0,"$1,001 - $15,000",,2,https://disclosures-clerk.house.gov/public_disc/ptr-pdfs/2025/20029055.pdf,accepted
20029055,Hon. Rob Bresnahan,Texas Instruments Incorporated - Common Stock,TXN,ST,P,2025-03-10,1001.0,15000.0,"$1,001 - $15,000",,3,https://disclosures-clerk.house.gov/public_disc/ptr-pdfs/2025/20029055.pdf,accepted
20029055,Hon. Rob Bresnahan,"Uber Technologies, Inc. Common Stock",UBER,ST,P,2025-03-10,1001.0,15000.0,"$1,001 - $15,000",,3,https://disclosures-clerk.house.gov/public_disc/ptr-pdfs/2025/20029055.pdf,accepted
20029059,Hon. April McClain Delaney,"BJ's Wholesale Club Holdings, Inc. Common Stock",BJ,ST,P,2025-03-17,1001.0,15000.0,"$1,001 - $15,000",,1,https://disclosures-clerk.house.gov/public_disc/ptr-pdfs/2025/20029059.pdf,accepted
20029059,Hon. April McClain Delaney,"BJ's Wholesale Club Holdings, Inc. Common Stock",BJ,ST,P,2025-03-14,1001.0,15000.0,"$1,001 - $15,000",,1,https://disclosures-clerk.house.gov/public_disc/ptr-pdfs/2025/20029059.pdf,accepted
20029059,Hon. April McClain Delaney,"Corpay, Inc. Common Stock",CPAY,ST,P,2025-03-13,1001.0,15000.0,"$1,001 - $15,000",,1,https://disclosures-clerk.house.gov/public_disc/ptr-pdfs/2025/20029059.pdf,accepted
20029059,Hon. April McClain Delaney,"IDEXX Laboratories, Inc. - Common Stock",IDXX,ST,P,2025-03-14,1001.0,15000.0,"$1,001 - $15,000",,1,https://disclosures-clerk.house.gov/public_disc/ptr-pdfs/2025/20029059.pdf,accepted
20029059,Hon. April McClain Delaney,ITT Inc. Common Stock,ITT,ST,P,2025-03-05,1001.0,15000.0,"$1,001 - $15,000",,1,https://disclosures-clerk.house.gov/public_disc/ptr-pdfs/2025/20029059.pdf,accepted
20029059,Hon. April McClain Delaney,Jones Lang LaSalle Incorporated Common Stock,JLL,ST,P,2025-03-05,1001.0,15000.0,"$1,001 - $15,000",,1,https://disclosures-clerk.house.gov/public_disc/ptr-pdfs/2025/20029059.pdf,accepted
20029059,Hon. April McClain Delaney,Jones Lang LaSalle Incorporated Common Stock,JLL,ST,P,2025-03-07,1001.0,15000.0,"$1,001 - $15,000",,2,https://disclosures-clerk.house.gov/public_disc/ptr-pdfs/2025/20029059.pdf,accepted
20029059,Hon. April McClain Delaney,Jones Lang LaSalle Incorporated Common Stock,JLL,ST,P,2025-03-10,1001.0,15000.0,"$1,001 - $15,000",,2,https://disclosures-clerk.house.gov/public_disc/ptr-pdfs/2025/20029059.pdf,accepted
20029059,Hon. April McClain Delaney,Jones Lang LaSalle Incorporated Common Stock,JLL,ST,P,2025-03-14,1001.0,15000.0,"$1,001 - $15,000",,2,https://disclosures-clerk.house.gov/public_disc/ptr-pdfs/2025/20029059.pdf,accepted
20029059,Hon. April McClain Delaney,Markel Group Inc. Common Stock,MKL,ST,P,2025-03-10,1001.0,15000.0,"$1,001 - $15,000",,2,https://disclosures-clerk.house.gov/public_disc/ptr-pdfs/2025/20029059.pdf,accepted
20029059,Hon. April McClain Delaney,Markel Group Inc. Common Stock,MKL,ST,P,2025-03-07,15001.0,50000.0,"$15,001 - $50,000",,2,https://disclosures-clerk.house.gov/public_disc/ptr-pdfs/2025/20029059.pdf,accepted
20029059,Hon. April McClain Delaney,Markel Group Inc. Common Stock,MKL,ST,P,2025-03-06,1001.0,15000.0,"$1,001 - $15,000",,2,https://disclosures-clerk.house.gov/public_disc/ptr-pdfs/2025/20029059.pdf,accepted
20029059,Hon. April McClain Delaney,Viking Holdings Ltd Ordinary Shares,VIK,ST,P,2025-03-05,1001.0,15000.0,"$1,001 - $15,000",,2,https://disclosures-clerk.house.gov/public_disc/ptr-pdfs/2025/20029059.pdf,accepted
20029060,Hon. David J. Taylor,"Amazon.com, Inc. - Common Stock",AMZN,ST,P,2025-03-27,1001.0,15000.0,"$1,001 - $15,000",,1,https://disclosures-clerk.house.gov/public_disc/ptr-pdfs/2025/20029060.pdf,accepted
20029060,Hon. David J. Taylor,"Eaton Corporation, PLC Ordinary Shares",ETN,ST,P,2025-03-10,1001.0,15000.0,"$1,001 - $15,000",,1,https://disclosures-clerk.house.gov/public_disc/ptr-pdfs/2025/20029060.pdf,accepted
20029060,Hon. David J. Taylor,JP Morgan Chase & Co. Common Stock,JPM,ST,P,2025-03-10,1001.0,15000.0,"$1,001 - $15,000",,1,https://disclosures-clerk.house.gov/public_disc/ptr-pdfs/2025/20029060.pdf,accepted
20029060,Hon. David J. Taylor,Parker-Hannifin Corporation Common Stock,PH,ST,P,2025-03-10,1001.0,15000.0,"$1,001 - $15,000",,1,https://disclosures-clerk.house.gov/public_disc/ptr-pdfs/2025/20029060.pdf,accepted
20029061,Hon. Virginia Foxx,Ellington Financial Inc. Common Stock,EFC,ST,P,2025-03-31,1001.0,15000.0,"$1,001 - $15,000",,1,https://disclosures-clerk.house.gov/public_disc/ptr-pdfs/2025/20029061.pdf,accepted
20029061,Hon. Virginia Foxx,"Hercules Capital, Inc. Common Stock",HTGC,ST,P,2025-03-05,1001.0,15000.0,"$1,001 - $15,000",,1,https://disclosures-clerk.house.gov/public_disc/ptr-pdfs/2025/20029061.pdf,accepted
20029064,Hon. Julie Johnson,3M Company Common Stock,MMM,ST,P,2025-03-12,1001.0,15000.0,"$1,001 - $15,000",,1,https://disclosures-clerk.house.gov/public_disc/ptr-pdfs/2025/20029064.pdf,accepted
20029064,Hon. Julie Johnson,Capital One Financial Corporation Common Stock,COF,ST,P,2025-03-21,1001.0,15000.0,"$1,001 - $15,000",,2,https://disclosures-clerk.house.gov/public_disc/ptr-pdfs/2025/20029064.pdf,accepted
20029064,Hon. Julie Johnson,The Cigna Group Common Stock,CI,ST,P,2025-03-19,1001.0,15000.0,"$1,001 - $15,000",,3,https://disclosures-clerk.house.gov/public_disc/ptr-pdfs/2025/20029064.pdf,accepted
20029065,Hon. Jonathan Jackson,McKesson Corporation Common Stock,MCK,ST,P,2025-03-04,1001.0,15000.0,"$1,001 - $15,000",,1,https://disclosures-clerk.house.gov/public_disc/ptr-pdfs/2025/20029065.pdf,accepted
20029067,Hon. Kelly Louise Morrison,Target Corporation Common Stock,TGT,ST,P,2025-03-03,1001.0,15000.0,"$1,001 - $15,000",,1,https://disclosures-clerk.house.gov/public_disc/ptr-pdfs/2025/20029067.pdf,accepted
20029068,"Hon. Neal Patrick MD, Facs Dunn","Capital One Financial Corporation Depositary shares each representing a 1/40th interest in a share of Fixed Rate Non-Cumulative Perpetual Preferred Stock, Series I of the Issuer",COF$I,ST,P,2025-03-03,1001.0,15000.0,"$1,001 - $15,000",,1,https://disclosures-clerk.house.gov/public_disc/ptr-pdfs/2025/20029068.pdf,accepted
20029069,Hon. David J. Taylor,"Installed Building Products, Inc. Common Stock",IBP,ST,P,2025-02-05,1001.0,15000.0,"$1,001 - $15,000",,1,https://disclosures-clerk.house.gov/public_disc/ptr-pdfs/2025/20029069.pdf,accepted
20029069,Hon. David J. Taylor,Kroger Company,KR,ST,P,2025-02-20,1001.0,15000.0,"$1,001 - $15,000",,1,https://disclosures-clerk.house.gov/public_disc/ptr-pdfs/2025/20029069.pdf,accepted
20029069,Hon. David J. Taylor,Procter & Gamble Company,PG,ST,P,2025-02-10,1001.0,15000.0,"$1,001 - $15,000",,1,https://disclosures-clerk.house.gov/public_disc/ptr-pdfs/2025/20029069.pdf,accepted
20029069,Hon. David J. Taylor,The J.M. Smucker Company Common Stock,SJM,ST,P,2025-02-10,1001.0,15000.0,"$1,001 - $15,000",,1,https://disclosures-clerk.house.gov/public_disc/ptr-pdfs/2025/20029069.pdf,accepted
20029079,Hon. Jared Moskowitz,NVIDIA Corporation - Common Stock,NVDA,ST,P,2025-03-11,1001.0,15000.0,"$1,001 - $15,000",,2,https://disclosures-clerk.house.gov/public_disc/ptr-pdfs/2025/20029079.pdf,accepted
20029079,Hon. Jared Moskowitz,NVIDIA Corporation - Common Stock,NVDA,ST,P,2025-03-10,1001.0,15000.0,"$1,001 - $15,000",,2,https://disclosures-clerk.house.gov/public_disc/ptr-pdfs/2025/20029079.pdf,accepted
20029079,Hon. Jared Moskowitz,NVIDIA Corporation - Common Stock,NVDA,ST,P,2025-03-10,1001.0,15000.0,"$1,001 - $15,000",,2,https://disclosures-clerk.house.gov/public_disc/ptr-pdfs/2025/20029079.pdf,accepted
20029079,Hon. Jared Moskowitz,NVIDIA Corporation - Common Stock,NVDA,ST,P,2025-03-10,1001.0,15000.0,"$1,001 - $15,000",,2,https://disclosures-clerk.house.gov/public_disc/ptr-pdfs/2025/20029079.pdf,accepted
20029079,Hon. Jared Moskowitz,"TJX Companies, Inc.",TJX,ST,P,2025-03-10,1001.0,15000.0,"$1,001 - $15,000",,2,https://disclosures-clerk.house.gov/public_disc/ptr-pdfs/2025/20029079.pdf,accepted
20029079,Hon. Jared Moskowitz,"TJX Companies, Inc.",TJX,ST,P,2025-03-10,1001.0,15000.0,"$1,001 - $15,000",,2,https://disclosures-clerk.house.gov/public_disc/ptr-pdfs/2025/20029079.pdf,accepted
20029079,Hon. Jared Moskowitz,"TJX Companies, Inc.",TJX,ST,P,2025-03-10,1001.0,15000.0,"$1,001 - $15,000",,2,https://disclosures-clerk.house.gov/public_disc/ptr-pdfs/2025/20029079.pdf,accepted
20029083,Hon. Josh Gottheimer,Applovin Corporation - Class A Common Stock,APP,ST,P,2025-03-13,1001.0,15000.0,"$1,001 - $15,000",,1,https://disclosures-clerk.house.gov/public_disc/ptr-pdfs/2025/20029083.pdf,accepted
20029083,Hon. Josh Gottheimer,ASML Holding N.V. - New York Registry Shares,ASML,ST,P,2025-03-12,1001.0,15000.0,"$1,001 - $15,000",,1,https://disclosures-clerk.house.gov/public_disc/ptr-pdfs/2025/20029083.pdf,accepted
20029083,Hon. Josh Gottheimer,Booking Holdings Inc. - Common Stock,BKNG,ST,P,2025-03-05,1001.0,15000.0,"$1,001 - $15,000",,2,https://disclosures-clerk.house.gov/public_disc/ptr-pdfs/2025/20029083.pdf,accepted
20029083,Hon. Josh Gottheimer,Booking Holdings Inc. - Common Stock,BKNG,ST,P,2025-03-04,1001.0,15000.0,"$1,001 - $15,000",,2,https://disclosures-clerk.house.gov/public_disc/ptr-pdfs/2025/20029083.pdf,accepted
20029083,Hon. Josh Gottheimer,"DoorDash, Inc. - Common Stock",DASH,ST,P,2025-03-13,1001.0,15000.0,"$1,001 - $15,000",,3,https://disclosures-clerk.house.gov/public_disc/ptr-pdfs/2025/20029083.pdf,accepted
20029083,Hon. Josh Gottheimer,"Fiserv, Inc. Common Stock",FI,ST,P,2025-03-10,1001.0,15000.0,"$1,001 - $15,000",,3,https://disclosures-clerk.house.gov/public_disc/ptr-pdfs/2025/20029083.pdf,accepted
20029083,Hon. Josh Gottheimer,"Gilead Sciences, Inc. - Common Stock",GILD,ST,P,2025-03-07,1001.0,15000.0,"$1,001 - $15,000",,3,https://disclosures-clerk.house.gov/public_disc/ptr-pdfs/2025/20029083.pdf,accepted
20029083,Hon. Josh Gottheimer,International Business Machines Corporation Common Stock,IBM,ST,P,2025-03-10,1001.0,15000.0,"$1,001 - $15,000",,4,https://disclosures-clerk.house.gov/public_disc/ptr-pdfs/2025/20029083.pdf,accepted
20029083,Hon. Josh Gottheimer,"Meta Platforms, Inc. - Class A Common Stock",META,ST,P,2025-03-05,1001.0,15000.0,"$1,001 - $15,000",,4,https://disclosures-clerk.house.gov/public_disc/ptr-pdfs/2025/20029083.pdf,accepted
20029083,Hon. Josh Gottheimer,Visa Inc.,V,ST,P,2025-03-03,1001.0,15000.0,"$1,001 - $15,000",,6,https://disclosures-clerk.house.gov/public_disc/ptr-pdfs/2025/20029083.pdf,accepted
20029083,Hon. Josh Gottheimer,Visa Inc.,V,ST,P,2025-03-05,1001.0,15000.0,"$1,001 - $15,000",,6,https://disclosures-clerk.house.gov/public_disc/ptr-pdfs/2025/20029083.pdf,accepted
20029083,Hon. Josh Gottheimer,Visa Inc.,V,ST,P,2025-03-24,1001.0,15000.0,"$1,001 - $15,000",,6,https://disclosures-clerk.house.gov/public_disc/ptr-pdfs/2025/20029083.pdf,accepted
20029083,Hon. Josh Gottheimer,Walmart Inc. Common Stock,WMT,ST,P,2025-03-11,1001.0,15000.0,"$1,001 - $15,000",,6,https://disclosures-clerk.house.gov/public_disc/ptr-pdfs/2025/20029083.pdf,accepted
20029083,Hon. Josh Gottheimer,Walmart Inc. Common Stock,WMT,ST,P,2025-03-17,1001.0,15000.0,"$1,001 - $15,000",,6,https://disclosures-clerk.house.gov/public_disc/ptr-pdfs/2025/20029083.pdf,accepted
20029088,Hon. Lloyd Doggett,"Home Depot, Inc.",HD,ST,P,2025-03-27,1001.0,15000.0,"$1,001 - $15,000",,1,https://disclosures-clerk.house.gov/public_disc/ptr-pdfs/2025/20029088.pdf,accepted
20029088,Hon. Lloyd Doggett,International Business Machines Corporation Common Stock,IBM,ST,P,2025-03-10,1001.0,15000.0,"$1,001 - $15,000",,1,https://disclosures-clerk.house.gov/public_disc/ptr-pdfs/2025/20029088.pdf,accepted
20029088,Hon. Lloyd Doggett,Johnson & Johnson Common Stock,JNJ,ST,P,2025-03-04,1001.0,15000.0,"$1,001 - $15,000",,1,https://disclosures-clerk.house.gov/public_disc/ptr-pdfs/2025/20029088.pdf,accepted
20029088,Hon. Lloyd Doggett,"PPG Industries, Inc. Common Stock",PPG,ST,P,2025-03-12,1001.0,15000.0,"$1,001 - $15,000",,1,https://disclosures-clerk.house.gov/public_disc/ptr-pdfs/2025/20029088.pdf,accepted
20029089,Hon. Marjorie Taylor Greene,"Amazon.com, Inc. - Common Stock",AMZN,ST,P,2025-04-04,1001.0,15000.0,"$1,001 - $15,000",,1,https://disclosures-clerk.house.gov/public_disc/ptr-pdfs/2025/20029089.pdf,accepted
20029089,Hon. Marjorie Taylor Greene,Apple Inc. - Common Stock,AAPL,ST,P,2025-04-03,1001.0,15000.0,"$1,001 - $15,000",,1,https://disclosures-clerk.house.gov/public_disc/ptr-pdfs/2025/20029089.pdf,accepted
20029089,Hon. Marjorie Taylor Greene,Berkshire Hathaway Inc. New Common Stock,BRK.B,ST,P,2025-04-04,1001.0,15000.0,"$1,001 - $15,000",,1,https://disclosures-clerk.house.gov/public_disc/ptr-pdfs/2025/20029089.pdf,accepted
20029089,Hon. Marjorie Taylor Greene,"Caterpillar, Inc. Common Stock",CAT,ST,P,2025-04-04,1001.0,15000.0,"$1,001 - $15,000",,1,https://disclosures-clerk.house.gov/public_disc/ptr-pdfs/2025/20029089.pdf,accepted
20029089,Hon. Marjorie Taylor Greene,Dell Technologies Inc. Class C Common Stock,DELL,ST,P,2025-04-04,1001.0,15000.0,"$1,001 - $15,000",,1,https://disclosures-clerk.house.gov/public_disc/ptr-pdfs/2025/20029089.pdf,accepted
20029089,Hon. Marjorie Taylor Greene,FedEx Corporation Common Stock,FDX,ST,P,2025-04-04,1001.0,15000.0,"$1,001 - $15,000",,1,https://disclosures-clerk.house.gov/public_disc/ptr-pdfs/2025/20029089.pdf,accepted
20029089,Hon. Marjorie Taylor Greene,FedEx Corporation Common Stock,FDX,ST,P,2025-04-03,1001.0,15000.0,"$1,001 - $15,000",,1,https://disclosures-clerk.house.gov/public_disc/ptr-pdfs/2025/20029089.pdf,accepted
20029089,Hon. Marjorie Taylor Greene,"Impinj, Inc. - Common Stock",PI,ST,P,2025-04-04,1001.0,15000.0,"$1,001 - $15,000",,1,https://disclosures-clerk.house.gov/public_disc/ptr-pdfs/2025/20029089.pdf,accepted
20029089,Hon. Marjorie Taylor Greene,JP Morgan Chase & Co. Common Stock,JPM,ST,P,2025-04-04,1001.0,15000.0,"$1,001 - $15,000",,2,https://disclosures-clerk.house.gov/public_disc/ptr-pdfs/2025/20029089.pdf,accepted
20029089,Hon. Marjorie Taylor Greene,Lam Research Corporation - Common Stock,LRCX,ST,P,2025-04-04,1001.0,15000.0,"$1,001 - $15,000",,2,https://disclosures-clerk.house.gov/public_disc/ptr-pdfs/2025/20029089.pdf,accepted
20029089,Hon. Marjorie Taylor Greene,lululemon athletica inc. - Common Stock,LULU,ST,P,2025-04-04,1001.0,15000.0,"$1,001 - $15,000",,2,https://disclosures-clerk.house.gov/public_disc/ptr-pdfs/2025/20029089.pdf,accepted
20029089,Hon. Marjorie Taylor Greene,"Nike, Inc. Common Stock",NKE,ST,P,2025-04-04,1001.0,15000.0,"$1,001 - $15,000",,2,https://disclosures-clerk.house.gov/public_disc/ptr-pdfs/2025/20029089.pdf,accepted
20029089,Hon. Marjorie Taylor Greene,Norfolk Southern Corporation Common Stock,NSC,ST,P,2025-04-04,1001.0,15000.0,"$1,001 - $15,000",,2,https://disclosures-clerk.house.gov/public_disc/ptr-pdfs/2025/20029089.pdf,accepted
20029089,Hon. Marjorie Taylor Greene,"Old Dominion Freight Line, Inc. - Common Stock",ODFL,ST,P,2025-04-04,1001.0,15000.0,"$1,001 - $15,000",,2,https://disclosures-clerk.house.gov/public_disc/ptr-pdfs/2025/20029089.pdf,accepted
20029089,Hon. Marjorie Taylor Greene,"Old Dominion Freight Line, Inc. - Common Stock",ODFL,ST,P,2025-04-03,1001.0,15000.0,"$1,001 - $15,000",,2,https://disclosures-clerk.house.gov/public_disc/ptr-pdfs/2025/20029089.pdf,accepted
20029089,Hon. Marjorie Taylor Greene,QUALCOMM Incorporated - Common Stock,QCOM,ST,P,2025-04-04,1001.0,15000.0,"$1,001 - $15,000",,2,https://disclosures-clerk.house.gov/public_disc/ptr-pdfs/2025/20029089.pdf,accepted
20029089,Hon. Marjorie Taylor Greene,RH Common Stock,RH,ST,P,2025-04-04,1001.0,15000.0,"$1,001 - $15,000",,2,https://disclosures-clerk.house.gov/public_disc/ptr-pdfs/2025/20029089.pdf,accepted
20029089,Hon. Marjorie Taylor Greene,Southern Company,SO,ST,P,2025-04-03,1001.0,15000.0,"$1,001 - $15,000",,2,https://disclosures-clerk.house.gov/public_disc/ptr-pdfs/2025/20029089.pdf,accepted
20029089,Hon. Marjorie Taylor Greene,"United Parcel Service, Inc. Common Stock",UPS,ST,P,2025-04-04,1001.0,15000.0,"$1,001 - $15,000",,2,https://disclosures-clerk.house.gov/public_disc/ptr-pdfs/2025/20029089.pdf,accepted
20029092,Hon. Byron Donalds,Abbott Laboratories Common Stock,ABT,ST,P,2025-03-20,1001.0,15000.0,"$1,001 - $15,000",,1,https://disclosures-clerk.house.gov/public_disc/ptr-pdfs/2025/20029092.pdf,accepted
20029092,Hon. Byron Donalds,Abbott Laboratories Common Stock,ABT,ST,P,2025-03-20,1001.0,15000.0,"$1,001 - $15,000",,1,https://disclosures-clerk.house.gov/public_disc/ptr-pdfs/2025/20029092.pdf,accepted
20029092,Hon. Byron Donalds,"Amazon.com, Inc. - Common Stock",AMZN,ST,P,2025-03-20,1001.0,15000.0,"$1,001 - $15,000",,1,https://disclosures-clerk.house.gov/public_disc/ptr-pdfs/2025/20029092.pdf,accepted
20029092,Hon. Byron Donalds,"Amazon.com, Inc. - Common Stock",AMZN,ST,P,2025-03-20,1001.0,15000.0,"$1,001 - $15,000",,1,https://disclosures-clerk.house.gov/public_disc/ptr-pdfs/2025/20029092.pdf,accepted
20029092,Hon. Byron Donalds,"Arista Networks, Inc. Common Stock",ANET,ST,P,2025-03-20,1001.0,15000.0,"$1,001 - $15,000",,1,https://disclosures-clerk.house.gov/public_disc/ptr-pdfs/2025/20029092.pdf,accepted
20029092,Hon. Byron Donalds,"Arista Networks, Inc. Common Stock",ANET,ST,P,2025-03-20,1001.0,15000.0,"$1,001 - $15,000",,1,https://disclosures-clerk.house.gov/public_disc/ptr-pdfs/2025/20029092.pdf,accepted
20029092,Hon. Byron Donalds,"Autodesk, Inc. - Common Stock",ADSK,ST,P,2025-03-20,1001.0,15000.0,"$1,001 - $15,000",,2,https://disclosures-clerk.house.gov/public_disc/ptr-pdfs/2025/20029092.pdf,accepted
20029092,Hon. Byron Donalds,"Autodesk, Inc. - Common Stock",ADSK,ST,P,2025-03-20,1001.0,15000.0,"$1,001 - $15,000",,2,https://disclosures-clerk.house.gov/public_disc/ptr-pdfs/2025/20029092.pdf,accepted
20029092,Hon. Byron Donalds,Broadcom Inc. - Common Stock,AVGO,ST,P,2025-03-20,1001.0,15000.0,"$1,001 - $15,000",,2,https://disclosures-clerk.house.gov/public_disc/ptr-pdfs/2025/20029092.pdf,accepted
20029092,Hon. Byron Donalds,Broadcom Inc. - Common Stock,AVGO,ST,P,2025-03-20,1001.0,15000.0,"$1,001 - $15,000",,2,https://disclosures-clerk.house.gov/public_disc/ptr-pdfs/2025/20029092.pdf,accepted
20029092,Hon. Byron Donalds,"Brown & Brown, Inc. Common Stock",BRO,ST,P,2025-03-20,1001.0,15000.0,"$1,001 - $15,000",,2,https://disclosures-clerk.house.gov/public_disc/ptr-pdfs/2025/20029092.pdf,accepted
20029092,Hon. Byron Donalds,"Brown & Brown, Inc. Common Stock",BRO,ST,P,2025-03-20,1001.0,15000.0,"$1,001 - $15,000",,2,https://disclosures-clerk.house.gov/public_disc/ptr-pdfs/2025/20029092.pdf,accepted
20029092,Hon. Byron Donalds,"Chipotle Mexican Grill, Inc. Common Stock",CMG,ST,P,2025-03-20,1001.0,15000.0,"$1,001 - $15,000",,2,https://disclosures-clerk.house.gov/public_disc/ptr-pdfs/2025/20029092.pdf,accepted
20029092,Hon. Byron Donalds,"Chipotle Mexican Grill, Inc. Common",CMG,ST,P,2025-03-20,1001.0,15000.0,"$1,001 - $15,000",,2,https://disclosures-clerk.house.gov/public_disc/ptr-pdfs/2025/20029092.pdf,accepted
20029092,Hon. Byron Donalds,"Fiserv, Inc. Common Stock",FI,ST,P,2025-03-20,1001.0,15000.0,"$1,001 - $15,000",,3,https://disclosures-clerk.house.gov/public_disc/ptr-pdfs/2025/20029092.pdf,accepted
20029092,Hon. Byron Donalds,"Fiserv, Inc. Common Stock",FI,ST,P,2025-03-20,1001.0,15000.0,"$1,001 - $15,000",,3,https://disclosures-clerk.house.gov/public_disc/ptr-pdfs/2025/20029092.pdf,accepted
20029092,Hon. Byron Donalds,"PayPal Holdings, Inc. - Common Stock",PYPL,ST,P,2025-03-20,1001.0,15000.0,"$1,001 - $15,000",,5,https://disclosures-clerk.house.gov/public_disc/ptr-pdfs/2025/20029092.pdf,accepted
20029092,Hon. Byron Donalds,"PayPal Holdings, Inc. - Common Stock",PYPL,ST,P,2025-03-20,1001.0,15000.0,"$1,001 - $15,000",,5,https://disclosures-clerk.house.gov/public_disc/ptr-pdfs/2025/20029092.pdf,accepted
20029092,Hon. Byron Donalds,Progressive Corporation,PGR,ST,P,2025-03-20,1001.0,15000.0,"$1,001 - $15,000",,5,https://disclosures-clerk.house.gov/public_disc/ptr-pdfs/2025/20029092.pdf,accepted
20029092,Hon. Byron Donalds,Progressive Corporation,PGR,ST,P,2025-03-20,1001.0,15000.0,"$1,001 - $15,000",,5,https://disclosures-clerk.house.gov/public_disc/ptr-pdfs/2025/20029092.pdf,accepted
20029092,Hon. Byron Donalds,"Robinhood Markets, Inc. - Class A Common Stock",HOOD,ST,P,2025-03-06,1001.0,15000.0,"$1,001 - $15,000",,5,https://disclosures-clerk.house.gov/public_disc/ptr-pdfs/2025/20029092.pdf,accepted
20029092,Hon. Byron Donalds,"Robinhood Markets, Inc. - Class A Common Stock",HOOD,ST,P,2025-03-06,1001.0,15000.0,"$1,001 - $15,000",,5,https://disclosures-clerk.house.gov/public_disc/ptr-pdfs/2025/20029092.pdf,accepted
20029092,Hon. Byron Donalds,"The Trade Desk, Inc. - Class A Common Stock",TTD,ST,P,2025-03-06,1001.0,15000.0,"$1,001 - $15,000",,5,https://disclosures-clerk.house.gov/public_disc/ptr-pdfs/2025/20029092.pdf,accepted
20029092,Hon. Byron Donalds,"The Trade Desk, Inc. - Class A Common Stock",TTD,ST,P,2025-03-06,1001.0,15000.0,"$1,001 - $15,000",,6,https://disclosures-clerk.house.gov/public_disc/ptr-pdfs/2025/20029092.pdf,accepted
20029092,Hon. Byron Donalds,Tradeweb Markets Inc. - Class A Common Stock,TW,ST,P,2025-03-20,1001.0,15000.0,"$1,001 - $15,000",,6,https://disclosures-clerk.house.gov/public_disc/ptr-pdfs/2025/20029092.pdf,accepted
20029092,Hon. Byron Donalds,Tradeweb Markets Inc. - Class A Common Stock,TW,ST,P,2025-03-20,1001.0,15000.0,"$1,001 - $15,000",,6,https://disclosures-clerk.house.gov/public_disc/ptr-pdfs/2025/20029092.pdf,accepted
20029121,Hon. Kelly Louise Morrison,Broadcom Inc. - Common Stock,AVGO,ST,P,2025-03-21,1001.0,15000.0,"$1,001 - $15,000",,1,https://disclosures-clerk.house.gov/public_disc/ptr-pdfs/2025/20029121.pdf,accepted
20029121,Hon. Kelly Louise Morrison,Broadcom Inc. - Common Stock,AVGO,ST,P,2025-03-21,1001.0,15000.0,"$1,001 - $15,000",,1,https://disclosures-clerk.house.gov/public_disc/ptr-pdfs/2025/20029121.pdf,accepted
20029121,Hon. Kelly Louise Morrison,"Meta Platforms, Inc. - Class A Common Stock",META,ST,P,2025-03-24,1001.0,15000.0,"$1,001 - $15,000",,2,https://disclosures-clerk.house.gov/public_disc/ptr-pdfs/2025/20029121.pdf,accepted
20029121,Hon. Kelly Louise Morrison,"Meta Platforms, Inc. - Class A Common Stock",META,ST,P,2025-03-24,1001.0,15000.0,"$1,001 - $15,000",,2,https://disclosures-clerk.house.gov/public_disc/ptr-pdfs/2025/20029121.pdf,accepted
20029121,Hon. Kelly Louise Morrison,"Meta Platforms, Inc. - Class A Common Stock",META,ST,P,2025-03-24,15001.0,50000.0,"$15,001 - $50,000",,2,https://disclosures-clerk.house.gov/public_disc/ptr-pdfs/2025/20029121.pdf,accepted
20029132,Hon. Scott Scott Franklin,Novo Nordisk A/S Common Stock,NVO,ST,P,2025-03-27,1001.0,15000.0,"$1,001 - $15,000",,1,https://disclosures-clerk.house.gov/public_disc/ptr-pdfs/2025/20029132.pdf,accepted
20029132,Hon. Scott Scott Franklin,Novo Nordisk A/S Common Stock,NVO,ST,P,2025-03-27,15001.0,50000.0,"$15,001 - $50,000",,1,https://disclosures-clerk.house.gov/public_disc/ptr-pdfs/2025/20029132.pdf,accepted
20029134,Hon. Tim Moore,"American Airlines Group, Inc. - Common Stock",AAL,ST,P,2025-03-12,50001.0,100000.0,"$50,001 - $100,000",,1,https://disclosures-clerk.house.gov/public_disc/ptr-pdfs/2025/20029134.pdf,accepted
20029134,Hon. Tim Moore,"American Airlines Group, Inc. - Common Stock",AAL,ST,P,2025-03-13,50001.0,100000.0,"$50,001 - $100,000",,1,https://disclosures-clerk.house.gov/public_disc/ptr-pdfs/2025/20029134.pdf,accepted
20029134,Hon. Tim Moore,"American Airlines Group, Inc. - Common Stock",AAL,ST,P,2025-03-14,15001.0,50000.0,"$15,001 - $50,000",,1,https://disclosures-clerk.house.gov/public_disc/ptr-pdfs/2025/20029134.pdf,accepted
20029134,Hon. Tim Moore,"American Airlines Group, Inc. - Common Stock",AAL,ST,P,2025-03-31,15001.0,50000.0,"$15,001 - $50,000",,1,https://disclosures-clerk.house.gov/public_disc/ptr-pdfs/2025/20029134.pdf,accepted
20029134,Hon. Tim Moore,Baker Hughes Company - Common Stock,BKR,ST,P,2025-03-04,15001.0,50000.0,"$15,001 - $50,000",,1,https://disclosures-clerk.house.gov/public_disc/ptr-pdfs/2025/20029134.pdf,accepted
20029134,Hon. Tim Moore,"BlackRock, Inc. Common Stock",BLK,ST,P,2025-03-04,15001.0,50000.0,"$15,001 - $50,000",,1,https://disclosures-clerk.house.gov/public_disc/ptr-pdfs/2025/20029134.pdf,accepted
20029134,Hon. Tim Moore,"DoorDash, Inc. - Common Stock",DASH,ST,P,2025-03-04,15001.0,50000.0,"$15,001 - $50,000",,3,https://disclosures-clerk.house.gov/public_disc/ptr-pdfs/2025/20029134.pdf,accepted
20029134,Hon. Tim Moore,Ford Motor Company Common Stock,F,ST,P,2025-03-05,50001.0,100000.0,"$50,001 - $100,000",,3,https://disclosures-clerk.house.gov/public_disc/ptr-pdfs/2025/20029134.pdf,accepted
20029134,Hon. Tim Moore,Ford Motor Company Common Stock,F,ST,P,2025-03-31,15001.0,50000.0,"$15,001 - $50,000",,3,https://disclosures-clerk.house.gov/public_disc/ptr-pdfs/2025/20029134.pdf,accepted
20029134,Hon. Tim Moore,"Harley-Davidson, Inc. Common Stock",HOG,ST,P,2025-03-14,15001.0,50000.0,"$15,001 - $50,000",,3,https://disclosures-clerk.house.gov/public_disc/ptr-pdfs/2025/20029134.pdf,accepted
20029134,Hon. Tim Moore,"Harley-Davidson, Inc. Common Stock",HOG,ST,P,2025-03-07,15001.0,50000.0,"$15,001 - $50,000",,3,https://disclosures-clerk.house.gov/public_disc/ptr-pdfs/2025/20029134.pdf,accepted
20029134,Hon. Tim Moore,"Harley-Davidson, Inc. Common Stock",HOG,ST,P,2025-03-06,15001.0,50000.0,"$15,001 - $50,000",,3,https://disclosures-clerk.house.gov/public_disc/ptr-pdfs/2025/20029134.pdf,accepted
20029134,Hon. Tim Moore,"Harley-Davidson, Inc. Common Stock",HOG,ST,P,2025-03-04,50001.0,100000.0,"$50,001 - $100,000",,3,https://disclosures-clerk.house.gov/public_disc/ptr-pdfs/2025/20029134.pdf,accepted
20029134,Hon. Tim Moore,US Foods Holding Corp. Common Stock,USFD,ST,P,2025-03-04,15001.0,50000.0,"$15,001 - $50,000",,4,https://disclosures-clerk.house.gov/public_disc/ptr-pdfs/2025/20029134.pdf,accepted
20029135,Hon. Carol Devine Miller,AFLAC Incorporated Common Stock,AFL,ST,P,2025-03-10,1001.0,15000.0,"$1,001 - $15,000",,1,https://disclosures-clerk.house.gov/public_disc/ptr-pdfs/2025/20029135.pdf,accepted
20029135,Hon. Carol Devine Miller,"American Water Works Company, Inc. Common Stock",AWK,ST,P,2025-03-10,1001.0,15000.0,"$1,001 - $15,000",,1,https://disclosures-clerk.house.gov/public_disc/ptr-pdfs/2025/20029135.pdf,accepted
20029135,Hon. Carol Devine Miller,CME Group Inc. - Class A Common Stock,CME,ST,P,2025-03-10,1001.0,15000.0,"$1,001 - $15,000",,1,https://disclosures-clerk.house.gov/public_disc/ptr-pdfs/2025/20029135.pdf,accepted
20029135,Hon. Carol Devine Miller,"Gilead Sciences, Inc. - Common Stock",GILD,ST,P,2025-03-10,1001.0,15000.0,"$1,001 - $15,000",,1,https://disclosures-clerk.house.gov/public_disc/ptr-pdfs/2025/20029135.pdf,accepted
20029135,Hon. Carol Devine Miller,Honeywell International Inc. - Common Stock,HON,ST,P,2025-03-10,1001.0,15000.0,"$1,001 - $15,000",,1,https://disclosures-clerk.house.gov/public_disc/ptr-pdfs/2025/20029135.pdf,accepted
20029135,Hon. Carol Devine Miller,Illinois Tool Works Inc. Common Stock,ITW,ST,P,2025-03-10,1001.0,15000.0,"$1,001 - $15,000",,1,https://disclosures-clerk.house.gov/public_disc/ptr-pdfs/2025/20029135.pdf,accepted
20029135,Hon. Carol Devine Miller,Lockheed Martin Corporation Common Stock,LMT,ST,P,2025-03-10,1001.0,15000.0,"$1,001 - $15,000",,2,https://disclosures-clerk.house.gov/public_disc/ptr-pdfs/2025/20029135.pdf,accepted
20029135,Hon. Carol Devine Miller,"PepsiCo, Inc. - Common Stock",PEP,ST,P,2025-03-10,1001.0,15000.0,"$1,001 - $15,000",,2,https://disclosures-clerk.house.gov/public_disc/ptr-pdfs/2025/20029135.pdf,accepted
20029135,Hon. Carol Devine Miller,The Hershey Company Common Stock,HSY,ST,P,2025-03-10,1001.0,15000.0,"$1,001 - $15,000",,2,https://disclosures-clerk.house.gov/public_disc/ptr-pdfs/2025/20029135.pdf,accepted
20029138,Hon. Marjorie Taylor Greene,Adobe Inc. - Common Stock,ADBE,ST,P,2025-04-09,1001.0,15000.0,"$1,001 - $15,000",,1,https://disclosures-clerk.house.gov/public_disc/ptr-pdfs/2025/20029138.pdf,accepted
20029138,Hon. Marjorie Taylor Greene,"Advanced Micro Devices, Inc.",AMD,ST,P,2025-04-09,1001.0,15000.0,"$1,001 - $15,000",,1,https://disclosures-clerk.house.gov/public_disc/ptr-pdfs/2025/20029138.pdf,accepted
20029138,Hon. Marjorie Taylor Greene,"Advanced Micro Devices, Inc.",AMD,ST,P,2025-04-08,1001.0,15000.0,"$1,001 - $15,000",,1,https://disclosures-clerk.house.gov/public_disc/ptr-pdfs/2025/20029138.pdf,accepted
20029138,Hon. Marjorie Taylor Greene,"Amazon.com, Inc. - Common Stock",AMZN,ST,P,2025-04-08,1001.0,15000.0,"$1,001 - $15,000",,1,https://disclosures-clerk.house.gov/public_disc/ptr-pdfs/2025/20029138.pdf,accepted
20029138,Hon. Marjorie Taylor Greene,Apple Inc. - Common Stock,AAPL,ST,P,2025-04-09,1001.0,15000.0,"$1,001 - $15,000",,1,https://disclosures-clerk.house.gov/public_disc/ptr-pdfs/2025/20029138.pdf,accepted
20029138,Hon. Marjorie Taylor Greene,"Applied Materials, Inc. - Common Stock",AMAT,ST,P,2025-04-09,1001.0,15000.0,"$1,001 - $15,000",,1,https://disclosures-clerk.house.gov/public_disc/ptr-pdfs/2025/20029138.pdf,accepted
20029138,Hon. Marjorie Taylor Greene,ASML Holding N.V. - New York Registry Shares,ASML,ST,P,2025-04-09,1001.0,15000.0,"$1,001 - $15,000",,1,https://disclosures-clerk.house.gov/public_disc/ptr-pdfs/2025/20029138.pdf,accepted
20029138,Hon. Marjorie Taylor Greene,Blackstone Inc. Common Stock,BX,ST,P,2025-04-08,1001.0,15000.0,"$1,001 - $15,000",,1,https://disclosures-clerk.house.gov/public_disc/ptr-pdfs/2025/20029138.pdf,accepted
20029138,Hon. Marjorie Taylor Greene,Cummins Inc. Common Stock,CMI,ST,P,2025-04-09,1001.0,15000.0,"$1,001 - $15,000",,2,https://disclosures-clerk.house.gov/public_disc/ptr-pdfs/2025/20029138.pdf,accepted
20029138,Hon. Marjorie Taylor Greene,Devon Energy Corporation Common Stock,DVN,ST,P,2025-04-09,1001.0,15000.0,"$1,001 - $15,000",,2,https://disclosures-clerk.house.gov/public_disc/ptr-pdfs/2025/20029138.pdf,accepted
20029138,Hon. Marjorie Taylor Greene,FedEx Corporation Common Stock,FDX,ST,P,2025-04-08,1001.0,15000.0,"$1,001 - $15,000",,2,https://disclosures-clerk.house.gov/public_disc/ptr-pdfs/2025/20029138.pdf,accepted
20029138,Hon. Marjorie Taylor Greene,JP Morgan Chase & Co. Common Stock,JPM,ST,P,2025-04-08,1001.0,15000.0,"$1,001 - $15,000",,2,https://disclosures-clerk.house.gov/public_disc/ptr-pdfs/2025/20029138.pdf,accepted
20029138,Hon. Marjorie Taylor Greene,lululemon athletica inc. - Common Stock,LULU,ST,P,2025-04-08,1001.0,15000.0,"$1,001 - $15,000",,2,https://disclosures-clerk.house.gov/public_disc/ptr-pdfs/2025/20029138.pdf,accepted
20029138,Hon. Marjorie Taylor Greene,"Merck & Company, Inc. Common Stock",MRK,ST,P,2025-04-09,1001.0,15000.0,"$1,001 - $15,000",,2,https://disclosures-clerk.house.gov/public_disc/ptr-pdfs/2025/20029138.pdf,accepted
20029138,Hon. Marjorie Taylor Greene,"Nike, Inc. Common Stock",NKE,ST,P,2025-04-08,1001.0,15000.0,"$1,001 - $15,000",,2,https://disclosures-clerk.house.gov/public_disc/ptr-pdfs/2025/20029138.pdf,accepted
20029138,Hon. Marjorie Taylor Greene,NVIDIA Corporation - Common Stock,NVDA,ST,P,2025-04-09,1001.0,15000.0,"$1,001 - $15,000",,2,https://disclosures-clerk.house.gov/public_disc/ptr-pdfs/2025/20029138.pdf,accepted
20029138,Hon. Marjorie Taylor Greene,Palantir Technologies Inc. - Class A Common Stock,PLTR,ST,P,2025-04-09,1001.0,15000.0,"$1,001 - $15,000",,2,https://disclosures-clerk.house.gov/public_disc/ptr-pdfs/2025/20029138.pdf,accepted
20029138,Hon. Marjorie Taylor Greene,Palantir Technologies Inc. - Class A Common Stock,PLTR,ST,P,2025-04-08,1001.0,15000.0,"$1,001 - $15,000",,2,https://disclosures-clerk.house.gov/public_disc/ptr-pdfs/2025/20029138.pdf,accepted
20029138,Hon. Marjorie Taylor Greene,QUALCOMM Incorporated - Common Stock,QCOM,ST,P,2025-04-08,1001.0,15000.0,"$1,001 - $15,000",,2,https://disclosures-clerk.house.gov/public_disc/ptr-pdfs/2025/20029138.pdf,accepted
20029138,Hon. Marjorie Taylor Greene,Southern Copper Corporation Common Stock,SCCO,ST,P,2025-04-08,1001.0,15000.0,"$1,001 - $15,000",,3,https://disclosures-clerk.house.gov/public_disc/ptr-pdfs/2025/20029138.pdf,accepted
20029138,Hon. Marjorie Taylor Greene,"Tesla, Inc. - Common Stock",TSLA,ST,P,2025-04-08,1001.0,15000.0,"$1,001 - $15,000",,3,https://disclosures-clerk.house.gov/public_disc/ptr-pdfs/2025/20029138.pdf,accepted
20030146,Hon. Bruce Westerman,Abbott Laboratories Common Stock,ABT,ST,P,2025-03-03,1001.0,15000.0,"$1,001 - $15,000",,1,https://disclosures-clerk.house.gov/public_disc/ptr-pdfs/2025/20030146.pdf,accepted
20030146,Hon. Bruce Westerman,adidas AG Sponsored ADR,ADDYY,ST,P,2025-03-04,1001.0,15000.0,"$1,001 - $15,000",,1,https://disclosures-clerk.house.gov/public_disc/ptr-pdfs/2025/20030146.pdf,accepted
20030146,Hon. Bruce Westerman,Adobe Inc. - Common Stock,ADBE,ST,P,2025-03-03,1001.0,15000.0,"$1,001 - $15,000",,1,https://disclosures-clerk.house.gov/public_disc/ptr-pdfs/2025/20030146.pdf,accepted
20030146,Hon. Bruce Westerman,Alphabet Inc. - Class A Common Stock,GOOGL,ST,P,2025-03-03,15001.0,50000.0,"$15,001 - $50,000",,1,https://disclosures-clerk.house.gov/public_disc/ptr-pdfs/2025/20030146.pdf,accepted
20030146,Hon. Bruce Westerman,"Amazon.com, Inc. - Common Stock",AMZN,ST,P,2025-03-03,15001.0,50000.0,"$15,001 - $50,000",,1,https://disclosures-clerk.house.gov/public_disc/ptr-pdfs/2025/20030146.pdf,accepted
20030146,Hon. Bruce Westerman,American Express Company Common Stock,AXP,ST,P,2025-03-03,1001.0,15000.0,"$1,001 - $15,000",,2,https://disclosures-clerk.house.gov/public_disc/ptr-pdfs/2025/20030146.pdf,accepted
20030146,Hon. Bruce Westerman,Anheuser-Busch Inbev SA Sponsored ADR,BUD,ST,P,2025-03-04,1001.0,15000.0,"$1,001 - $15,000",,2,https://disclosures-clerk.house.gov/public_disc/ptr-pdfs/2025/20030146.pdf,accepted
20030146,Hon. Bruce Westerman,Apple Inc. - Common Stock,AAPL,ST,P,2025-03-03,15001.0,50000.0,"$15,001 - $50,000",,2,https://disclosures-clerk.house.gov/public_disc/ptr-pdfs/2025/20030146.pdf,accepted
20030146,Hon. Bruce Westerman,ASML Holding N.V. - New York Registry Shares,ASML,ST,P,2025-03-20,1001.0,15000.0,"$1,001 - $15,000",,2,https://disclosures-clerk.house.gov/public_disc/ptr-pdfs/2025/20030146.pdf,accepted
20030146,Hon. Bruce Westerman,ASML Holding N.V. - New York Registry Shares,ASML,ST,P,2025-03-03,1001.0,15000.0,"$1,001 - $15,000",,2,https://disclosures-clerk.house.gov/public_disc/ptr-pdfs/2025/20030146.pdf,accepted
20030146,Hon. Bruce Westerman,AstraZeneca PLC - American Depositary Shares,AZN,ST,P,2025-03-03,1001.0,15000.0,"$1,001 - $15,000",,2,https://disclosures-clerk.house.gov/public_disc/ptr-pdfs/2025/20030146.pdf,accepted
20030146,Hon. Bruce Westerman,Bank of America Corporation Common Stock,BAC,ST,P,2025-03-03,1001.0,15000.0,"$1,001 - $15,000",,2,https://disclosures-clerk.house.gov/public_disc/ptr-pdfs/2025/20030146.pdf,accepted
20030146,Hon. Bruce Westerman,Barclays PLC Common Stock,BCS,ST,P,2025-03-03,1001.0,15000.0,"$1,001 - $15,000",,3,https://disclosures-clerk.house.gov/public_disc/ptr-pdfs/2025/20030146.pdf,accepted
20030146,Hon. Bruce Westerman,BHP Group Limited American Depositary Shares,BHP,ST,P,2025-03-03,1001.0,15000.0,"$1,001 - $15,000",,3,https://disclosures-clerk.house.gov/public_disc/ptr-pdfs/2025/20030146.pdf,accepted
20030146,Hon. Bruce Westerman,Boston Scientific Corporation Common Stock,BSX,ST,P,2025-03-03,1001.0,15000.0,"$1,001 - $15,000",,3,https://disclosures-clerk.house.gov/public_disc/ptr-pdfs/2025/20030146.pdf,accepted
20030146,Hon. Bruce Westerman,BP p.l.c. Common Stock,BP,ST,P,2025-03-03,1001.0,15000.0,"$1,001 - $15,000",,3,https://disclosures-clerk.house.gov/public_disc/ptr-pdfs/2025/20030146.pdf,accepted
20030146,Hon. Bruce Westerman,BP p.l.c. Common Stock,BP,ST,P,2025-03-21,1001.0,15000.0,"$1,001 - $15,000",,3,https://disclosures-clerk.house.gov/public_disc/ptr-pdfs/2025/20030146.pdf,accepted
20030146,Hon. Bruce Westerman,Broadcom Inc. - Common Stock,AVGO,ST,P,2025-03-03,1001.0,15000.0,"$1,001 - $15,000",,3,https://disclosures-clerk.house.gov/public_disc/ptr-pdfs/2025/20030146.pdf,accepted
20030146,Hon. Bruce Westerman,Canadian Natural Resources Limited Common Stock,CNQ,ST,P,2025-03-03,1001.0,15000.0,"$1,001 - $15,000",,3,https://disclosures-clerk.house.gov/public_disc/ptr-pdfs/2025/20030146.pdf,accepted
20030146,Hon. Bruce Westerman,"Caterpillar, Inc. Common Stock",CAT,ST,P,2025-03-03,1001.0,15000.0,"$1,001 - $15,000",,3,https://disclosures-clerk.house.gov/public_disc/ptr-pdfs/2025/20030146.pdf,accepted
20030146,Hon. Bruce Westerman,Charles Schwab Corporation,SCHW,ST,P,2025-03-03,1001.0,15000.0,"$1,001 - $15,000",,3,https://disclosures-clerk.house.gov/public_disc/ptr-pdfs/2025/20030146.pdf,accepted
20030146,Hon. Bruce Westerman,Chevron Corporation Common Stock,CVX,ST,P,2025-03-03,1001.0,15000.0,"$1,001 - $15,000",,4,https://disclosures-clerk.house.gov/public_disc/ptr-pdfs/2025/20030146.pdf,accepted
20030146,Hon. Bruce Westerman,"Citigroup, Inc. Common Stock",C,ST,P,2025-03-03,1001.0,15000.0,"$1,001 - $15,000",,4,https://disclosures-clerk.house.gov/public_disc/ptr-pdfs/2025/20030146.pdf,accepted
20030146,Hon. Bruce Westerman,Compagnie Financiere Richemont Unsponsored ADR,CFRUY,ST,P,2025-03-04,1001.0,15000.0,"$1,001 - $15,000",,4,https://disclosures-clerk.house.gov/public_disc/ptr-pdfs/2025/20030146.pdf,accepted
20030146,Hon. Bruce Westerman,ConocoPhillips Common Stock,COP,ST,P,2025-03-03,1001.0,15000.0,"$1,001 - $15,000",,4,https://disclosures-clerk.house.gov/public_disc/ptr-pdfs/2025/20030146.pdf,accepted
20030146,Hon. Bruce Westerman,Costco Wholesale Corporation - Common Stock,COST,ST,P,2025-03-03,1001.0,15000.0,"$1,001 - $15,000",,4,https://disclosures-clerk.house.gov/public_disc/ptr-pdfs/2025/20030146.pdf,accepted
20030146,Hon. Bruce Westerman,Credit Agricole SA Unsponsored ADR,CRARY,ST,P,2025-03-03,1001.0,15000.0,"$1,001 - $15,000",,4,https://disclosures-clerk.house.gov/public_disc/ptr-pdfs/2025/20030146.pdf,accepted
20030146,Hon. Bruce Westerman,Crown Castle Inc. Common Stock,CCI,ST,P,2025-03-03,1001.0,15000.0,"$1,001 - $15,000",,4,https://disclosures-clerk.house.gov/public_disc/ptr-pdfs/2025/20030146.pdf,accepted
20030146,Hon. Bruce Westerman,Cummins Inc. Common Stock,CMI,ST,P,2025-03-03,1001.0,15000.0,"$1,001 - $15,000",,4,https://disclosures-clerk.house.gov/public_disc/ptr-pdfs/2025/20030146.pdf,accepted
20030146,Hon. Bruce Westerman,Danaher Corporation Common Stock,DHR,ST,P,2025-03-04,1001.0,15000.0,"$1,001 - $15,000",,4,https://disclosures-clerk.house.gov/public_disc/ptr-pdfs/2025/20030146.pdf,accepted
20030146,Hon. Bruce Westerman,Deere & Company Common Stock,DE,ST,P,2025-03-03,1001.0,15000.0,"$1,001 - $15,000",,5,https://disclosures-clerk.house.gov/public_disc/ptr-pdfs/2025/20030146.pdf,accepted
20030146,Hon. Bruce Westerman,Deutsche Bank AG Common Stock,DB,ST,P,2025-03-03,1001.0,15000.0,"$1,001 - $15,000",,5,https://disclosures-clerk.house.gov/public_disc/ptr-pdfs/2025/20030146.pdf,accepted
20030146,Hon. Bruce Westerman,Deutsche Telekom AG,DTEGY,ST,P,2025-03-03,1001.0,15000.0,"$1,001 - $15,000",,5,https://disclosures-clerk.house.gov/public_disc/ptr-pdfs/2025/20030146.pdf,accepted
20030146,Hon. Bruce Westerman,DSV A/S Unsponsored ADR,DSDVY,ST,P,2025-03-03,1001.0,15000.0,"$1,001 - $15,000",,5,https://disclosures-clerk.house.gov/public_disc/ptr-pdfs/2025/20030146.pdf,accepted
20030146,Hon. Bruce Westerman,Edwards Lifesciences Corporation Common Stock,EW,ST,P,2025-03-03,1001.0,15000.0,"$1,001 - $15,000",,5,https://disclosures-clerk.house.gov/public_disc/ptr-pdfs/2025/20030146.pdf,accepted
20030146,Hon. Bruce Westerman,Eli Lilly and Company Common Stock,LLY,ST,P,2025-03-03,1001.0,15000.0,"$1,001 - $15,000",,5,https://disclosures-clerk.house.gov/public_disc/ptr-pdfs/2025/20030146.pdf,accepted
20030146,Hon. Bruce Westerman,Emerson Electric Company Common Stock,EMR,ST,P,2025-03-03,1001.0,15000.0,"$1,001 - $15,000",,5,https://disclosures-clerk.house.gov/public_disc/ptr-pdfs/2025/20030146.pdf,accepted
20030146,Hon. Bruce Westerman,Exxon Mobil Corporation Common Stock,XOM,ST,P,2025-03-03,1001.0,15000.0,"$1,001 - $15,000",,5,https://disclosures-clerk.house.gov/public_disc/ptr-pdfs/2025/20030146.pdf,accepted
20030146,Hon. Bruce Westerman,Fanuc Corporation Unsponsored ADR,FANUY,ST,P,2025-03-03,1001.0,15000.0,"$1,001 - $15,000",,5,https://disclosures-clerk.house.gov/public_disc/ptr-pdfs/2025/20030146.pdf,accepted
20030146,Hon. Bruce Westerman,"Freeport-McMoRan, Inc. Common Stock",FCX,ST,P,2025-03-03,1001.0,15000.0,"$1,001 - $15,000",,6,https://disclosures-clerk.house.gov/public_disc/ptr-pdfs/2025/20030146.pdf,accepted
20030146,Hon. Bruce Westerman,"Goldman Sachs Group, Inc.",GS,ST,P,2025-03-03,1001.0,15000.0,"$1,001 - $15,000",,6,https://disclosures-clerk.house.gov/public_disc/ptr-pdfs/2025/20030146.pdf,accepted
20030146,Hon. Bruce Westerman,GSK plc American Depositary Shares,GSK,ST,P,2025-03-03,1001.0,15000.0,"$1,001 - $15,000",,6,https://disclosures-clerk.house.gov/public_disc/ptr-pdfs/2025/20030146.pdf,accepted
20030146,Hon. Bruce Westerman,"Home Depot, Inc.",HD,ST,P,2025-03-03,1001.0,15000.0,"$1,001 - $15,000",,6,https://disclosures-clerk.house.gov/public_disc/ptr-pdfs/2025/20030146.pdf,accepted
20030146,Hon. Bruce Westerman,Hong Kong Exchanges & Clearing Ltd Unsponsored ADR,HKXCY,ST,P,2025-03-20,1001.0,15000.0,"$1,001 - $15,000",,6,https://disclosures-clerk.house.gov/public_disc/ptr-pdfs/2025/20030146.pdf,accepted
20030146,Hon. Bruce Westerman,"HSBC Holdings, plc. Common Stock",HSBC,ST,P,2025-03-03,1001.0,15000.0,"$1,001 - $15,000",,6,https://disclosures-clerk.house.gov/public_disc/ptr-pdfs/2025/20030146.pdf,accepted
20030146,Hon. Bruce Westerman,Intesa Sanpaolo S.P.A. Sponsored ADR,ISNPY,ST,P,2025-03-03,1001.0,15000.0,"$1,001 - $15,000",,6,https://disclosures-clerk.house.gov/public_disc/ptr-pdfs/2025/20030146.pdf,accepted
20030146,Hon. Bruce Westerman,"Intuitive Surgical, Inc. - Common Stock",ISRG,ST,P,2025-03-03,1001.0,15000.0,"$1,001 - $15,000",,6,https://disclosures-clerk.house.gov/public_disc/ptr-pdfs/2025/20030146.pdf,accepted
20030146,Hon. Bruce Westerman,Johnson & Johnson Common Stock,JNJ,ST,P,2025-03-03,1001.0,15000.0,"$1,001 - $15,000",,6,https://disclosures-clerk.house.gov/public_disc/ptr-pdfs/2025/20030146.pdf,accepted
20030146,Hon. Bruce Westerman,Johnson Controls International plc Ordinary Share,JCI,ST,P,2025-03-03,1001.0,15000.0,"$1,001 - $15,000",,7,https://disclosures-clerk.house.gov/public_disc/ptr-pdfs/2025/20030146.pdf,accepted
20030146,Hon. Bruce Westerman,JP Morgan Chase & Co. Common Stock,JPM,ST,P,2025-03-03,1001.0,15000.0,"$1,001 - $15,000",,7,https://disclosures-clerk.house.gov/public_disc/ptr-pdfs/2025/20030146.pdf,accepted
20030146,Hon. Bruce Westerman,LVMH Moet Hennessy Louis Vuitton Unsponsored American Depositary Receipt,LVMUY,ST,P,2025-04-02,1001.0,15000.0,"$1,001 - $15,000",,7,https://disclosures-clerk.house.gov/public_disc/ptr-pdfs/2025/20030146.pdf,accepted
20030146,Hon. Bruce Westerman,Mastercard Incorporated Common Stock,MA,ST,P,2025-03-03,1001.0,15000.0,"$1,001 - $15,000",,7,https://disclosures-clerk.house.gov/public_disc/ptr-pdfs/2025/20030146.pdf,accepted
20030146,Hon. Bruce Westerman,Medtronic plc. Ordinary Shares,MDT,ST,P,2025-03-04,1001.0,15000.0,"$1,001 - $15,000",,7,https://disclosures-clerk.house.gov/public_disc/ptr-pdfs/2025/20030146.pdf,accepted
20030146,Hon. Bruce Westerman,"Merck & Company, Inc. Common Stock",MRK,ST,P,2025-03-03,1001.0,15000.0,"$1,001 - $15,000",,7,https://disclosures-clerk.house.gov/public_disc/ptr-pdfs/2025/20030146.pdf,accepted
20030146,Hon. Bruce Westerman,"Meta Platforms, Inc. - Class A Common Stock",META,ST,P,2025-03-03,1001.0,15000.0,"$1,001 - $15,000",,7,https://disclosures-clerk.house.gov/public_disc/ptr-pdfs/2025/20030146.pdf,accepted
20030146,Hon. Bruce Westerman,Microsoft Corporation - Common Stock,MSFT,ST,P,2025-03-03,15001.0,50000.0,"$15,001 - $50,000",,7,https://disclosures-clerk.house.gov/public_disc/ptr-pdfs/2025/20030146.pdf,accepted
20030146,Hon. Bruce Westerman,MITSUBISHI HVY IND U/ADR,MHVIY,ST,P,2025-03-21,1001.0,15000.0,"$1,001 - $15,000",,8,https://disclosures-clerk.house.gov/public_disc/ptr-pdfs/2025/20030146.pdf,accepted
20030146,Hon. Bruce Westerman,"Mitsubishi UFJ Financial Group, Inc. Common Stock",MUFG,ST,P,2025-03-21,1001.0,15000.0,"$1,001 - $15,000",,8,https://disclosures-clerk.house.gov/public_disc/ptr-pdfs/2025/20030146.pdf,accepted
20030146,Hon. Bruce Westerman,Morgan Stanley Common Stock,MS,ST,P,2025-03-03,1001.0,15000.0,"$1,001 - $15,000",,8,https://disclosures-clerk.house.gov/public_disc/ptr-pdfs/2025/20030146.pdf,accepted
20030146,Hon. Bruce Westerman,Murata Manufacturing Co Ltd Unsponsored ADR,MRAAY,ST,P,2025-03-03,1001.0,15000.0,"$1,001 - $15,000",,8,https://disclosures-clerk.house.gov/public_disc/ptr-pdfs/2025/20030146.pdf,accepted
20030146,Hon. Bruce Westerman,"NatWest Group plc American Depositary Shares,",NWG,ST,P,2025-03-03,1001.0,15000.0,"$1,001 - $15,000",,8,https://disclosures-clerk.house.gov/public_disc/ptr-pdfs/2025/20030146.pdf,accepted
20030146,Hon. Bruce Westerman,Nestle SA Sponsored ADR representing Registered Shares Series B,NSRGY,ST,P,2025-03-03,1001.0,15000.0,"$1,001 - $15,000",,8,https://disclosures-clerk.house.gov/public_disc/ptr-pdfs/2025/20030146.pdf,accepted
20030146,Hon. Bruce Westerman,Nestle SA Sponsored ADR representing Registered Shares Series B,NSRGY,ST,P,2025-03-20,1001.0,15000.0,"$1,001 - $15,000",,8,https://disclosures-clerk.house.gov/public_disc/ptr-pdfs/2025/20030146.pdf,accepted
20030146,Hon. Bruce Westerman,"Netflix, Inc. - Common Stock",NFLX,ST,P,2025-03-03,1001.0,15000.0,"$1,001 - $15,000",,9,https://disclosures-clerk.house.gov/public_disc/ptr-pdfs/2025/20030146.pdf,accepted
20030146,Hon. Bruce Westerman,"Nike, Inc. Common Stock",NKE,ST,P,2025-03-03,1001.0,15000.0,"$1,001 - $15,000",,9,https://disclosures-clerk.house.gov/public_disc/ptr-pdfs/2025/20030146.pdf,accepted
20030146,Hon. Bruce Westerman,NORDEA BANK ABP SP/ADR,NRDBY,ST,P,2025-03-03,1001.0,15000.0,"$1,001 - $15,000",,9,https://disclosures-clerk.house.gov/public_disc/ptr-pdfs/2025/20030146.pdf,accepted
20030146,Hon. Bruce Westerman,NVIDIA Corporation - Common Stock,NVDA,ST,P,2025-03-03,15001.0,50000.0,"$15,001 - $50,000",,9,https://disclosures-clerk.house.gov/public_disc/ptr-pdfs/2025/20030146.pdf,accepted
20030146,Hon. Bruce Westerman,Oracle Corporation Common Stock,ORCL,ST,P,2025-03-03,1001.0,15000.0,"$1,001 - $15,000",,9,https://disclosures-clerk.house.gov/public_disc/ptr-pdfs/2025/20030146.pdf,accepted
20030146,Hon. Bruce Westerman,"Pepsico, Inc.",PEP,ST,P,2025-03-03,1001.0,15000.0,"$1,001 - $15,000",,9,https://disclosures-clerk.house.gov/public_disc/ptr-pdfs/2025/20030146.pdf,accepted
20030146,Hon. Bruce Westerman,"Pfizer, Inc. Common Stock",PFE,ST,P,2025-03-03,1001.0,15000.0,"$1,001 - $15,000",,9,https://disclosures-clerk.house.gov/public_disc/ptr-pdfs/2025/20030146.pdf,accepted
20030146,Hon. Bruce Westerman,Procter & Gamble Company,PG,ST,P,2025-03-03,1001.0,15000.0,"$1,001 - $15,000",,9,https://disclosures-clerk.house.gov/public_disc/ptr-pdfs/2025/20030146.pdf,accepted
20030146,Hon. Bruce Westerman,Rio Tinto Plc Common Stock,RIO,ST,P,2025-03-03,1001.0,15000.0,"$1,001 - $15,000",,10,https://disclosures-clerk.house.gov/public_disc/ptr-pdfs/2025/20030146.pdf,accepted
20030146,Hon. Bruce Westerman,ROCHE HOLDING LTD S/ADR,RHHBY,ST,P,2025-03-03,1001.0,15000.0,"$1,001 - $15,000",,10,https://disclosures-clerk.house.gov/public_disc/ptr-pdfs/2025/20030146.pdf,accepted
20030146,Hon. Bruce Westerman,RTX Corporation Common Stock,RTX,ST,P,2025-03-03,1001.0,15000.0,"$1,001 - $15,000",,10,https://disclosures-clerk.house.gov/public_disc/ptr-pdfs/2025/20030146.pdf,accepted
20030146,Hon. Bruce Westerman,Safran S.A. Unsponsored ADR,SAFRY,ST,P,2025-03-03,1001.0,15000.0,"$1,001 - $15,000",,10,https://disclosures-clerk.house.gov/public_disc/ptr-pdfs/2025/20030146.pdf,accepted
20030146,Hon. Bruce Westerman,"Salesforce, Inc. Common Stock",CRM,ST,P,2025-03-03,1001.0,15000.0,"$1,001 - $15,000",,10,https://disclosures-clerk.house.gov/public_disc/ptr-pdfs/2025/20030146.pdf,accepted
20030146,Hon. Bruce Westerman,SAP SE ADS,SAP,ST,P,2025-03-03,1001.0,15000.0,"$1,001 - $15,000",,10,https://disclosures-clerk.house.gov/public_disc/ptr-pdfs/2025/20030146.pdf,accepted
20030146,Hon. Bruce Westerman,SAP SE ADS,SAP,ST,P,2025-03-20,1001.0,15000.0,"$1,001 - $15,000",,10,https://disclosures-clerk.house.gov/public_disc/ptr-pdfs/2025/20030146.pdf,accepted
20030146,Hon. Bruce Westerman,"ServiceNow, Inc. Common Stock",NOW,ST,P,2025-03-03,1001.0,15000.0,"$1,001 - $15,000",,10,https://disclosures-clerk.house.gov/public_disc/ptr-pdfs/2025/20030146.pdf,accepted
20030146,Hon. Bruce Westerman,Shell PLC American Depositary Shares,SHEL,ST,P,2025-03-03,1001.0,15000.0,"$1,001 - $15,000",,11,https://disclosures-clerk.house.gov/public_disc/ptr-pdfs/2025/20030146.pdf,accepted
20030146,Hon. Bruce Westerman,Siemens AG American Depositary Shares,SIEGY,ST,P,2025-03-20,1001.0,15000.0,"$1,001 - $15,000",,11,https://disclosures-clerk.house.gov/public_disc/ptr-pdfs/2025/20030146.pdf,accepted
20030146,Hon. Bruce Westerman,Societe Generale France Sponsored ADR,SCGLY,ST,P,2025-03-03,1001.0,15000.0,"$1,001 - $15,000",,11,https://disclosures-clerk.house.gov/public_disc/ptr-pdfs/2025/20030146.pdf,accepted
20030146,Hon. Bruce Westerman,Sony Group Corporation American Depositary Shares,SONY,ST,P,2025-03-03,1001.0,15000.0,"$1,001 - $15,000",,11,https://disclosures-clerk.house.gov/public_disc/ptr-pdfs/2025/20030146.pdf,accepted
20030146,Hon. Bruce Westerman,Sony Group Corporation American Depositary Shares,SONY,ST,P,2025-03-24,1001.0,15000.0,"$1,001 - $15,000",,11,https://disclosures-clerk.house.gov/public_disc/ptr-pdfs/2025/20030146.pdf,accepted
20030146,Hon. Bruce Westerman,Spotify Technology S.A. Ordinary Shares,SPOT,ST,P,2025-03-20,1001.0,15000.0,"$1,001 - $15,000",,11,https://disclosures-clerk.house.gov/public_disc/ptr-pdfs/2025/20030146.pdf,accepted
20030146,Hon. Bruce Westerman,Starbucks Corporation - Common Stock,SBUX,ST,P,2025-03-03,1001.0,15000.0,"$1,001 - $15,000",,11,https://disclosures-clerk.house.gov/public_disc/ptr-pdfs/2025/20030146.pdf,accepted
20030146,Hon. Bruce Westerman,Suncor Energy Inc. Common Stock,SU,ST,P,2025-03-03,1001.0,15000.0,"$1,001 - $15,000",,11,https://disclosures-clerk.house.gov/public_disc/ptr-pdfs/2025/20030146.pdf,accepted
20030146,Hon. Bruce Westerman,Taiwan Semiconductor Manufacturing Company Ltd.,TSM,ST,P,2025-03-03,1001.0,15000.0,"$1,001 - $15,000",,11,https://disclosures-clerk.house.gov/public_disc/ptr-pdfs/2025/20030146.pdf,accepted
20030146,Hon. Bruce Westerman,Thermo Fisher Scientific Inc Common Stock,TMO,ST,P,2025-03-03,1001.0,15000.0,"$1,001 - $15,000",,12,https://disclosures-clerk.house.gov/public_disc/ptr-pdfs/2025/20030146.pdf,accepted
20030146,Hon. Bruce Westerman,Tokyo Electron Ltd Unsponsored ADR,TOELY,ST,P,2025-03-04,1001.0,15000.0,"$1,001 - $15,000",,12,https://disclosures-clerk.house.gov/public_disc/ptr-pdfs/2025/20030146.pdf,accepted
20030146,Hon. Bruce Westerman,Toyota Motor Corporation Common Stock,TM,ST,P,2025-03-03,1001.0,15000.0,"$1,001 - $15,000",,12,https://disclosures-clerk.house.gov/public_disc/ptr-pdfs/2025/20030146.pdf,accepted
20030146,Hon. Bruce Westerman,UBS Group AG Registered Ordinary Shares,UBS,ST,P,2025-03-03,1001.0,15000.0,"$1,001 - $15,000",,12,https://disclosures-clerk.house.gov/public_disc/ptr-pdfs/2025/20030146.pdf,accepted
20030146,Hon. Bruce Westerman,UNICREDITO SPA UNSP/ADR,UNCRY,ST,P,2025-03-03,1001.0,15000.0,"$1,001 - $15,000",,12,https://disclosures-clerk.house.gov/public_disc/ptr-pdfs/2025/20030146.pdf,accepted
20030146,Hon. Bruce Westerman,Unilever PLC Common Stock,UL,ST,P,2025-03-03,1001.0,15000.0,"$1,001 - $15,000",,12,https://disclosures-clerk.house.gov/public_disc/ptr-pdfs/2025/20030146.pdf,accepted
20030146,Hon. Bruce Westerman,Union Pacific Corporation Common Stock,UNP,ST,P,2025-03-04,1001.0,15000.0,"$1,001 - $15,000",,12,https://disclosures-clerk.house.gov/public_disc/ptr-pdfs/2025/20030146.pdf,accepted
20030146,Hon. Bruce Westerman,UnitedHealth Group Incorporated Common Stock,UNH,ST,P,2025-03-03,1001.0,15000.0,"$1,001 - $15,000",,12,https://disclosures-clerk.house.gov/public_disc/ptr-pdfs/2025/20030146.pdf,accepted
20030146,Hon. Bruce Westerman,Vinci SA ADR,VCISY,ST,P,2025-03-03,1001.0,15000.0,"$1,001 - $15,000",,12,https://disclosures-clerk.house.gov/public_disc/ptr-pdfs/2025/20030146.pdf,accepted
20030146,Hon. Bruce Westerman,Visa Inc.,V,ST,P,2025-03-03,1001.0,15000.0,"$1,001 - $15,000",,13,https://disclosures-clerk.house.gov/public_disc/ptr-pdfs/2025/20030146.pdf,accepted
20030146,Hon. Bruce Westerman,Walmart Inc. Common Stock,WMT,ST,P,2025-03-03,1001.0,15000.0,"$1,001 - $15,000",,13,https://disclosures-clerk.house.gov/public_disc/ptr-pdfs/2025/20030146.pdf,accepted
20030155,Hon. Thomas H. Kean Jr,"Illumina, Inc. - Common Stock",ILMN,ST,P,2025-04-01,1001.0,15000.0,"$1,001 - $15,000",,1,https://disclosures-clerk.house.gov/public_disc/ptr-pdfs/2025/20030155.pdf,accepted
20030155,Hon. Thomas H. Kean Jr,nVent Electric plc Ordinary Shares,NVT,ST,P,2025-03-07,1001.0,15000.0,"$1,001 - $15,000",,1,https://disclosures-clerk.house.gov/public_disc/ptr-pdfs/2025/20030155.pdf,accepted
20030155,Hon. Thomas H. Kean Jr,nVent Electric plc Ordinary Shares,NVT,ST,P,2025-04-01,1001.0,15000.0,"$1,001 - $15,000",,1,https://disclosures-clerk.house.gov/public_disc/ptr-pdfs/2025/20030155.pdf,accepted
20030158,Hon. Rick Larsen,American Express Company Common Stock,AXP,ST,P,2025-04-09,1001.0,15000.0,"$1,001 - $15,000",,1,https://disclosures-clerk.house.gov/public_disc/ptr-pdfs/2025/20030158.pdf,accepted
20030179,Hon. Dwight Evans,Alphabet Inc. - Class A Common Stock,GOOGL,ST,P,2025-04-03,1001.0,15000.0,"$1,001 - $15,000",,1,https://disclosures-clerk.house.gov/public_disc/ptr-pdfs/2025/20030179.pdf,accepted
20030179,Hon. Dwight Evans,"Amazon.com, Inc. - Common Stock",AMZN,ST,P,2025-04-03,1001.0,15000.0,"$1,001 - $15,000",,1,https://disclosures-clerk.house.gov/public_disc/ptr-pdfs/2025/20030179.pdf,accepted
20030179,Hon. Dwight Evans,Intel Corporation - Common Stock,INTC,ST,P,2025-04-03,1001.0,15000.0,"$1,001 - $15,000",,1,https://disclosures-clerk.house.gov/public_disc/ptr-pdfs/2025/20030179.pdf,accepted
20030179,Hon. Dwight Evans,International Business Machines Corporation Common Stock,IBM,ST,P,2025-04-03,1001.0,15000.0,"$1,001 - $15,000",,1,https://disclosures-clerk.house.gov/public_disc/ptr-pdfs/2025/20030179.pdf,accepted
20030179,Hon. Dwight Evans,NVIDIA Corporation - Common Stock,NVDA,ST,P,2025-04-03,1001.0,15000.0,"$1,001 - $15,000",,2,https://disclosures-clerk.house.gov/public_disc/ptr-pdfs/2025/20030179.pdf,accepted
20030212,Hon. Rob Bresnahan,International Business Machines Corporation Common Stock,IBM,ST,P,2025-03-26,1001.0,15000.0,"$1,001 - $15,000",,2,https://disclosures-clerk.house.gov/public_disc/ptr-pdfs/2025/20030212.pdf,accepted
20030212,Hon. Rob Bresnahan,Intuit Inc. - Common Stock,INTU,ST,P,2025-04-01,1001.0,15000.0,"$1,001 - $15,000",,2,https://disclosures-clerk.house.gov/public_disc/ptr-pdfs/2025/20030212.pdf,accepted
20030212,Hon. Rob Bresnahan,Microsoft Corporation - Common Stock,MSFT,ST,P,2025-04-03,1001.0,15000.0,"$1,001 - $15,000",,2,https://disclosures-clerk.house.gov/public_disc/ptr-pdfs/2025/20030212.pdf,accepted
20030212,Hon. Rob Bresnahan,monday.com Ltd. - Ordinary Shares,MNDY,ST,P,2025-04-01,1001.0,15000.0,"$1,001 - $15,000",,2,https://disclosures-clerk.house.gov/public_disc/ptr-pdfs/2025/20030212.pdf,accepted
20030212,Hon. Rob Bresnahan,"Okta, Inc. - Class A Common Stock",OKTA,ST,P,2025-04-04,1001.0,15000.0,"$1,001 - $15,000",,2,https://disclosures-clerk.house.gov/public_disc/ptr-pdfs/2025/20030212.pdf,accepted
20030212,Hon. Rob Bresnahan,Texas Instruments Incorporated - Common Stock,TXN,ST,P,2025-03-31,1001.0,15000.0,"$1,001 - $15,000",,3,https://disclosures-clerk.house.gov/public_disc/ptr-pdfs/2025/20030212.pdf,accepted
20030212,Hon. Rob Bresnahan,Texas Instruments Incorporated - Common Stock,TXN,ST,P,2025-03-26,1001.0,15000.0,"$1,001 - $15,000",,3,https://disclosures-clerk.house.gov/public_disc/ptr-pdfs/2025/20030212.pdf,accepted
20030231,Hon. Jefferson Shreve,"Agilent Technologies, Inc. Common Stock",A,ST,P,2025-04-17,15001.0,50000.0,"$15,001 - $50,000",,1,https://disclosures-clerk.house.gov/public_disc/ptr-pdfs/2025/20030231.pdf,accepted
20030231,Hon. Jefferson Shreve,"Akamai Technologies, Inc. - Common Stock",AKAM,ST,P,2025-04-07,15001.0,50000.0,"$15,001 - $50,000",,1,https://disclosures-clerk.house.gov/public_disc/ptr-pdfs/2025/20030231.pdf,accepted
20030231,Hon. Jefferson Shreve,Albemarle Corporation Common Stock,ALB,ST,P,2025-04-07,15001.0,50000.0,"$15,001 - $50,000",,2,https://disclosures-clerk.house.gov/public_disc/ptr-pdfs/2025/20030231.pdf,accepted
20030231,Hon. Jefferson Shreve,"American Water Works Company, Inc. Common Stock",AWK,ST,P,2025-04-07,15001.0,50000.0,"$15,001 - $50,000",,2,https://disclosures-clerk.house.gov/public_disc/ptr-pdfs/2025/20030231.pdf,accepted
20030231,Hon. Jefferson Shreve,Amgen Inc. - Common Stock,AMGN,ST,P,2025-04-11,15001.0,50000.0,"$15,001 - $50,000",,2,https://disclosures-clerk.house.gov/public_disc/ptr-pdfs/2025/20030231.pdf,accepted
20030231,Hon. Jefferson Shreve,Apple Inc. - Common Stock,AAPL,ST,P,2025-04-07,100001.0,250000.0,"$100,001 - $250,000",,2,https://disclosures-clerk.house.gov/public_disc/ptr-pdfs/2025/20030231.pdf,accepted
20030231,Hon. Jefferson Shreve,"Applied Materials, Inc. - Common Stock",AMAT,ST,P,2025-04-11,15001.0,50000.0,"$15,001 - $50,000",,2,https://disclosures-clerk.house.gov/public_disc/ptr-pdfs/2025/20030231.pdf,accepted
20030231,Hon. Jefferson Shreve,"Applied Materials, Inc. - Common Stock",AMAT,ST,P,2025-04-17,50001.0,100000.0,"$50,001 - $100,000",,2,https://disclosures-clerk.house.gov/public_disc/ptr-pdfs/2025/20030231.pdf,accepted
20030231,Hon. Jefferson Shreve,Applovin Corporation - Class A Common Stock,APP,ST,P,2025-04-07,15001.0,50000.0,"$15,001 - $50,000",,2,https://disclosures-clerk.house.gov/public_disc/ptr-pdfs/2025/20030231.pdf,accepted
20030231,Hon. Jefferson Shreve,Aptiv PLC Ordinary Shares,APTV,ST,P,2025-04-07,15001.0,50000.0,"$15,001 - $50,000",,3,https://disclosures-clerk.house.gov/public_disc/ptr-pdfs/2025/20030231.pdf,accepted
20030231,Hon. Jefferson Shreve,Ares Management Corporation Class A Common Stock,ARES,ST,P,2025-04-17,50001.0,100000.0,"$50,001 - $100,000",,3,https://disclosures-clerk.house.gov/public_disc/ptr-pdfs/2025/20030231.pdf,accepted
20030231,Hon. Jefferson Shreve,"Arista Networks, Inc. Common Stock",ANET,ST,P,2025-04-07,15001.0,50000.0,"$15,001 - $50,000",,3,https://disclosures-clerk.house.gov/public_disc/ptr-pdfs/2025/20030231.pdf,accepted
20030231,Hon. Jefferson Shreve,"Autodesk, Inc. - Common Stock",ADSK,ST,P,2025-04-17,15001.0,50000.0,"$15,001 - $50,000",,3,https://disclosures-clerk.house.gov/public_disc/ptr-pdfs/2025/20030231.pdf,accepted
20030231,Hon. Jefferson Shreve,Ball Corporation Common Stock,BALL,ST,P,2025-04-07,15001.0,50000.0,"$15,001 - $50,000",,3,https://disclosures-clerk.house.gov/public_disc/ptr-pdfs/2025/20030231.pdf,accepted
20030231,Hon. Jefferson Shreve,"BlackRock, Inc. Common Stock",BLK,ST,P,2025-04-07,50001.0,100000.0,"$50,001 - $100,000",,4,https://disclosures-clerk.house.gov/public_disc/ptr-pdfs/2025/20030231.pdf,accepted
20030231,Hon. Jefferson Shreve,Booking Holdings Inc. - Common Stock,BKNG,ST,P,2025-04-07,15001.0,50000.0,"$15,001 - $50,000",,4,https://disclosures-clerk.house.gov/public_disc/ptr-pdfs/2025/20030231.pdf,accepted
20030231,Hon. Jefferson Shreve,"Buckle, Inc.",BKE,ST,P,2025-04-07,15001.0,50000.0,"$15,001 - $50,000",,4,https://disclosures-clerk.house.gov/public_disc/ptr-pdfs/2025/20030231.pdf,accepted
20030231,Hon. Jefferson Shreve,"Caterpillar, Inc. Common Stock",CAT,ST,P,2025-04-17,15001.0,50000.0,"$15,001 - $50,000",,4,https://disclosures-clerk.house.gov/public_disc/ptr-pdfs/2025/20030231.pdf,accepted
20030231,Hon. Jefferson Shreve,"Cboe Global Markets, Inc.",CBOE,ST,P,2025-04-07,15001.0,50000.0,"$15,001 - $50,000",,5,https://disclosures-clerk.house.gov/public_disc/ptr-pdfs/2025/20030231.pdf,accepted
20030231,Hon. Jefferson Shreve,Chevron Corporation Common Stock,CVX,ST,P,2025-04-07,15001.0,50000.0,"$15,001 - $50,000",,5,https://disclosures-clerk.house.gov/public_disc/ptr-pdfs/2025/20030231.pdf,accepted
20030231,Hon. Jefferson Shreve,"Chipotle Mexican Grill, Inc. Common Stock",CMG,ST,P,2025-04-17,50001.0,100000.0,"$50,001 - $100,000",,5,https://disclosures-clerk.house.gov/public_disc/ptr-pdfs/2025/20030231.pdf,accepted
20030231,Hon. Jefferson Shreve,Cintas Corporation - Common Stock,CTAS,ST,P,2025-04-07,50001.0,100000.0,"$50,001 - $100,000",,5,https://disclosures-clerk.house.gov/public_disc/ptr-pdfs/2025/20030231.pdf,accepted
20030231,Hon. Jefferson Shreve,ConocoPhillips Common Stock,COP,ST,P,2025-04-07,15001.0,50000.0,"$15,001 - $50,000",,6,https://disclosures-clerk.house.gov/public_disc/ptr-pdfs/2025/20030231.pdf,accepted
20030231,Hon. Jefferson Shreve,ConocoPhillips Common Stock,COP,ST,P,2025-04-11,15001.0,50000.0,"$15,001 - $50,000",,6,https://disclosures-clerk.house.gov/public_disc/ptr-pdfs/2025/20030231.pdf,accepted
20030231,Hon. Jefferson Shreve,Crown Castle Inc. Common Stock,CCI,ST,P,2025-04-11,15001.0,50000.0,"$15,001 - $50,000",,6,https://disclosures-clerk.house.gov/public_disc/ptr-pdfs/2025/20030231.pdf,accepted
20030231,Hon. Jefferson Shreve,CSX Corporation,CSX,ST,P,2025-04-17,15001.0,50000.0,"$15,001 - $50,000",,6,https://disclosures-clerk.house.gov/public_disc/ptr-pdfs/2025/20030231.pdf,accepted
20030231,Hon. Jefferson Shreve,Ecolab Inc. Common Stock,ECL,ST,P,2025-04-07,100001.0,250000.0,"$100,001 - $250,000",,7,https://disclosures-clerk.house.gov/public_disc/ptr-pdfs/2025/20030231.pdf,accepted
20030231,Hon. Jefferson Shreve,Edwards Lifesciences Corporation Common Stock,EW,ST,P,2025-04-07,15001.0,50000.0,"$15,001 - $50,000",,7,https://disclosures-clerk.house.gov/public_disc/ptr-pdfs/2025/20030231.pdf,accepted
20030231,Hon. Jefferson Shreve,Exxon Mobil Corporation Common Stock,XOM,ST,P,2025-04-07,15001.0,50000.0,"$15,001 - $50,000",,7,https://disclosures-clerk.house.gov/public_disc/ptr-pdfs/2025/20030231.pdf,accepted
20030231,Hon. Jefferson Shreve,"Fidelity National Information Services, Inc. Common Stock",FIS,ST,P,2025-04-07,15001.0,50000.0,"$15,001 - $50,000",,7,https://disclosures-clerk.house.gov/public_disc/ptr-pdfs/2025/20030231.pdf,accepted
20030231,Hon. Jefferson Shreve,Herc Holdings Inc. Common Stock,HRI,ST,P,2025-04-07,15001.0,50000.0,"$15,001 - $50,000",,8,https://disclosures-clerk.house.gov/public_disc/ptr-pdfs/2025/20030231.pdf,accepted
20030231,Hon. Jefferson Shreve,"Home BancShares, Inc. Common Stock",HOMB,ST,P,2025-04-07,15001.0,50000.0,"$15,001 - $50,000",,9,https://disclosures-clerk.house.gov/public_disc/ptr-pdfs/2025/20030231.pdf,accepted
20030231,Hon. Jefferson Shreve,"Home Depot, Inc.",HD,ST,P,2025-04-07,15001.0,50000.0,"$15,001 - $50,000",,9,https://disclosures-clerk.house.gov/public_disc/ptr-pdfs/2025/20030231.pdf,accepted
20030231,Hon. Jefferson Shreve,"IDEXX Laboratories, Inc. - Common Stock",IDXX,ST,P,2025-04-07,50001.0,100000.0,"$50,001 - $100,000",,9,https://disclosures-clerk.house.gov/public_disc/ptr-pdfs/2025/20030231.pdf,accepted
20030231,Hon. Jefferson Shreve,Intuit Inc. - Common Stock,INTU,ST,P,2025-04-07,100001.0,250000.0,"$100,001 - $250,000",,10,https://disclosures-clerk.house.gov/public_disc/ptr-pdfs/2025/20030231.pdf,accepted
20030231,Hon. Jefferson Shreve,Linde plc - Ordinary Shares,LIN,ST,P,2025-04-07,50001.0,100000.0,"$50,001 - $100,000",,10,https://disclosures-clerk.house.gov/public_disc/ptr-pdfs/2025/20030231.pdf,accepted
20030231,Hon. Jefferson Shreve,"Littelfuse, Inc. - Common Stock",LFUS,ST,P,2025-04-17,15001.0,50000.0,"$15,001 - $50,000",,10,https://disclosures-clerk.house.gov/public_disc/ptr-pdfs/2025/20030231.pdf,accepted
20030231,Hon. Jefferson Shreve,Lockheed Martin Corporation Common Stock,LMT,ST,P,2025-04-11,15001.0,50000.0,"$15,001 - $50,000",,11,https://disclosures-clerk.house.gov/public_disc/ptr-pdfs/2025/20030231.pdf,accepted
20030231,Hon. Jefferson Shreve,"Lowe's Companies, Inc. Common Stock",LOW,ST,P,2025-04-11,15001.0,50000.0,"$15,001 - $50,000",,11,https://disclosures-clerk.house.gov/public_disc/ptr-pdfs/2025/20030231.pdf,accepted
20030231,Hon. Jefferson Shreve,lululemon athletica inc. - Common Stock,LULU,ST,P,2025-04-07,15001.0,50000.0,"$15,001 - $50,000",,11,https://disclosures-clerk.house.gov/public_disc/ptr-pdfs/2025/20030231.pdf,accepted
20030231,Hon. Jefferson Shreve,"Marvell Technology, Inc. - Common Stock",MRVL,ST,P,2025-04-07,50001.0,100000.0,"$50,001 - $100,000",,11,https://disclosures-clerk.house.gov/public_disc/ptr-pdfs/2025/20030231.pdf,accepted
20030231,Hon. Jefferson Shreve,"Match Group, Inc. - Common Stock",MTCH,ST,P,2025-04-07,15001.0,50000.0,"$15,001 - $50,000",,11,https://disclosures-clerk.house.gov/public_disc/ptr-pdfs/2025/20030231.pdf,accepted
20030231,Hon. Jefferson Shreve,McDonald's Corporation Common Stock,MCD,ST,P,2025-04-11,15001.0,50000.0,"$15,001 - $50,000",,12,https://disclosures-clerk.house.gov/public_disc/ptr-pdfs/2025/20030231.pdf,accepted
20030231,Hon. Jefferson Shreve,"Netflix, Inc. - Common Stock",NFLX,ST,P,2025-04-11,15001.0,50000.0,"$15,001 - $50,000",,13,https://disclosures-clerk.house.gov/public_disc/ptr-pdfs/2025/20030231.pdf,accepted
20030231,Hon. Jefferson Shreve,"NextEra Energy, Inc. Common Stock",NEE,ST,P,2025-04-17,15001.0,50000.0,"$15,001 - $50,000",,13,https://disclosures-clerk.house.gov/public_disc/ptr-pdfs/2025/20030231.pdf,accepted
20030231,Hon. Jefferson Shreve,"PayPal Holdings, Inc. - Common Stock",PYPL,ST,P,2025-04-07,15001.0,50000.0,"$15,001 - $50,000",,14,https://disclosures-clerk.house.gov/public_disc/ptr-pdfs/2025/20030231.pdf,accepted
20030231,Hon. Jefferson Shreve,"Pepsico, Inc.",PEP,ST,P,2025-04-07,15001.0,50000.0,"$15,001 - $50,000",,14,https://disclosures-clerk.house.gov/public_disc/ptr-pdfs/2025/20030231.pdf,accepted
20030231,Hon. Jefferson Shreve,Phillips 66 Common Stock,PSX,ST,P,2025-04-07,15001.0,50000.0,"$15,001 - $50,000",,14,https://disclosures-clerk.house.gov/public_disc/ptr-pdfs/2025/20030231.pdf,accepted
20030231,Hon. Jefferson Shreve,"Rapid7, Inc. - Common Stock",RPD,ST,P,2025-04-07,15001.0,50000.0,"$15,001 - $50,000",,14,https://disclosures-clerk.house.gov/public_disc/ptr-pdfs/2025/20030231.pdf,accepted
20030231,Hon. Jefferson Shreve,"Ross Stores, Inc. - Common Stock",ROST,ST,P,2025-04-17,15001.0,50000.0,"$15,001 - $50,000",,15,https://disclosures-clerk.house.gov/public_disc/ptr-pdfs/2025/20030231.pdf,accepted
20030231,Hon. Jefferson Shreve,"Royal Gold, Inc. - Common Stock",RGLD,ST,P,2025-04-07,15001.0,50000.0,"$15,001 - $50,000",,15,https://disclosures-clerk.house.gov/public_disc/ptr-pdfs/2025/20030231.pdf,accepted
20030231,Hon. Jefferson Shreve,S&P Global Inc. Common Stock,SPGI,ST,P,2025-04-17,50001.0,100000.0,"$50,001 - $100,000",,15,https://disclosures-clerk.house.gov/public_disc/ptr-pdfs/2025/20030231.pdf,accepted
20030231,Hon. Jefferson Shreve,"Schneider National, Inc. Common Stock",SNDR,ST,P,2025-04-07,15001.0,50000.0,"$15,001 - $50,000",,16,https://disclosures-clerk.house.gov/public_disc/ptr-pdfs/2025/20030231.pdf,accepted
20030231,Hon. Jefferson Shreve,Spotify Technology S.A. Ordinary Shares,SPOT,ST,P,2025-04-11,15001.0,50000.0,"$15,001 - $50,000",,16,https://disclosures-clerk.house.gov/public_disc/ptr-pdfs/2025/20030231.pdf,accepted
20030231,Hon. Jefferson Shreve,"Stag Industrial, Inc. Common Stock",STAG,ST,P,2025-04-07,50001.0,100000.0,"$50,001 - $100,000",,16,https://disclosures-clerk.house.gov/public_disc/ptr-pdfs/2025/20030231.pdf,accepted
20030231,Hon. Jefferson Shreve,Stryker Corporation Common Stock,SYK,ST,P,2025-04-17,15001.0,50000.0,"$15,001 - $50,000",,16,https://disclosures-clerk.house.gov/public_disc/ptr-pdfs/2025/20030231.pdf,accepted
20030231,Hon. Jefferson Shreve,"Synopsys, Inc. - Common Stock",SNPS,ST,P,2025-04-17,50001.0,100000.0,"$50,001 - $100,000",,17,https://disclosures-clerk.house.gov/public_disc/ptr-pdfs/2025/20030231.pdf,accepted
20030231,Hon. Jefferson Shreve,Texas Instruments Incorporated - Common Stock,TXN,ST,P,2025-04-07,50001.0,100000.0,"$50,001 - $100,000",,17,https://disclosures-clerk.house.gov/public_disc/ptr-pdfs/2025/20030231.pdf,accepted
20030231,Hon. Jefferson Shreve,The Carlyle Group Inc. - Common Stock,CG,ST,P,2025-04-07,50001.0,100000.0,"$50,001 - $100,000",,17,https://disclosures-clerk.house.gov/public_disc/ptr-pdfs/2025/20030231.pdf,accepted
20030231,Hon. Jefferson Shreve,"TJX Companies, Inc.",TJX,ST,P,2025-04-07,15001.0,50000.0,"$15,001 - $50,000",,18,https://disclosures-clerk.house.gov/public_disc/ptr-pdfs/2025/20030231.pdf,accepted
20030231,Hon. Jefferson Shreve,Trane Technologies plc,TT,ST,P,2025-04-07,50001.0,100000.0,"$50,001 - $100,000",,18,https://disclosures-clerk.house.gov/public_disc/ptr-pdfs/2025/20030231.pdf,accepted
20030231,Hon. Jefferson Shreve,Transdigm Group Incorporated Common Stock,TDG,ST,P,2025-04-07,15001.0,50000.0,"$15,001 - $50,000",,18,https://disclosures-clerk.house.gov/public_disc/ptr-pdfs/2025/20030231.pdf,accepted
20030231,Hon. Jefferson Shreve,"Uber Technologies, Inc. Common Stock",UBER,ST,P,2025-04-07,15001.0,50000.0,"$15,001 - $50,000",,18,https://disclosures-clerk.house.gov/public_disc/ptr-pdfs/2025/20030231.pdf,accepted
20030231,Hon. Jefferson Shreve,"United Parcel Service, Inc. Common Stock",UPS,ST,P,2025-04-07,50001.0,100000.0,"$50,001 - $100,000",,18,https://disclosures-clerk.house.gov/public_disc/ptr-pdfs/2025/20030231.pdf,accepted
20030231,Hon. Jefferson Shreve,UnitedHealth Group Incorporated Common Stock,UNH,ST,P,2025-04-07,15001.0,50000.0,"$15,001 - $50,000",,18,https://disclosures-clerk.house.gov/public_disc/ptr-pdfs/2025/20030231.pdf,accepted
20030231,Hon. Jefferson Shreve,Walmart Inc. Common Stock,WMT,ST,P,2025-04-11,15001.0,50000.0,"$15,001 - $50,000",,19,https://disclosures-clerk.house.gov/public_disc/ptr-pdfs/2025/20030231.pdf,accepted
20030231,Hon. Jefferson Shreve,Western Digital Corporation - Common Stock,WDC,ST,P,2025-04-17,15001.0,50000.0,"$15,001 - $50,000",,19,https://disclosures-clerk.house.gov/public_disc/ptr-pdfs/2025/20030231.pdf,accepted
20030231,Hon. Jefferson Shreve,"Workday, Inc. - Class A Common Stock",WDAY,ST,P,2025-04-07,15001.0,50000.0,"$15,001 - $50,000",,19,https://disclosures-clerk.house.gov/public_disc/ptr-pdfs/2025/20030231.pdf,accepted
20030231,Hon. Jefferson Shreve,Zoetis Inc. Class A Common Stock,ZTS,ST,P,2025-04-07,15001.0,50000.0,"$15,001 - $50,000",,20,https://disclosures-clerk.house.gov/public_disc/ptr-pdfs/2025/20030231.pdf,accepted
20030233,Hon. Victoria Spartz,"Simon Property Group, Inc. Common Stock",SPG,ST,P,2025-04-03,1001.0,15000.0,"$1,001 - $15,000",,1,https://disclosures-clerk.house.gov/public_disc/ptr-pdfs/2025/20030233.pdf,accepted
20030234,Hon. Robert E. Latta,"Farmers & Merchants Bancorp, Inc.",FMAO,ST,P,2025-04-20,1001.0,15000.0,"$1,001 - $15,000",,1,https://disclosures-clerk.house.gov/public_disc/ptr-pdfs/2025/20030234.pdf,accepted
20030235,Hon. Terri A. Sewell,Apple Inc. - Common Stock,AAPL,ST,P,2025-04-10,1001.0,15000.0,"$1,001 - $15,000",,1,https://disclosures-clerk.house.gov/public_disc/ptr-pdfs/2025/20030235.pdf,accepted
20030235,Hon. Terri A. Sewell,NVIDIA Corporation - Common Stock,NVDA,ST,P,2025-04-10,1001.0,15000.0,"$1,001 - $15,000",,1,https://disclosures-clerk.house.gov/public_disc/ptr-pdfs/2025/20030235.pdf,accepted
20030265,Hon. April McClain Delaney,Bio-Techne Corp - Common Stock,TECH,ST,P,2025-04-09,1001.0,15000.0,"$1,001 - $15,000",,1,https://disclosures-clerk.house.gov/public_disc/ptr-pdfs/2025/20030265.pdf,accepted
20030265,Hon. April McClain Delaney,Bio-Techne Corp - Common Stock,TECH,ST,P,2025-04-29,1001.0,15000.0,"$1,001 - $15,000",,1,https://disclosures-clerk.house.gov/public_disc/ptr-pdfs/2025/20030265.pdf,accepted
20030265,Hon. April McClain Delaney,"BJ's Wholesale Club Holdings, Inc. Common Stock",BJ,ST,P,2025-04-09,1001.0,15000.0,"$1,001 - $15,000",,1,https://disclosures-clerk.house.gov/public_disc/ptr-pdfs/2025/20030265.pdf,accepted
20030265,Hon. April McClain Delaney,"BJ's Wholesale Club Holdings, Inc. Common Stock",BJ,ST,P,2025-04-01,1001.0,15000.0,"$1,001 - $15,000",,1,https://disclosures-clerk.house.gov/public_disc/ptr-pdfs/2025/20030265.pdf,accepted
20030265,Hon. April McClain Delaney,"BJ's Wholesale Club Holdings, Inc. Common Stock",BJ,ST,P,2025-04-04,1001.0,15000.0,"$1,001 - $15,000",,1,https://disclosures-clerk.house.gov/public_disc/ptr-pdfs/2025/20030265.pdf,accepted
20030265,Hon. April McClain Delaney,"Core & Main, Inc. Class A Common Stock",CNM,ST,P,2025-04-07,1001.0,15000.0,"$1,001 - $15,000",,2,https://disclosures-clerk.house.gov/public_disc/ptr-pdfs/2025/20030265.pdf,accepted
20030265,Hon. April McClain Delaney,"IDEXX Laboratories, Inc. - Common Stock",IDXX,ST,P,2025-04-07,1001.0,15000.0,"$1,001 - $15,000",,2,https://disclosures-clerk.house.gov/public_disc/ptr-pdfs/2025/20030265.pdf,accepted
20030265,Hon. April McClain Delaney,"IDEXX Laboratories, Inc. - Common Stock",IDXX,ST,P,2025-04-04,1001.0,15000.0,"$1,001 - $15,000",,2,https://disclosures-clerk.house.gov/public_disc/ptr-pdfs/2025/20030265.pdf,accepted
20030265,Hon. April McClain Delaney,"IDEXX Laboratories, Inc. - Common Stock",IDXX,ST,P,2025-04-01,1001.0,15000.0,"$1,001 - $15,000",,2,https://disclosures-clerk.house.gov/public_disc/ptr-pdfs/2025/20030265.pdf,accepted
20030265,Hon. April McClain Delaney,"IDEXX Laboratories, Inc. - Common Stock",IDXX,ST,P,2025-04-09,1001.0,15000.0,"$1,001 - $15,000",,2,https://disclosures-clerk.house.gov/public_disc/ptr-pdfs/2025/20030265.pdf,accepted
20030265,Hon. April McClain Delaney,Markel Group Inc. Common Stock,MKL,ST,P,2025-04-09,1001.0,15000.0,"$1,001 - $15,000",,2,https://disclosures-clerk.house.gov/public_disc/ptr-pdfs/2025/20030265.pdf,accepted
20030265,Hon. April McClain Delaney,Markel Group Inc. Common Stock,MKL,ST,P,2025-04-24,1001.0,15000.0,"$1,001 - $15,000",,2,https://disclosures-clerk.house.gov/public_disc/ptr-pdfs/2025/20030265.pdf,accepted
20030265,Hon. April McClain Delaney,"Paychex, Inc. - Common Stock",PAYX,ST,P,2025-04-09,1001.0,15000.0,"$1,001 - $15,000",,2,https://disclosures-clerk.house.gov/public_disc/ptr-pdfs/2025/20030265.pdf,accepted
20030275,Hon. Thomas H. Kean Jr,"Amazon.com, Inc. - Common Stock",AMZN,ST,P,2025-04-24,1001.0,15000.0,"$1,001 - $15,000",,1,https://disclosures-clerk.house.gov/public_disc/ptr-pdfs/2025/20030275.pdf,accepted
20030275,Hon. Thomas H. Kean Jr,"Analog Devices, Inc. - Common Stock",ADI,ST,P,2025-04-24,1001.0,15000.0,"$1,001 - $15,000",,1,https://disclosures-clerk.house.gov/public_disc/ptr-pdfs/2025/20030275.pdf,accepted
20030275,Hon. Thomas H. Kean Jr,Canadian Pacific Kansas City Limited Common Shares,CP,ST,P,2025-04-10,1001.0,15000.0,"$1,001 - $15,000",,1,https://disclosures-clerk.house.gov/public_disc/ptr-pdfs/2025/20030275.pdf,accepted
20030275,Hon. Thomas H. Kean Jr,"First Citizens BancShares, Inc. - Class A Common Stock",FCNCA,ST,P,2025-04-10,1001.0,15000.0,"$1,001 - $15,000",,1,https://disclosures-clerk.house.gov/public_disc/ptr-pdfs/2025/20030275.pdf,accepted
20030275,Hon. Thomas H. Kean Jr,"First Citizens BancShares, Inc. - Class A Common Stock",FCNCA,ST,P,2025-04-11,1001.0,15000.0,"$1,001 - $15,000",,1,https://disclosures-clerk.house.gov/public_disc/ptr-pdfs/2025/20030275.pdf,accepted
20030275,Hon. Thomas H. Kean Jr,"Fiserv, Inc. Common Stock",FI,ST,P,2025-04-24,1001.0,15000.0,"$1,001 - $15,000",,1,https://disclosures-clerk.house.gov/public_disc/ptr-pdfs/2025/20030275.pdf,accepted
20030275,Hon. Thomas H. Kean Jr,"Illumina, Inc. - Common Stock",ILMN,ST,P,2025-04-01,1001.0,15000.0,"$1,001 - $15,000",,2,https://disclosures-clerk.house.gov/public_disc/ptr-pdfs/2025/20030275.pdf,accepted
20030275,Hon. Thomas H. Kean Jr,nVent Electric plc Ordinary Shares,NVT,ST,P,2025-04-01,1001.0,15000.0,"$1,001 - $15,000",,2,https://disclosures-clerk.house.gov/public_disc/ptr-pdfs/2025/20030275.pdf,accepted
20030275,Hon. Thomas H. Kean Jr,"Prologis, Inc. Common Stock",PLD,ST,P,2025-04-24,1001.0,15000.0,"$1,001 - $15,000",,2,https://disclosures-clerk.house.gov/public_disc/ptr-pdfs/2025/20030275.pdf,accepted
20030282,Hon. Jared Moskowitz,AbbVie Inc. Common Stock,ABBV,ST,P,2025-04-07,1001.0,15000.0,"$1,001 - $15,000",,1,https://disclosures-clerk.house.gov/public_disc/ptr-pdfs/2025/20030282.pdf,accepted
20030282,Hon. Jared Moskowitz,Accenture plc Class A Ordinary Shares,ACN,ST,P,2025-04-07,1001.0,15000.0,"$1,001 - $15,000",,1,https://disclosures-clerk.house.gov/public_disc/ptr-pdfs/2025/20030282.pdf,accepted
20030282,Hon. Jared Moskowitz,"Amazon.com, Inc. - Common Stock",AMZN,ST,P,2025-04-07,1001.0,15000.0,"$1,001 - $15,000",,1,https://disclosures-clerk.house.gov/public_disc/ptr-pdfs/2025/20030282.pdf,accepted
20030282,Hon. Jared Moskowitz,Amgen Inc. - Common Stock,AMGN,ST,P,2025-04-16,1001.0,15000.0,"$1,001 - $15,000",,1,https://disclosures-clerk.house.gov/public_disc/ptr-pdfs/2025/20030282.pdf,accepted
20030282,Hon. Jared Moskowitz,Amgen Inc. - Common Stock,AMGN,ST,P,2025-04-16,1001.0,15000.0,"$1,001 - $15,000",,1,https://disclosures-clerk.house.gov/public_disc/ptr-pdfs/2025/20030282.pdf,accepted
20030282,Hon. Jared Moskowitz,"Analog Devices, Inc. - Common Stock",ADI,ST,P,2025-04-07,1001.0,15000.0,"$1,001 - $15,000",,1,https://disclosures-clerk.house.gov/public_disc/ptr-pdfs/2025/20030282.pdf,accepted
20030282,Hon. Jared Moskowitz,Carrier Global Corporation Common Stock,CARR,ST,P,2025-04-07,1001.0,15000.0,"$1,001 - $15,000",,2,https://disclosures-clerk.house.gov/public_disc/ptr-pdfs/2025/20030282.pdf,accepted
20030282,Hon. Jared Moskowitz,"Caterpillar, Inc. Common Stock",CAT,ST,P,2025-04-07,1001.0,15000.0,"$1,001 - $15,000",,2,https://disclosures-clerk.house.gov/public_disc/ptr-pdfs/2025/20030282.pdf,accepted
20030282,Hon. Jared Moskowitz,"Goldman Sachs Group, Inc.",GS,ST,P,2025-04-07,1001.0,15000.0,"$1,001 - $15,000",,2,https://disclosures-clerk.house.gov/public_disc/ptr-pdfs/2025/20030282.pdf,accepted
20030282,Hon. Jared Moskowitz,Honeywell International Inc.,HON,ST,P,2025-04-07,1001.0,15000.0,"$1,001 - $15,000",,2,https://disclosures-clerk.house.gov/public_disc/ptr-pdfs/2025/20030282.pdf,accepted
20030282,Hon. Jared Moskowitz,Illinois Tool Works Inc. Common Stock,ITW,ST,P,2025-04-07,1001.0,15000.0,"$1,001 - $15,000",,2,https://disclosures-clerk.house.gov/public_disc/ptr-pdfs/2025/20030282.pdf,accepted
20030282,Hon. Jared Moskowitz,Linde plc - Ordinary Shares,LIN,ST,P,2025-04-07,1001.0,15000.0,"$1,001 - $15,000",,2,https://disclosures-clerk.house.gov/public_disc/ptr-pdfs/2025/20030282.pdf,accepted
20030282,Hon. Jared Moskowitz,Lockheed Martin Corporation Common Stock,LMT,ST,P,2025-04-07,1001.0,15000.0,"$1,001 - $15,000",,3,https://disclosures-clerk.house.gov/public_disc/ptr-pdfs/2025/20030282.pdf,accepted
20030282,Hon. Jared Moskowitz,NVIDIA Corporation - Common Stock,NVDA,ST,P,2025-04-07,1001.0,15000.0,"$1,001 - $15,000",,3,https://disclosures-clerk.house.gov/public_disc/ptr-pdfs/2025/20030282.pdf,accepted
20030282,Hon. Jared Moskowitz,NVIDIA Corporation - Common Stock,NVDA,ST,P,2025-04-16,1001.0,15000.0,"$1,001 - $15,000",,3,https://disclosures-clerk.house.gov/public_disc/ptr-pdfs/2025/20030282.pdf,accepted
20030282,Hon. Jared Moskowitz,NVIDIA Corporation - Common Stock,NVDA,ST,P,2025-04-16,1001.0,15000.0,"$1,001 - $15,000",,3,https://disclosures-clerk.house.gov/public_disc/ptr-pdfs/2025/20030282.pdf,accepted
20030282,Hon. Jared Moskowitz,Oracle Corporation Common Stock,ORCL,ST,P,2025-04-07,1001.0,15000.0,"$1,001 - $15,000",,3,https://disclosures-clerk.house.gov/public_disc/ptr-pdfs/2025/20030282.pdf,accepted
20030282,Hon. Jared Moskowitz,"Pepsico, Inc.",PEP,ST,P,2025-04-07,1001.0,15000.0,"$1,001 - $15,000",,3,https://disclosures-clerk.house.gov/public_disc/ptr-pdfs/2025/20030282.pdf,accepted
20030282,Hon. Jared Moskowitz,QUALCOMM Incorporated - Common Stock,QCOM,ST,P,2025-04-07,1001.0,15000.0,"$1,001 - $15,000",,3,https://disclosures-clerk.house.gov/public_disc/ptr-pdfs/2025/20030282.pdf,accepted
20030282,Hon. Jared Moskowitz,RPM International Inc. Common Stock,RPM,ST,P,2025-04-07,1001.0,15000.0,"$1,001 - $15,000",,3,https://disclosures-clerk.house.gov/public_disc/ptr-pdfs/2025/20030282.pdf,accepted
20030282,Hon. Jared Moskowitz,Sherwin-Williams Company,SHW,ST,P,2025-04-07,1001.0,15000.0,"$1,001 - $15,000",,4,https://disclosures-clerk.house.gov/public_disc/ptr-pdfs/2025/20030282.pdf,accepted
20030282,Hon. Jared Moskowitz,Southern Company,SO,ST,P,2025-04-07,1001.0,15000.0,"$1,001 - $15,000",,4,https://disclosures-clerk.house.gov/public_disc/ptr-pdfs/2025/20030282.pdf,accepted
20030282,Hon. Jared Moskowitz,Stryker Corporation Common Stock,SYK,ST,P,2025-04-07,1001.0,15000.0,"$1,001 - $15,000",,4,https://disclosures-clerk.house.gov/public_disc/ptr-pdfs/2025/20030282.pdf,accepted
20030282,Hon. Jared Moskowitz,Texas Instruments Incorporated - Common Stock,TXN,ST,P,2025-04-07,1001.0,15000.0,"$1,001 - $15,000",,4,https://disclosures-clerk.house.gov/public_disc/ptr-pdfs/2025/20030282.pdf,accepted
20030282,Hon. Jared Moskowitz,"TJX Companies, Inc.",TJX,ST,P,2025-04-07,1001.0,15000.0,"$1,001 - $15,000",,4,https://disclosures-clerk.house.gov/public_disc/ptr-pdfs/2025/20030282.pdf,accepted
20030282,Hon. Jared Moskowitz,Tractor Supply Company - Common Stock,TSCO,ST,P,2025-04-07,1001.0,15000.0,"$1,001 - $15,000",,4,https://disclosures-clerk.house.gov/public_disc/ptr-pdfs/2025/20030282.pdf,accepted
20030282,Hon. Jared Moskowitz,Visa Inc.,V,ST,P,2025-04-07,1001.0,15000.0,"$1,001 - $15,000",,5,https://disclosures-clerk.house.gov/public_disc/ptr-pdfs/2025/20030282.pdf,accepted
20030283,Hon. Jonathan Jackson,Eli Lilly and Company Common Stock,LLY,ST,P,2025-04-21,15001.0,50000.0,"$15,001 - $50,000",,1,https://disclosures-clerk.house.gov/public_disc/ptr-pdfs/2025/20030283.pdf,accepted
20030283,Hon. Jonathan Jackson,"Netflix, Inc. - Common Stock",NFLX,ST,P,2025-04-16,50001.0,100000.0,"$50,001 - $100,000",,2,https://disclosures-clerk.house.gov/public_disc/ptr-pdfs/2025/20030283.pdf,accepted
20030285,Hon. Lloyd Doggett,Coca-Cola Company,KO,ST,P,2025-04-01,1001.0,15000.0,"$1,001 - $15,000",,1,https://disclosures-clerk.house.gov/public_disc/ptr-pdfs/2025/20030285.pdf,accepted
20030288,Hon. Gilbert Cisneros,"Agios Pharmaceuticals, Inc. - Common Stock",AGIO,ST,P,2025-04-17,1001.0,15000.0,"$1,001 - $15,000",,1,https://disclosures-clerk.house.gov/public_disc/ptr-pdfs/2025/20030288.pdf,accepted
20030288,Hon. Gilbert Cisneros,"Alkami Technology, Inc. - Common Stock",ALKT,ST,P,2025-04-17,1001.0,15000.0,"$1,001 - $15,000",,1,https://disclosures-clerk.house.gov/public_disc/ptr-pdfs/2025/20030288.pdf,accepted
20030288,Hon. Gilbert Cisneros,"Alkami Technology, Inc. - Common Stock",ALKT,ST,P,2025-04-30,1001.0,15000.0,"$1,001 - $15,000",,1,https://disclosures-clerk.house.gov/public_disc/ptr-pdfs/2025/20030288.pdf,accepted
20030288,Hon. Gilbert Cisneros,Aramark Common Stock,ARMK,ST,P,2025-04-14,1001.0,15000.0,"$1,001 - $15,000",,1,https://disclosures-clerk.house.gov/public_disc/ptr-pdfs/2025/20030288.pdf,accepted
20030288,Hon. Gilbert Cisneros,"Aris Water Solutions, Inc. Class A Common Stock",ARIS,ST,P,2025-04-08,50001.0,100000.0,"$50,001 - $100,000",,1,https://disclosures-clerk.house.gov/public_disc/ptr-pdfs/2025/20030288.pdf,accepted
20030288,Hon. Gilbert Cisneros,Beiersdorf A G Ordinary Shares,BDRFF,ST,P,2025-05-02,1001.0,15000.0,"$1,001 - $15,000",,2,https://disclosures-clerk.house.gov/public_disc/ptr-pdfs/2025/20030288.pdf,accepted
20030288,Hon. Gilbert Cisneros,Centene Corporation Common Stock,CNC,ST,P,2025-04-29,1001.0,15000.0,"$1,001 - $15,000",,2,https://disclosures-clerk.house.gov/public_disc/ptr-pdfs/2025/20030288.pdf,accepted
20030288,Hon. Gilbert Cisneros,"Crinetics Pharmaceuticals, Inc. - Common Stock",CRNX,ST,P,2025-04-17,1001.0,15000.0,"$1,001 - $15,000",,2,https://disclosures-clerk.house.gov/public_disc/ptr-pdfs/2025/20030288.pdf,accepted
20030288,Hon. Gilbert Cisneros,"Elevance Health, Inc. Common Stock",ELV,ST,P,2025-04-29,1001.0,15000.0,"$1,001 - $15,000",,3,https://disclosures-clerk.house.gov/public_disc/ptr-pdfs/2025/20030288.pdf,accepted
20030288,Hon. Gilbert Cisneros,Ferguson Enterprises Inc. Common Stock,FERG,ST,P,2025-04-14,1001.0,15000.0,"$1,001 - $15,000",,3,https://disclosures-clerk.house.gov/public_disc/ptr-pdfs/2025/20030288.pdf,accepted
20030288,Hon. Gilbert Cisneros,Ingersoll Rand Inc. Common Stock,IR,ST,P,2025-04-14,1001.0,15000.0,"$1,001 - $15,000",,3,https://disclosures-clerk.house.gov/public_disc/ptr-pdfs/2025/20030288.pdf,accepted
20030288,Hon. Gilbert Cisneros,Kellanova Common Stock,K,ST,P,2025-04-29,1001.0,15000.0,"$1,001 - $15,000",,3,https://disclosures-clerk.house.gov/public_disc/ptr-pdfs/2025/20030288.pdf,accepted
20030288,Hon. Gilbert Cisneros,"Kinder Morgan, Inc. Common Stock",KMI,ST,P,2025-04-29,1001.0,15000.0,"$1,001 - $15,000",,4,https://disclosures-clerk.house.gov/public_disc/ptr-pdfs/2025/20030288.pdf,accepted
20030288,Hon. Gilbert Cisneros,Lockheed Martin Corporation Common Stock,LMT,ST,P,2025-04-29,1001.0,15000.0,"$1,001 - $15,000",,4,https://disclosures-clerk.house.gov/public_disc/ptr-pdfs/2025/20030288.pdf,accepted
20030288,Hon. Gilbert Cisneros,McKesson Corporation Common Stock,MCK,ST,P,2025-04-29,1001.0,15000.0,"$1,001 - $15,000",,4,https://disclosures-clerk.house.gov/public_disc/ptr-pdfs/2025/20030288.pdf,accepted
20030288,Hon. Gilbert Cisneros,"Merck & Company, Inc. Common Stock",MRK,ST,P,2025-04-29,1001.0,15000.0,"$1,001 - $15,000",,4,https://disclosures-clerk.house.gov/public_disc/ptr-pdfs/2025/20030288.pdf,accepted
20030288,Hon. Gilbert Cisneros,Microsoft Corporation - Common Stock,MSFT,ST,P,2025-04-29,15001.0,50000.0,"$15,001 - $50,000",,4,https://disclosures-clerk.house.gov/public_disc/ptr-pdfs/2025/20030288.pdf,accepted
20030288,Hon. Gilbert Cisneros,Molina Healthcare Inc Common Stock,MOH,ST,P,2025-04-29,1001.0,15000.0,"$1,001 - $15,000",,4,https://disclosures-clerk.house.gov/public_disc/ptr-pdfs/2025/20030288.pdf,accepted
20030288,Hon. Gilbert Cisneros,"O'Reilly Automotive, Inc. - Common Stock",ORLY,ST,P,2025-04-29,1001.0,15000.0,"$1,001 - $15,000",,4,https://disclosures-clerk.house.gov/public_disc/ptr-pdfs/2025/20030288.pdf,accepted
20030288,Hon. Gilbert Cisneros,"Pfizer, Inc. Common Stock",PFE,ST,P,2025-04-29,1001.0,15000.0,"$1,001 - $15,000",,4,https://disclosures-clerk.house.gov/public_disc/ptr-pdfs/2025/20030288.pdf,accepted
20030288,Hon. Gilbert Cisneros,PTC Inc. - Common Stock,PTC,ST,P,2025-04-28,1001.0,15000.0,"$1,001 - $15,000",,4,https://disclosures-clerk.house.gov/public_disc/ptr-pdfs/2025/20030288.pdf,accepted
20030288,Hon. Gilbert Cisneros,Rheinmetall Ag Ordinary Shares,RNMBF,ST,P,2025-04-11,1001.0,15000.0,"$1,001 - $15,000",,5,https://disclosures-clerk.house.gov/public_disc/ptr-pdfs/2025/20030288.pdf,accepted
20030288,Hon. Gilbert Cisneros,Sphere Entertainment Co. Class A Common Stock,SPHR,ST,P,2025-04-04,15001.0,50000.0,"$15,001 - $50,000",,5,https://disclosures-clerk.house.gov/public_disc/ptr-pdfs/2025/20030288.pdf,accepted
20030288,Hon. Gilbert Cisneros,Sphere Entertainment Co. Class A Common Stock,SPHR,ST,P,2025-04-08,1001.0,15000.0,"$1,001 - $15,000",,5,https://disclosures-clerk.house.gov/public_disc/ptr-pdfs/2025/20030288.pdf,accepted
20030288,Hon. Gilbert Cisneros,"Vaxcyte, Inc. - Common Stock",PCVX,ST,P,2025-04-14,1001.0,15000.0,"$1,001 - $15,000",,5,https://disclosures-clerk.house.gov/public_disc/ptr-pdfs/2025/20030288.pdf,accepted
20030288,Hon. Gilbert Cisneros,"Vaxcyte, Inc. - Common Stock",PCVX,ST,P,2025-04-15,1001.0,15000.0,"$1,001 - $15,000",,6,https://disclosures-clerk.house.gov/public_disc/ptr-pdfs/2025/20030288.pdf,accepted
20030288,Hon. Gilbert Cisneros,"Vaxcyte, Inc. - Common Stock",PCVX,ST,P,2025-04-28,1001.0,15000.0,"$1,001 - $15,000",,6,https://disclosures-clerk.house.gov/public_disc/ptr-pdfs/2025/20030288.pdf,accepted
20030288,Hon. Gilbert Cisneros,Willis Towers Watson Public Limited Company - Ordinary Shares,WTW,ST,P,2025-04-07,1001.0,15000.0,"$1,001 - $15,000",,6,https://disclosures-clerk.house.gov/public_disc/ptr-pdfs/2025/20030288.pdf,accepted
20030288,Hon. Gilbert Cisneros,"Yum! Brands, Inc.",YUM,ST,P,2025-04-29,1001.0,15000.0,"$1,001 - $15,000",,6,https://disclosures-clerk.house.gov/public_disc/ptr-pdfs/2025/20030288.pdf,accepted
20030291,Hon. Rob Bresnahan,Adobe Inc. - Common Stock,ADBE,ST,P,2025-04-08,15001.0,50000.0,"$15,001 - $50,000",,1,https://disclosures-clerk.house.gov/public_disc/ptr-pdfs/2025/20030291.pdf,accepted
20030291,Hon. Rob Bresnahan,"Amazon.com, Inc. - Common Stock",AMZN,ST,P,2025-04-08,1001.0,15000.0,"$1,001 - $15,000",,1,https://disclosures-clerk.house.gov/public_disc/ptr-pdfs/2025/20030291.pdf,accepted
20030291,Hon. Rob Bresnahan,Ameren Corporation Common Stock,AEE,ST,P,2025-04-08,1001.0,15000.0,"$1,001 - $15,000",,1,https://disclosures-clerk.house.gov/public_disc/ptr-pdfs/2025/20030291.pdf,accepted
20030291,Hon. Rob Bresnahan,American Tower Corporation,AMT,ST,P,2025-04-08,1001.0,15000.0,"$1,001 - $15,000",,1,https://disclosures-clerk.house.gov/public_disc/ptr-pdfs/2025/20030291.pdf,accepted
20030291,Hon. Rob Bresnahan,Amphenol Corporation Common Stock,APH,ST,P,2025-04-08,1001.0,15000.0,"$1,001 - $15,000",,2,https://disclosures-clerk.house.gov/public_disc/ptr-pdfs/2025/20030291.pdf,accepted
20030291,Hon. Rob Bresnahan,"Analog Devices, Inc. - Common Stock",ADI,ST,P,2025-04-08,1001.0,15000.0,"$1,001 - $15,000",,2,https://disclosures-clerk.house.gov/public_disc/ptr-pdfs/2025/20030291.pdf,accepted
20030291,Hon. Rob Bresnahan,Archer-Daniels-Midland Company Common Stock,ADM,ST,P,2025-04-08,1001.0,15000.0,"$1,001 - $15,000",,2,https://disclosures-clerk.house.gov/public_disc/ptr-pdfs/2025/20030291.pdf,accepted
20030291,Hon. Rob Bresnahan,"Broadridge Financial Solutions, Inc. Common Stock",BR,ST,P,2025-04-08,1001.0,15000.0,"$1,001 - $15,000",,3,https://disclosures-clerk.house.gov/public_disc/ptr-pdfs/2025/20030291.pdf,accepted
20030291,Hon. Rob Bresnahan,"Cardinal Health, Inc. Common Stock",CAH,ST,P,2025-04-08,1001.0,15000.0,"$1,001 - $15,000",,3,https://disclosures-clerk.house.gov/public_disc/ptr-pdfs/2025/20030291.pdf,accepted
20030291,Hon. Rob Bresnahan,CDW Corporation - Common Stock,CDW,ST,P,2025-04-08,1001.0,15000.0,"$1,001 - $15,000",,3,https://disclosures-clerk.house.gov/public_disc/ptr-pdfs/2025/20030291.pdf,accepted
20030291,Hon. Rob Bresnahan,Centene Corporation Common Stock,CNC,ST,P,2025-04-08,1001.0,15000.0,"$1,001 - $15,000",,3,https://disclosures-clerk.house.gov/public_disc/ptr-pdfs/2025/20030291.pdf,accepted
20030291,Hon. Rob Bresnahan,"Charles River Laboratories International, Inc. Common Stock",CRL,ST,P,2025-04-08,15001.0,50000.0,"$15,001 - $50,000",,3,https://disclosures-clerk.house.gov/public_disc/ptr-pdfs/2025/20030291.pdf,accepted
20030291,Hon. Rob Bresnahan,"Charter Communications, Inc. - Class A Common Stock",CHTR,ST,P,2025-04-08,1001.0,15000.0,"$1,001 - $15,000",,3,https://disclosures-clerk.house.gov/public_disc/ptr-pdfs/2025/20030291.pdf,accepted
20030291,Hon. Rob Bresnahan,CME Group Inc. - Class A Common Stock,CME,ST,P,2025-04-08,1001.0,15000.0,"$1,001 - $15,000",,4,https://disclosures-clerk.house.gov/public_disc/ptr-pdfs/2025/20030291.pdf,accepted
20030291,Hon. Rob Bresnahan,Comcast Corporation - Class A Common Stock,CMCSA,ST,P,2025-04-08,15001.0,50000.0,"$15,001 - $50,000",,4,https://disclosures-clerk.house.gov/public_disc/ptr-pdfs/2025/20030291.pdf,accepted
20030291,Hon. Rob Bresnahan,"Constellation Brands, Inc. Common Stock",STZ,ST,P,2025-04-08,1001.0,15000.0,"$1,001 - $15,000",,4,https://disclosures-clerk.house.gov/public_disc/ptr-pdfs/2025/20030291.pdf,accepted
20030291,Hon. Rob Bresnahan,Corning Incorporated Common Stock,GLW,ST,P,2025-04-08,1001.0,15000.0,"$1,001 - $15,000",,4,https://disclosures-clerk.house.gov/public_disc/ptr-pdfs/2025/20030291.pdf,accepted
20030291,Hon. Rob Bresnahan,"Crexendo, Inc.",EXE,ST,P,2025-04-08,1001.0,15000.0,"$1,001 - $15,000",,4,https://disclosures-clerk.house.gov/public_disc/ptr-pdfs/2025/20030291.pdf,accepted
20030291,Hon. Rob Bresnahan,"D.R. Horton, Inc. Common Stock",DHI,ST,P,2025-04-08,1001.0,15000.0,"$1,001 - $15,000",,4,https://disclosures-clerk.house.gov/public_disc/ptr-pdfs/2025/20030291.pdf,accepted
20030291,Hon. Rob Bresnahan,Danaher Corporation Common Stock,DHR,ST,P,2025-04-08,15001.0,50000.0,"$15,001 - $50,000",,5,https://disclosures-clerk.house.gov/public_disc/ptr-pdfs/2025/20030291.pdf,accepted
20030291,Hon. Rob Bresnahan,"Darden Restaurants, Inc. Common Stock",DRI,ST,P,2025-04-08,1001.0,15000.0,"$1,001 - $15,000",,5,https://disclosures-clerk.house.gov/public_disc/ptr-pdfs/2025/20030291.pdf,accepted
20030291,Hon. Rob Bresnahan,DBA Sempra Common Stock,SRE,ST,P,2025-04-08,1001.0,15000.0,"$1,001 - $15,000",,5,https://disclosures-clerk.house.gov/public_disc/ptr-pdfs/2025/20030291.pdf,accepted
20030291,Hon. Rob Bresnahan,Dell Technologies Inc. Class C Common Stock,DELL,ST,P,2025-04-08,1001.0,15000.0,"$1,001 - $15,000",,5,https://disclosures-clerk.house.gov/public_disc/ptr-pdfs/2025/20030291.pdf,accepted
20030291,Hon. Rob Bresnahan,"Delta Air Lines, Inc. Common Stock",DAL,ST,P,2025-04-08,1001.0,15000.0,"$1,001 - $15,000",,5,https://disclosures-clerk.house.gov/public_disc/ptr-pdfs/2025/20030291.pdf,accepted
20030291,Hon. Rob Bresnahan,Devon Energy Corporation Common Stock,DVN,ST,P,2025-04-08,1001.0,15000.0,"$1,001 - $15,000",,5,https://disclosures-clerk.house.gov/public_disc/ptr-pdfs/2025/20030291.pdf,accepted
20030291,Hon. Rob Bresnahan,"DoorDash, Inc. - Common Stock",DASH,ST,P,2025-04-08,1001.0,15000.0,"$1,001 - $15,000",,5,https://disclosures-clerk.house.gov/public_disc/ptr-pdfs/2025/20030291.pdf,accepted
20030291,Hon. Rob Bresnahan,Dover Corporation Common Stock,DOV,ST,P,2025-04-08,1001.0,15000.0,"$1,001 - $15,000",,5,https://disclosures-clerk.house.gov/public_disc/ptr-pdfs/2025/20030291.pdf,accepted
20030291,Hon. Rob Bresnahan,Edwards Lifesciences Corporation Common Stock,EW,ST,P,2025-04-08,1001.0,15000.0,"$1,001 - $15,000",,6,https://disclosures-clerk.house.gov/public_disc/ptr-pdfs/2025/20030291.pdf,accepted
20030291,Hon. Rob Bresnahan,EQT Corporation Common Stock,EQT,ST,P,2025-04-08,1001.0,15000.0,"$1,001 - $15,000",,6,https://disclosures-clerk.house.gov/public_disc/ptr-pdfs/2025/20030291.pdf,accepted
20030291,Hon. Rob Bresnahan,"Equifax, Inc. Common Stock",EFX,ST,P,2025-04-08,1001.0,15000.0,"$1,001 - $15,000",,6,https://disclosures-clerk.house.gov/public_disc/ptr-pdfs/2025/20030291.pdf,accepted
20030291,Hon. Rob Bresnahan,Eversource Energy,ES,ST,P,2025-04-08,1001.0,15000.0,"$1,001 - $15,000",,6,https://disclosures-clerk.house.gov/public_disc/ptr-pdfs/2025/20030291.pdf,accepted
20030291,Hon. Rob Bresnahan,Exxon Mobil Corporation Common Stock,XOM,ST,P,2025-04-08,1001.0,15000.0,"$1,001 - $15,000",,6,https://disclosures-clerk.house.gov/public_disc/ptr-pdfs/2025/20030291.pdf,accepted
20030291,Hon. Rob Bresnahan,Ford Motor Company Common Stock,F,ST,P,2025-04-08,1001.0,15000.0,"$1,001 - $15,000",,6,https://disclosures-clerk.house.gov/public_disc/ptr-pdfs/2025/20030291.pdf,accepted
20030291,Hon. Rob Bresnahan,Fortive Corporation Common Stock,FTV,ST,P,2025-04-08,1001.0,15000.0,"$1,001 - $15,000",,6,https://disclosures-clerk.house.gov/public_disc/ptr-pdfs/2025/20030291.pdf,accepted
20030291,Hon. Rob Bresnahan,General Motors Company Common Stock,GM,ST,P,2025-04-08,1001.0,15000.0,"$1,001 - $15,000",,7,https://disclosures-clerk.house.gov/public_disc/ptr-pdfs/2025/20030291.pdf,accepted
20030291,Hon. Rob Bresnahan,GoDaddy Inc. Class A Common Stock,GDDY,ST,P,2025-04-08,1001.0,15000.0,"$1,001 - $15,000",,7,https://disclosures-clerk.house.gov/public_disc/ptr-pdfs/2025/20030291.pdf,accepted
20030291,Hon. Rob Bresnahan,"Henry Schein, Inc. - Common Stock",HSIC,ST,P,2025-04-08,1001.0,15000.0,"$1,001 - $15,000",,7,https://disclosures-clerk.house.gov/public_disc/ptr-pdfs/2025/20030291.pdf,accepted
20030291,Hon. Rob Bresnahan,Ingersoll Rand Inc. Common Stock,IR,ST,P,2025-04-08,1001.0,15000.0,"$1,001 - $15,000",,7,https://disclosures-clerk.house.gov/public_disc/ptr-pdfs/2025/20030291.pdf,accepted
20030291,Hon. Rob Bresnahan,"IQVIA Holdings, Inc. Common Stock",IQV,ST,P,2025-04-08,15001.0,50000.0,"$15,001 - $50,000",,7,https://disclosures-clerk.house.gov/public_disc/ptr-pdfs/2025/20030291.pdf,accepted
20030291,Hon. Rob Bresnahan,Kellanova Common Stock,K,ST,P,2025-04-08,1001.0,15000.0,"$1,001 - $15,000",,7,https://disclosures-clerk.house.gov/public_disc/ptr-pdfs/2025/20030291.pdf,accepted
20030291,Hon. Rob Bresnahan,Keysight Technologies Inc. Common Stock,KEYS,ST,P,2025-04-08,1001.0,15000.0,"$1,001 - $15,000",,8,https://disclosures-clerk.house.gov/public_disc/ptr-pdfs/2025/20030291.pdf,accepted
20030291,Hon. Rob Bresnahan,"Merck & Company, Inc. Common Stock",MRK,ST,P,2025-04-08,15001.0,50000.0,"$15,001 - $50,000",,8,https://disclosures-clerk.house.gov/public_disc/ptr-pdfs/2025/20030291.pdf,accepted
20030291,Hon. Rob Bresnahan,Microchip Technology Incorporated - Common Stock,MCHP,ST,P,2025-04-08,1001.0,15000.0,"$1,001 - $15,000",,9,https://disclosures-clerk.house.gov/public_disc/ptr-pdfs/2025/20030291.pdf,accepted
20030291,Hon. Rob Bresnahan,Microsoft Corporation - Common Stock,MSFT,ST,P,2025-04-08,15001.0,50000.0,"$15,001 - $50,000",,9,https://disclosures-clerk.house.gov/public_disc/ptr-pdfs/2025/20030291.pdf,accepted
20030291,Hon. Rob Bresnahan,Microsoft Corporation - Common Stock,MSFT,ST,P,2025-04-08,1001.0,15000.0,"$1,001 - $15,000",,9,https://disclosures-clerk.house.gov/public_disc/ptr-pdfs/2025/20030291.pdf,accepted
20030291,Hon. Rob Bresnahan,"Monolithic Power Systems, Inc. - Common Stock",MPWR,ST,P,2025-04-08,1001.0,15000.0,"$1,001 - $15,000",,9,https://disclosures-clerk.house.gov/public_disc/ptr-pdfs/2025/20030291.pdf,accepted
20030291,Hon. Rob Bresnahan,MSCI Inc. Common Stock,MSCI,ST,P,2025-04-08,1001.0,15000.0,"$1,001 - $15,000",,9,https://disclosures-clerk.house.gov/public_disc/ptr-pdfs/2025/20030291.pdf,accepted
20030291,Hon. Rob Bresnahan,Newmont Corporation,NEM,ST,P,2025-04-08,1001.0,15000.0,"$1,001 - $15,000",,9,https://disclosures-clerk.house.gov/public_disc/ptr-pdfs/2025/20030291.pdf,accepted
20030291,Hon. Rob Bresnahan,"Nike, Inc. Common Stock",NKE,ST,P,2025-04-08,1001.0,15000.0,"$1,001 - $15,000",,10,https://disclosures-clerk.house.gov/public_disc/ptr-pdfs/2025/20030291.pdf,accepted
20030291,Hon. Rob Bresnahan,NXP Semiconductors N.V. - Common Stock,NXPI,ST,P,2025-04-08,1001.0,15000.0,"$1,001 - $15,000",,10,https://disclosures-clerk.house.gov/public_disc/ptr-pdfs/2025/20030291.pdf,accepted
20030291,Hon. Rob Bresnahan,"Okta, Inc. - Class A Common Stock",OKTA,ST,P,2025-04-08,1001.0,15000.0,"$1,001 - $15,000",,10,https://disclosures-clerk.house.gov/public_disc/ptr-pdfs/2025/20030291.pdf,accepted
20030291,Hon. Rob Bresnahan,"Old Dominion Freight Line, Inc. - Common Stock",ODFL,ST,P,2025-04-08,1001.0,15000.0,"$1,001 - $15,000",,10,https://disclosures-clerk.house.gov/public_disc/ptr-pdfs/2025/20030291.pdf,accepted
20030291,Hon. Rob Bresnahan,PACCAR Inc. - Common Stock,PCAR,ST,P,2025-04-08,1001.0,15000.0,"$1,001 - $15,000",,11,https://disclosures-clerk.house.gov/public_disc/ptr-pdfs/2025/20030291.pdf,accepted
20030291,Hon. Rob Bresnahan,Palantir Technologies Inc. - Class A Common Stock,PLTR,ST,P,2025-04-08,1001.0,15000.0,"$1,001 - $15,000",,11,https://disclosures-clerk.house.gov/public_disc/ptr-pdfs/2025/20030291.pdf,accepted
20030291,Hon. Rob Bresnahan,"PayPal Holdings, Inc. - Common Stock",PYPL,ST,P,2025-04-08,1001.0,15000.0,"$1,001 - $15,000",,11,https://disclosures-clerk.house.gov/public_disc/ptr-pdfs/2025/20030291.pdf,accepted
20030291,Hon. Rob Bresnahan,"Pepsico, Inc.",PEP,ST,P,2025-04-08,15001.0,50000.0,"$15,001 - $50,000",,11,https://disclosures-clerk.house.gov/public_disc/ptr-pdfs/2025/20030291.pdf,accepted
20030291,Hon. Rob Bresnahan,Royal Caribbean Cruises Ltd. Common Stock,RCL,ST,P,2025-04-08,1001.0,15000.0,"$1,001 - $15,000",,12,https://disclosures-clerk.house.gov/public_disc/ptr-pdfs/2025/20030291.pdf,accepted
20030291,Hon. Rob Bresnahan,S&P Global Inc. Common Stock,SPGI,ST,P,2025-04-08,15001.0,50000.0,"$15,001 - $50,000",,12,https://disclosures-clerk.house.gov/public_disc/ptr-pdfs/2025/20030291.pdf,accepted
20030291,Hon. Rob Bresnahan,"Take-Two Interactive Software, Inc. - Common Stock",TTWO,ST,P,2025-04-08,1001.0,15000.0,"$1,001 - $15,000",,12,https://disclosures-clerk.house.gov/public_disc/ptr-pdfs/2025/20030291.pdf,accepted
20030291,Hon. Rob Bresnahan,TE Connectivity plc Ordinary Shares,TEL,ST,P,2025-04-08,1001.0,15000.0,"$1,001 - $15,000",,12,https://disclosures-clerk.house.gov/public_disc/ptr-pdfs/2025/20030291.pdf,accepted
20030291,Hon. Rob Bresnahan,Teledyne Technologies Incorporated Common Stock,TDY,ST,P,2025-04-08,1001.0,15000.0,"$1,001 - $15,000",,13,https://disclosures-clerk.house.gov/public_disc/ptr-pdfs/2025/20030291.pdf,accepted
20030291,Hon. Rob Bresnahan,"Tesla, Inc. - Common Stock",TSLA,ST,P,2025-04-08,1001.0,15000.0,"$1,001 - $15,000",,13,https://disclosures-clerk.house.gov/public_disc/ptr-pdfs/2025/20030291.pdf,accepted
20030291,Hon. Rob Bresnahan,Texas Pacific Land Corporation Common Stock,TPL,ST,P,2025-04-08,1001.0,15000.0,"$1,001 - $15,000",,13,https://disclosures-clerk.house.gov/public_disc/ptr-pdfs/2025/20030291.pdf,accepted
20030291,Hon. Rob Bresnahan,Union Pacific Corporation Common Stock,UNP,ST,P,2025-04-08,1001.0,15000.0,"$1,001 - $15,000",,13,https://disclosures-clerk.house.gov/public_disc/ptr-pdfs/2025/20030291.pdf,accepted
20030291,Hon. Rob Bresnahan,"United Parcel Service, Inc. Common Stock",UPS,ST,P,2025-04-08,1001.0,15000.0,"$1,001 - $15,000",,13,https://disclosures-clerk.house.gov/public_disc/ptr-pdfs/2025/20030291.pdf,accepted
20030291,Hon. Rob Bresnahan,"United Rentals, Inc. Common Stock",URI,ST,P,2025-04-08,1001.0,15000.0,"$1,001 - $15,000",,13,https://disclosures-clerk.house.gov/public_disc/ptr-pdfs/2025/20030291.pdf,accepted
20030291,Hon. Rob Bresnahan,UnitedHealth Group Incorporated Common Stock,UNH,ST,P,2025-04-08,15001.0,50000.0,"$15,001 - $50,000",,13,https://disclosures-clerk.house.gov/public_disc/ptr-pdfs/2025/20030291.pdf,accepted
20030291,Hon. Rob Bresnahan,Verizon Communications Inc. Common Stock,VZ,ST,P,2025-04-08,15001.0,50000.0,"$15,001 - $50,000",,14,https://disclosures-clerk.house.gov/public_disc/ptr-pdfs/2025/20030291.pdf,accepted
20030291,Hon. Rob Bresnahan,Visa Inc.,V,ST,P,2025-04-08,15001.0,50000.0,"$15,001 - $50,000",,14,https://disclosures-clerk.house.gov/public_disc/ptr-pdfs/2025/20030291.pdf,accepted
20030291,Hon. Rob Bresnahan,"WEC Energy Group, Inc. Common Stock",WEC,ST,P,2025-04-08,1001.0,15000.0,"$1,001 - $15,000",,14,https://disclosures-clerk.house.gov/public_disc/ptr-pdfs/2025/20030291.pdf,accepted
20030291,Hon. Rob Bresnahan,"Workday, Inc. - Class A Common Stock",WDAY,ST,P,2025-04-08,1001.0,15000.0,"$1,001 - $15,000",,15,https://disclosures-clerk.house.gov/public_disc/ptr-pdfs/2025/20030291.pdf,accepted
20030291,Hon. Rob Bresnahan,"Zimmer Biomet Holdings, Inc. Common Stock",ZBH,ST,P,2025-04-08,1001.0,15000.0,"$1,001 - $15,000",,15,https://disclosures-clerk.house.gov/public_disc/ptr-pdfs/2025/20030291.pdf,accepted
20030295,Hon. Marjorie Taylor Greene,AbbVie Inc. Common Stock,ABBV,ST,P,2025-05-05,1001.0,15000.0,"$1,001 - $15,000",,1,https://disclosures-clerk.house.gov/public_disc/ptr-pdfs/2025/20030295.pdf,accepted
20030295,Hon. Marjorie Taylor Greene,Adobe Inc. - Common Stock,ADBE,ST,P,2025-05-05,1001.0,15000.0,"$1,001 - $15,000",,1,https://disclosures-clerk.house.gov/public_disc/ptr-pdfs/2025/20030295.pdf,accepted
20030295,Hon. Marjorie Taylor Greene,"Advanced Micro Devices, Inc.",AMD,ST,P,2025-05-05,1001.0,15000.0,"$1,001 - $15,000",,1,https://disclosures-clerk.house.gov/public_disc/ptr-pdfs/2025/20030295.pdf,accepted
20030295,Hon. Marjorie Taylor Greene,Alphabet Inc. - Class C Capital Stock,GOOG,ST,P,2025-05-05,1001.0,15000.0,"$1,001 - $15,000",,1,https://disclosures-clerk.house.gov/public_disc/ptr-pdfs/2025/20030295.pdf,accepted
20030295,Hon. Marjorie Taylor Greene,"Amazon.com, Inc. - Common Stock",AMZN,ST,P,2025-05-05,1001.0,15000.0,"$1,001 - $15,000",,1,https://disclosures-clerk.house.gov/public_disc/ptr-pdfs/2025/20030295.pdf,accepted
20030295,Hon. Marjorie Taylor Greene,American Express Company Common Stock,AXP,ST,P,2025-05-05,1001.0,15000.0,"$1,001 - $15,000",,1,https://disclosures-clerk.house.gov/public_disc/ptr-pdfs/2025/20030295.pdf,accepted
20030295,Hon. Marjorie Taylor Greene,Amgen Inc. - Common Stock,AMGN,ST,P,2025-05-05,1001.0,15000.0,"$1,001 - $15,000",,2,https://disclosures-clerk.house.gov/public_disc/ptr-pdfs/2025/20030295.pdf,accepted
20030295,Hon. Marjorie Taylor Greene,Apple Inc. - Common Stock,AAPL,ST,P,2025-05-05,1001.0,15000.0,"$1,001 - $15,000",,2,https://disclosures-clerk.house.gov/public_disc/ptr-pdfs/2025/20030295.pdf,accepted
20030295,Hon. Marjorie Taylor Greene,"Applied Materials, Inc. - Common Stock",AMAT,ST,P,2025-05-05,1001.0,15000.0,"$1,001 - $15,000",,2,https://disclosures-clerk.house.gov/public_disc/ptr-pdfs/2025/20030295.pdf,accepted
20030295,Hon. Marjorie Taylor Greene,Bank of America Corporation Common Stock,BAC,ST,P,2025-05-05,1001.0,15000.0,"$1,001 - $15,000",,2,https://disclosures-clerk.house.gov/public_disc/ptr-pdfs/2025/20030295.pdf,accepted
20030295,Hon. Marjorie Taylor Greene,Berkshire Hathaway Inc. New Common Stock,BRK.B,ST,P,2025-05-05,1001.0,15000.0,"$1,001 - $15,000",,2,https://disclosures-clerk.house.gov/public_disc/ptr-pdfs/2025/20030295.pdf,accepted
20030295,Hon. Marjorie Taylor Greene,BHP Group Limited American Depositary Shares,BHP,ST,P,2025-05-05,1001.0,15000.0,"$1,001 - $15,000",,2,https://disclosures-clerk.house.gov/public_disc/ptr-pdfs/2025/20030295.pdf,accepted
20030295,Hon. Marjorie Taylor Greene,Blackstone Inc. Common Stock,BX,ST,P,2025-05-05,1001.0,15000.0,"$1,001 - $15,000",,2,https://disclosures-clerk.house.gov/public_disc/ptr-pdfs/2025/20030295.pdf,accepted
20030295,Hon. Marjorie Taylor Greene,Boeing Company,BA,ST,P,2025-05-05,1001.0,15000.0,"$1,001 - $15,000",,2,https://disclosures-clerk.house.gov/public_disc/ptr-pdfs/2025/20030295.pdf,accepted
20030295,Hon. Marjorie Taylor Greene,BP p.l.c. Common Stock,BP,ST,P,2025-05-05,1001.0,15000.0,"$1,001 - $15,000",,2,https://disclosures-clerk.house.gov/public_disc/ptr-pdfs/2025/20030295.pdf,accepted
20030295,Hon. Marjorie Taylor Greene,Broadcom Inc. - Common Stock,AVGO,ST,P,2025-05-05,1001.0,15000.0,"$1,001 - $15,000",,2,https://disclosures-clerk.house.gov/public_disc/ptr-pdfs/2025/20030295.pdf,accepted
20030295,Hon. Marjorie Taylor Greene,"Cardinal Health, Inc. Common Stock",CAH,ST,P,2025-05-05,1001.0,15000.0,"$1,001 - $15,000",,3,https://disclosures-clerk.house.gov/public_disc/ptr-pdfs/2025/20030295.pdf,accepted
20030295,Hon. Marjorie Taylor Greene,"Caterpillar, Inc. Common Stock",CAT,ST,P,2025-05-05,1001.0,15000.0,"$1,001 - $15,000",,3,https://disclosures-clerk.house.gov/public_disc/ptr-pdfs/2025/20030295.pdf,accepted
20030295,Hon. Marjorie Taylor Greene,Charles Schwab Corporation,SCHW,ST,P,2025-05-05,1001.0,15000.0,"$1,001 - $15,000",,3,https://disclosures-clerk.house.gov/public_disc/ptr-pdfs/2025/20030295.pdf,accepted
20030295,Hon. Marjorie Taylor Greene,Chevron Corporation Common Stock,CVX,ST,P,2025-05-05,1001.0,15000.0,"$1,001 - $15,000",,3,https://disclosures-clerk.house.gov/public_disc/ptr-pdfs/2025/20030295.pdf,accepted
20030295,Hon. Marjorie Taylor Greene,Corning Incorporated Common Stock,GLW,ST,P,2025-05-05,1001.0,15000.0,"$1,001 - $15,000",,3,https://disclosures-clerk.house.gov/public_disc/ptr-pdfs/2025/20030295.pdf,accepted
20030295,Hon. Marjorie Taylor Greene,Cummins Inc. Common Stock,CMI,ST,P,2025-05-05,1001.0,15000.0,"$1,001 - $15,000",,3,https://disclosures-clerk.house.gov/public_disc/ptr-pdfs/2025/20030295.pdf,accepted
20030295,Hon. Marjorie Taylor Greene,Dell Technologies Inc. Class C Common Stock,DELL,ST,P,2025-05-05,1001.0,15000.0,"$1,001 - $15,000",,3,https://disclosures-clerk.house.gov/public_disc/ptr-pdfs/2025/20030295.pdf,accepted
20030295,Hon. Marjorie Taylor Greene,Devon Energy Corporation Common Stock,DVN,ST,P,2025-05-05,1001.0,15000.0,"$1,001 - $15,000",,3,https://disclosures-clerk.house.gov/public_disc/ptr-pdfs/2025/20030295.pdf,accepted
20030295,Hon. Marjorie Taylor Greene,"Digital Realty Trust, Inc. Common Stock",DLR,ST,P,2025-05-05,1001.0,15000.0,"$1,001 - $15,000",,3,https://disclosures-clerk.house.gov/public_disc/ptr-pdfs/2025/20030295.pdf,accepted
20030295,Hon. Marjorie Taylor Greene,Duke Energy Corporation,DUK,ST,P,2025-05-05,1001.0,15000.0,"$1,001 - $15,000",,4,https://disclosures-clerk.house.gov/public_disc/ptr-pdfs/2025/20030295.pdf,accepted
20030295,Hon. Marjorie Taylor Greene,Eli Lilly and Company Common Stock,LLY,ST,P,2025-05-05,1001.0,15000.0,"$1,001 - $15,000",,4,https://disclosures-clerk.house.gov/public_disc/ptr-pdfs/2025/20030295.pdf,accepted
20030295,Hon. Marjorie Taylor Greene,FedEx Corporation Common Stock,FDX,ST,P,2025-05-05,1001.0,15000.0,"$1,001 - $15,000",,4,https://disclosures-clerk.house.gov/public_disc/ptr-pdfs/2025/20030295.pdf,accepted
20030295,Hon. Marjorie Taylor Greene,Frontline Plc Ordinary Shares,FRO,ST,P,2025-05-05,1001.0,15000.0,"$1,001 - $15,000",,4,https://disclosures-clerk.house.gov/public_disc/ptr-pdfs/2025/20030295.pdf,accepted
20030295,Hon. Marjorie Taylor Greene,"Gilead Sciences, Inc. - Common Stock",GILD,ST,P,2025-05-05,1001.0,15000.0,"$1,001 - $15,000",,4,https://disclosures-clerk.house.gov/public_disc/ptr-pdfs/2025/20030295.pdf,accepted
20030295,Hon. Marjorie Taylor Greene,"Gilead Sciences, Inc. - Common Stock",GILD,ST,P,2025-05-05,1001.0,15000.0,"$1,001 - $15,000",,4,https://disclosures-clerk.house.gov/public_disc/ptr-pdfs/2025/20030295.pdf,accepted
20030295,Hon. Marjorie Taylor Greene,"Goldman Sachs Group, Inc.",GS,ST,P,2025-05-05,1001.0,15000.0,"$1,001 - $15,000",,4,https://disclosures-clerk.house.gov/public_disc/ptr-pdfs/2025/20030295.pdf,accepted
20030295,Hon. Marjorie Taylor Greene,"Home Depot, Inc.",HD,ST,P,2025-05-05,1001.0,15000.0,"$1,001 - $15,000",,4,https://disclosures-clerk.house.gov/public_disc/ptr-pdfs/2025/20030295.pdf,accepted
20030295,Hon. Marjorie Taylor Greene,"Impinj, Inc. - Common Stock",PI,ST,P,2025-05-05,1001.0,15000.0,"$1,001 - $15,000",,4,https://disclosures-clerk.house.gov/public_disc/ptr-pdfs/2025/20030295.pdf,accepted
20030295,Hon. Marjorie Taylor Greene,Intel Corporation - Common Stock,INTC,ST,P,2025-05-05,1001.0,15000.0,"$1,001 - $15,000",,5,https://disclosures-clerk.house.gov/public_disc/ptr-pdfs/2025/20030295.pdf,accepted
20030295,Hon. Marjorie Taylor Greene,Johnson & Johnson Common Stock,JNJ,ST,P,2025-05-05,1001.0,15000.0,"$1,001 - $15,000",,5,https://disclosures-clerk.house.gov/public_disc/ptr-pdfs/2025/20030295.pdf,accepted
20030295,Hon. Marjorie Taylor Greene,JP Morgan Chase & Co. Common Stock,JPM,ST,P,2025-05-05,1001.0,15000.0,"$1,001 - $15,000",,5,https://disclosures-clerk.house.gov/public_disc/ptr-pdfs/2025/20030295.pdf,accepted
20030295,Hon. Marjorie Taylor Greene,"Kinder Morgan, Inc. Common Stock",KMI,ST,P,2025-05-05,1001.0,15000.0,"$1,001 - $15,000",,5,https://disclosures-clerk.house.gov/public_disc/ptr-pdfs/2025/20030295.pdf,accepted
20030295,Hon. Marjorie Taylor Greene,"MercadoLibre, Inc. - Common Stock",MELI,ST,P,2025-05-05,1001.0,15000.0,"$1,001 - $15,000",,5,https://disclosures-clerk.house.gov/public_disc/ptr-pdfs/2025/20030295.pdf,accepted
20030295,Hon. Marjorie Taylor Greene,"Merck & Company, Inc. Common Stock",MRK,ST,P,2025-05-05,1001.0,15000.0,"$1,001 - $15,000",,5,https://disclosures-clerk.house.gov/public_disc/ptr-pdfs/2025/20030295.pdf,accepted
20030295,Hon. Marjorie Taylor Greene,"Meta Platforms, Inc. - Class A Common Stock",META,ST,P,2025-05-05,1001.0,15000.0,"$1,001 - $15,000",,5,https://disclosures-clerk.house.gov/public_disc/ptr-pdfs/2025/20030295.pdf,accepted
20030295,Hon. Marjorie Taylor Greene,Microsoft Corporation - Common Stock,MSFT,ST,P,2025-05-05,1001.0,15000.0,"$1,001 - $15,000",,5,https://disclosures-clerk.house.gov/public_disc/ptr-pdfs/2025/20030295.pdf,accepted
20030295,Hon. Marjorie Taylor Greene,Morgan Stanley Common Stock,MS,ST,P,2025-05-05,1001.0,15000.0,"$1,001 - $15,000",,5,https://disclosures-clerk.house.gov/public_disc/ptr-pdfs/2025/20030295.pdf,accepted
20030295,Hon. Marjorie Taylor Greene,"NextEra Energy, Inc. Common Stock",NEE,ST,P,2025-05-05,1001.0,15000.0,"$1,001 - $15,000",,6,https://disclosures-clerk.house.gov/public_disc/ptr-pdfs/2025/20030295.pdf,accepted
20030295,Hon. Marjorie Taylor Greene,Norfolk Southern Corporation Common Stock,NSC,ST,P,2025-05-05,1001.0,15000.0,"$1,001 - $15,000",,6,https://disclosures-clerk.house.gov/public_disc/ptr-pdfs/2025/20030295.pdf,accepted
20030295,Hon. Marjorie Taylor Greene,Norfolk Southern Corporation Common Stock,NSC,ST,P,2025-05-05,1001.0,15000.0,"$1,001 - $15,000",,6,https://disclosures-clerk.house.gov/public_disc/ptr-pdfs/2025/20030295.pdf,accepted
20030295,Hon. Marjorie Taylor Greene,NVIDIA Corporation - Common Stock,NVDA,ST,P,2025-05-05,1001.0,15000.0,"$1,001 - $15,000",,6,https://disclosures-clerk.house.gov/public_disc/ptr-pdfs/2025/20030295.pdf,accepted
20030295,Hon. Marjorie Taylor Greene,Occidental Petroleum Corporation Common Stock,OXY,ST,P,2025-05-05,1001.0,15000.0,"$1,001 - $15,000",,6,https://disclosures-clerk.house.gov/public_disc/ptr-pdfs/2025/20030295.pdf,accepted
20030295,Hon. Marjorie Taylor Greene,Occidental Petroleum Corporation Common Stock,OXY,ST,P,2025-05-05,1001.0,15000.0,"$1,001 - $15,000",,6,https://disclosures-clerk.house.gov/public_disc/ptr-pdfs/2025/20030295.pdf,accepted
20030295,Hon. Marjorie Taylor Greene,"Old Dominion Freight Line, Inc. - Common Stock",ODFL,ST,P,2025-05-05,1001.0,15000.0,"$1,001 - $15,000",,6,https://disclosures-clerk.house.gov/public_disc/ptr-pdfs/2025/20030295.pdf,accepted
20030295,Hon. Marjorie Taylor Greene,"Palo Alto Networks, Inc.",PANW,ST,P,2025-05-05,1001.0,15000.0,"$1,001 - $15,000",,6,https://disclosures-clerk.house.gov/public_disc/ptr-pdfs/2025/20030295.pdf,accepted
20030295,Hon. Marjorie Taylor Greene,"Paychex, Inc. - Common Stock",PAYX,ST,P,2025-05-05,1001.0,15000.0,"$1,001 - $15,000",,6,https://disclosures-clerk.house.gov/public_disc/ptr-pdfs/2025/20030295.pdf,accepted
20030295,Hon. Marjorie Taylor Greene,QUALCOMM Incorporated - Common Stock,QCOM,ST,P,2025-05-05,1001.0,15000.0,"$1,001 - $15,000",,6,https://disclosures-clerk.house.gov/public_disc/ptr-pdfs/2025/20030295.pdf,accepted
20030295,Hon. Marjorie Taylor Greene,"ServiceNow, Inc. Common Stock",NOW,ST,P,2025-05-05,1001.0,15000.0,"$1,001 - $15,000",,7,https://disclosures-clerk.house.gov/public_disc/ptr-pdfs/2025/20030295.pdf,accepted
20030295,Hon. Marjorie Taylor Greene,Starbucks Corporation - Common Stock,SBUX,ST,P,2025-05-05,1001.0,15000.0,"$1,001 - $15,000",,7,https://disclosures-clerk.house.gov/public_disc/ptr-pdfs/2025/20030295.pdf,accepted
20030295,Hon. Marjorie Taylor Greene,"Tesla, Inc. - Common Stock",TSLA,ST,P,2025-05-05,1001.0,15000.0,"$1,001 - $15,000",,7,https://disclosures-clerk.house.gov/public_disc/ptr-pdfs/2025/20030295.pdf,accepted
20030295,Hon. Marjorie Taylor Greene,The Hershey Company Common Stock,HSY,ST,P,2025-05-05,1001.0,15000.0,"$1,001 - $15,000",,7,https://disclosures-clerk.house.gov/public_disc/ptr-pdfs/2025/20030295.pdf,accepted
20030295,Hon. Marjorie Taylor Greene,"United Parcel Service, Inc. Common Stock",UPS,ST,P,2025-05-05,1001.0,15000.0,"$1,001 - $15,000",,7,https://disclosures-clerk.house.gov/public_disc/ptr-pdfs/2025/20030295.pdf,accepted
20030295,Hon. Marjorie Taylor Greene,Visa Inc.,V,ST,P,2025-05-05,1001.0,15000.0,"$1,001 - $15,000",,7,https://disclosures-clerk.house.gov/public_disc/ptr-pdfs/2025/20030295.pdf,accepted
20030295,Hon. Marjorie Taylor Greene,Walmart Inc. Common Stock,WMT,ST,P,2025-05-05,1001.0,15000.0,"$1,001 - $15,000",,7,https://disclosures-clerk.house.gov/public_disc/ptr-pdfs/2025/20030295.pdf,accepted
20030296,Hon. Julie Johnson,3M Company Common Stock,MMM,ST,P,2025-04-01,1001.0,15000.0,"$1,001 - $15,000",,1,https://disclosures-clerk.house.gov/public_disc/ptr-pdfs/2025/20030296.pdf,accepted
20030296,Hon. Julie Johnson,3M Company Common Stock,MMM,ST,P,2025-04-11,1001.0,15000.0,"$1,001 - $15,000",,1,https://disclosures-clerk.house.gov/public_disc/ptr-pdfs/2025/20030296.pdf,accepted
20030296,Hon. Julie Johnson,Capital One Financial Corporation Common Stock,COF,ST,P,2025-04-01,1001.0,15000.0,"$1,001 - $15,000",,3,https://disclosures-clerk.house.gov/public_disc/ptr-pdfs/2025/20030296.pdf,accepted
20030296,Hon. Julie Johnson,"Fidelity National Information Services, Inc. Common Stock",FIS,ST,P,2025-04-22,1001.0,15000.0,"$1,001 - $15,000",,6,https://disclosures-clerk.house.gov/public_disc/ptr-pdfs/2025/20030296.pdf,accepted
20030296,Hon. Julie Johnson,"Fidelity National Information Services, Inc. Common Stock",FIS,ST,P,2025-04-30,1001.0,15000.0,"$1,001 - $15,000",,6,https://disclosures-clerk.house.gov/public_disc/ptr-pdfs/2025/20030296.pdf,accepted
20030312,Hon. Rob Bresnahan,Alphabet Inc. - Class C Capital Stock,GOOG,ST,P,2025-04-11,1001.0,15000.0,"$1,001 - $15,000",,1,https://disclosures-clerk.house.gov/public_disc/ptr-pdfs/2025/20030312.pdf,accepted
20030312,Hon. Rob Bresnahan,NVIDIA Corporation - Common Stock,NVDA,ST,P,2025-04-11,1001.0,15000.0,"$1,001 - $15,000",,1,https://disclosures-clerk.house.gov/public_disc/ptr-pdfs/2025/20030312.pdf,accepted
20030312,Hon. Rob Bresnahan,Texas Instruments Incorporated - Common Stock,TXN,ST,P,2025-04-11,1001.0,15000.0,"$1,001 - $15,000",,1,https://disclosures-clerk.house.gov/public_disc/ptr-pdfs/2025/20030312.pdf,accepted
20030313,Hon. Kelly Louise Morrison,Broadcom Inc. - Common Stock,AVGO,ST,P,2025-04-11,15001.0,50000.0,"$15,001 - $50,000",,1,https://disclosures-clerk.house.gov/public_disc/ptr-pdfs/2025/20030313.pdf,accepted
20030313,Hon. Kelly Louise Morrison,Broadcom Inc. - Common Stock,AVGO,ST,P,2025-04-11,1001.0,15000.0,"$1,001 - $15,000",,1,https://disclosures-clerk.house.gov/public_disc/ptr-pdfs/2025/20030313.pdf,accepted
20030313,Hon. Kelly Louise Morrison,"Meta Platforms, Inc. - Class A Common Stock",META,ST,P,2025-04-11,15001.0,50000.0,"$15,001 - $50,000",,2,https://disclosures-clerk.house.gov/public_disc/ptr-pdfs/2025/20030313.pdf,accepted
20030313,Hon. Kelly Louise Morrison,"Meta Platforms, Inc. - Class A Common Stock",META,ST,P,2025-04-11,1001.0,15000.0,"$1,001 - $15,000",,2,https://disclosures-clerk.house.gov/public_disc/ptr-pdfs/2025/20030313.pdf,accepted
20030332,Hon. Bruce Westerman,Assa Abloy AB Unsponsored ADR,ASAZY,ST,P,2025-04-08,1001.0,15000.0,"$1,001 - $15,000",,2,https://disclosures-clerk.house.gov/public_disc/ptr-pdfs/2025/20030332.pdf,accepted
20030332,Hon. Bruce Westerman,Boeing Company,BA,ST,P,2025-04-08,1001.0,15000.0,"$1,001 - $15,000",,3,https://disclosures-clerk.house.gov/public_disc/ptr-pdfs/2025/20030332.pdf,accepted
20030332,Hon. Bruce Westerman,"Caterpillar, Inc. Common Stock",CAT,ST,P,2025-04-08,1001.0,15000.0,"$1,001 - $15,000",,3,https://disclosures-clerk.house.gov/public_disc/ptr-pdfs/2025/20030332.pdf,accepted
20030332,Hon. Bruce Westerman,CSX Corporation,CSX,ST,P,2025-04-08,1001.0,15000.0,"$1,001 - $15,000",,4,https://disclosures-clerk.house.gov/public_disc/ptr-pdfs/2025/20030332.pdf,accepted
20030332,Hon. Bruce Westerman,Deere & Company Common Stock,DE,ST,P,2025-04-08,1001.0,15000.0,"$1,001 - $15,000",,5,https://disclosures-clerk.house.gov/public_disc/ptr-pdfs/2025/20030332.pdf,accepted
20030332,Hon. Bruce Westerman,Illinois Tool Works Inc. Common Stock,ITW,ST,P,2025-04-08,1001.0,15000.0,"$1,001 - $15,000",,7,https://disclosures-clerk.house.gov/public_disc/ptr-pdfs/2025/20030332.pdf,accepted
20030332,Hon. Bruce Westerman,RTX Corporation Common Stock,RTX,ST,P,2025-04-08,1001.0,15000.0,"$1,001 - $15,000",,9,https://disclosures-clerk.house.gov/public_disc/ptr-pdfs/2025/20030332.pdf,accepted
20030338,Hon. Josh Gottheimer,3M Company Common Stock,MMM,ST,P,2025-04-05,1001.0,15000.0,"$1,001 - $15,000",,1,https://disclosures-clerk.house.gov/public_disc/ptr-pdfs/2025/20030338.pdf,accepted
20030338,Hon. Josh Gottheimer,AbbVie Inc. Common Stock,ABBV,ST,P,2025-04-03,1001.0,15000.0,"$1,001 - $15,000",,1,https://disclosures-clerk.house.gov/public_disc/ptr-pdfs/2025/20030338.pdf,accepted
20030338,Hon. Josh Gottheimer,AbbVie Inc. Common Stock,ABBV,ST,P,2025-04-01,1001.0,15000.0,"$1,001 - $15,000",,1,https://disclosures-clerk.house.gov/public_disc/ptr-pdfs/2025/20030338.pdf,accepted
20030338,Hon. Josh Gottheimer,Alibaba Group Holding Limited American Depositary Shares each representing eight Ordinary share,BABA,ST,P,2025-04-04,1001.0,15000.0,"$1,001 - $15,000",,2,https://disclosures-clerk.house.gov/public_disc/ptr-pdfs/2025/20030338.pdf,accepted
20030338,Hon. Josh Gottheimer,Charles Schwab Corporation,SCHW,ST,P,2025-04-07,1001.0,15000.0,"$1,001 - $15,000",,4,https://disclosures-clerk.house.gov/public_disc/ptr-pdfs/2025/20030338.pdf,accepted
20030338,Hon. Josh Gottheimer,"Cheniere Energy, Inc. Common Stock",LNG,ST,P,2025-04-22,1001.0,15000.0,"$1,001 - $15,000",,4,https://disclosures-clerk.house.gov/public_disc/ptr-pdfs/2025/20030338.pdf,accepted
20030338,Hon. Josh Gottheimer,"D.R. Horton, Inc. Common Stock",DHI,ST,P,2025-04-21,1001.0,15000.0,"$1,001 - $15,000",,5,https://disclosures-clerk.house.gov/public_disc/ptr-pdfs/2025/20030338.pdf,accepted
20030338,Hon. Josh Gottheimer,"Fiserv, Inc. Common Stock",FI,ST,P,2025-04-04,1001.0,15000.0,"$1,001 - $15,000",,6,https://disclosures-clerk.house.gov/public_disc/ptr-pdfs/2025/20030338.pdf,accepted
20030338,Hon. Josh Gottheimer,"Home Depot, Inc.",HD,ST,P,2025-04-21,1001.0,15000.0,"$1,001 - $15,000",,7,https://disclosures-clerk.house.gov/public_disc/ptr-pdfs/2025/20030338.pdf,accepted
20030338,Hon. Josh Gottheimer,"PT Telekomunikasi Indonesia, Tbk",TLK,ST,P,2025-04-21,1001.0,15000.0,"$1,001 - $15,000",,10,https://disclosures-clerk.house.gov/public_disc/ptr-pdfs/2025/20030338.pdf,accepted
20030338,Hon. Josh Gottheimer,RTX Corporation Common Stock,RTX,ST,P,2025-04-23,1001.0,15000.0,"$1,001 - $15,000",,11,https://disclosures-clerk.house.gov/public_disc/ptr-pdfs/2025/20030338.pdf,accepted
20030338,Hon. Josh Gottheimer,TECHTRONIC INDUS LTD ADR,TTNDY,ST,P,2025-04-21,1001.0,15000.0,"$1,001 - $15,000",,13,https://disclosures-clerk.house.gov/public_disc/ptr-pdfs/2025/20030338.pdf,accepted
20030338,Hon. Josh Gottheimer,"Tri Pointe Homes, Inc. Common Stock",TPH,ST,P,2025-04-21,1001.0,15000.0,"$1,001 - $15,000",,13,https://disclosures-clerk.house.gov/public_disc/ptr-pdfs/2025/20030338.pdf,accepted
20030342,Hon. Byron Donalds,Amphenol Corporation Common Stock,APH,ST,P,2025-04-10,1001.0,15000.0,"$1,001 - $15,000",,1,https://disclosures-clerk.house.gov/public_disc/ptr-pdfs/2025/20030342.pdf,accepted
20030342,Hon. Byron Donalds,Amphenol Corporation Common Stock,APH,ST,P,2025-04-10,1001.0,15000.0,"$1,001 - $15,000",,1,https://disclosures-clerk.house.gov/public_disc/ptr-pdfs/2025/20030342.pdf,accepted
20030342,Hon. Byron Donalds,Visa Inc.,V,ST,P,2025-04-10,1001.0,15000.0,"$1,001 - $15,000",,2,https://disclosures-clerk.house.gov/public_disc/ptr-pdfs/2025/20030342.pdf,accepted
20030342,Hon. Byron Donalds,Visa Inc.,V,ST,P,2025-04-10,1001.0,15000.0,"$1,001 - $15,000",,2,https://disclosures-clerk.house.gov/public_disc/ptr-pdfs/2025/20030342.pdf,accepted
20030387,Hon. Jefferson Shreve,Adobe Inc. - Common Stock,ADBE,ST,P,2025-05-08,15001.0,50000.0,"$15,001 - $50,000",,1,https://disclosures-clerk.house.gov/public_disc/ptr-pdfs/2025/20030387.pdf,accepted
20030387,Hon. Jefferson Shreve,"Advanced Micro Devices, Inc. - Common Stock",AMD,ST,P,2025-05-08,15001.0,50000.0,"$15,001 - $50,000",,2,https://disclosures-clerk.house.gov/public_disc/ptr-pdfs/2025/20030387.pdf,accepted
20030387,Hon. Jefferson Shreve,"American Eagle Outfitters, Inc. Common Stock",AEO,ST,P,2025-05-08,15001.0,50000.0,"$15,001 - $50,000",,3,https://disclosures-clerk.house.gov/public_disc/ptr-pdfs/2025/20030387.pdf,accepted
20030387,Hon. Jefferson Shreve,American Express Company Common Stock,AXP,ST,P,2025-05-08,15001.0,50000.0,"$15,001 - $50,000",,3,https://disclosures-clerk.house.gov/public_disc/ptr-pdfs/2025/20030387.pdf,accepted
20030387,Hon. Jefferson Shreve,Bank of America Corporation Common Stock,BAC,ST,P,2025-05-08,15001.0,50000.0,"$15,001 - $50,000",,6,https://disclosures-clerk.house.gov/public_disc/ptr-pdfs/2025/20030387.pdf,accepted
20030387,Hon. Jefferson Shreve,Carnival Corporation Common Stock,CCL,ST,P,2025-05-08,15001.0,50000.0,"$15,001 - $50,000",,8,https://disclosures-clerk.house.gov/public_disc/ptr-pdfs/2025/20030387.pdf,accepted
20030387,Hon. Jefferson Shreve,"Charles River Laboratories International, Inc. Common Stock",CRL,ST,P,2025-05-08,15001.0,50000.0,"$15,001 - $50,000",,9,https://disclosures-clerk.house.gov/public_disc/ptr-pdfs/2025/20030387.pdf,accepted
20030387,Hon. Jefferson Shreve,"Coinbase Global, Inc. - Class A Common Stock",COIN,ST,P,2025-05-08,15001.0,50000.0,"$15,001 - $50,000",,11,https://disclosures-clerk.house.gov/public_disc/ptr-pdfs/2025/20030387.pdf,accepted
20030387,Hon. Jefferson Shreve,Constellation Energy Corporation - Common Stock,CEG,ST,P,2025-05-08,15001.0,50000.0,"$15,001 - $50,000",,12,https://disclosures-clerk.house.gov/public_disc/ptr-pdfs/2025/20030387.pdf,accepted
20030387,Hon. Jefferson Shreve,Devon Energy Corporation Common Stock,DVN,ST,P,2025-05-08,15001.0,50000.0,"$15,001 - $50,000",,15,https://disclosures-clerk.house.gov/public_disc/ptr-pdfs/2025/20030387.pdf,accepted
20030387,Hon. Jefferson Shreve,"DexCom, Inc. - Common Stock",DXCM,ST,P,2025-05-08,15001.0,50000.0,"$15,001 - $50,000",,15,https://disclosures-clerk.house.gov/public_disc/ptr-pdfs/2025/20030387.pdf,accepted
20030387,Hon. Jefferson Shreve,GE Aerospace Common Stock,GE,ST,P,2025-05-08,50001.0,100000.0,"$50,001 - $100,000",,18,https://disclosures-clerk.house.gov/public_disc/ptr-pdfs/2025/20030387.pdf,accepted
20030387,Hon. Jefferson Shreve,"Goldman Sachs Group, Inc.",GS,ST,P,2025-05-08,15001.0,50000.0,"$15,001 - $50,000",,19,https://disclosures-clerk.house.gov/public_disc/ptr-pdfs/2025/20030387.pdf,accepted
20030387,Hon. Jefferson Shreve,Halliburton Company Common Stock,HAL,ST,P,2025-05-08,15001.0,50000.0,"$15,001 - $50,000",,20,https://disclosures-clerk.house.gov/public_disc/ptr-pdfs/2025/20030387.pdf,accepted
20030387,Hon. Jefferson Shreve,"Intuitive Surgical, Inc. - Common Stock",ISRG,ST,P,2025-05-08,15001.0,50000.0,"$15,001 - $50,000",,22,https://disclosures-clerk.house.gov/public_disc/ptr-pdfs/2025/20030387.pdf,accepted
20030387,Hon. Jefferson Shreve,Lennar Corporation Class A Common Stock,LEN,ST,P,2025-05-08,15001.0,50000.0,"$15,001 - $50,000",,23,https://disclosures-clerk.house.gov/public_disc/ptr-pdfs/2025/20030387.pdf,accepted
20030387,Hon. Jefferson Shreve,Microsoft Corporation - Common Stock,MSFT,ST,P,2025-05-08,500001.0,1000000.0,"$500,001 - $1,000,000",,26,https://disclosures-clerk.house.gov/public_disc/ptr-pdfs/2025/20030387.pdf,accepted
20030387,Hon. Jefferson Shreve,NVIDIA Corporation - Common Stock,NVDA,ST,P,2025-05-08,100001.0,250000.0,"$100,001 - $250,000",,28,https://disclosures-clerk.house.gov/public_disc/ptr-pdfs/2025/20030387.pdf,accepted
20030387,Hon. Jefferson Shreve,Occidental Petroleum Corporation Common Stock,OXY,ST,P,2025-05-08,15001.0,50000.0,"$15,001 - $50,000",,28,https://disclosures-clerk.house.gov/public_disc/ptr-pdfs/2025/20030387.pdf,accepted
20030387,Hon. Jefferson Shreve,Oracle Corporation Common Stock,ORCL,ST,P,2025-05-08,15001.0,50000.0,"$15,001 - $50,000",,29,https://disclosures-clerk.house.gov/public_disc/ptr-pdfs/2025/20030387.pdf,accepted
20030387,Hon. Jefferson Shreve,"Palo Alto Networks, Inc.",PANW,ST,P,2025-05-08,15001.0,50000.0,"$15,001 - $50,000",,30,https://disclosures-clerk.house.gov/public_disc/ptr-pdfs/2025/20030387.pdf,accepted
20030387,Hon. Jefferson Shreve,"Salesforce, Inc. Common Stock",CRM,ST,P,2025-05-08,15001.0,50000.0,"$15,001 - $50,000",,33,https://disclosures-clerk.house.gov/public_disc/ptr-pdfs/2025/20030387.pdf,accepted
20030387,Hon. Jefferson Shreve,"The Trade Desk, Inc. - Class A Common Stock",TTD,ST,P,2025-05-08,15001.0,50000.0,"$15,001 - $50,000",,36,https://disclosures-clerk.house.gov/public_disc/ptr-pdfs/2025/20030387.pdf,accepted
20030387,Hon. Jefferson Shreve,Walt Disney Company,DIS,ST,P,2025-05-08,15001.0,50000.0,"$15,001 - $50,000",,38,https://disclosures-clerk.house.gov/public_disc/ptr-pdfs/2025/20030387.pdf,accepted
20030389,Hon. Marjorie Taylor Greene,"Advanced Micro Devices, Inc.",AMD,ST,P,2025-05-14,1001.0,15000.0,"$1,001 - $15,000",,1,https://disclosures-clerk.house.gov/public_disc/ptr-pdfs/2025/20030389.pdf,accepted
20030389,Hon. Marjorie Taylor Greene,Alphabet Inc. - Class C Capital Stock,GOOG,ST,P,2025-05-14,1001.0,15000.0,"$1,001 - $15,000",,1,https://disclosures-clerk.house.gov/public_disc/ptr-pdfs/2025/20030389.pdf,accepted
20030389,Hon. Marjorie Taylor Greene,Amgen Inc. - Common Stock,AMGN,ST,P,2025-05-14,1001.0,15000.0,"$1,001 - $15,000",,1,https://disclosures-clerk.house.gov/public_disc/ptr-pdfs/2025/20030389.pdf,accepted
20030389,Hon. Marjorie Taylor Greene,Blackstone Inc. Common Stock,BX,ST,P,2025-05-14,1001.0,15000.0,"$1,001 - $15,000",,1,https://disclosures-clerk.house.gov/public_disc/ptr-pdfs/2025/20030389.pdf,accepted
20030389,Hon. Marjorie Taylor Greene,"Cardinal Health, Inc. Common Stock",CAH,ST,P,2025-05-14,1001.0,15000.0,"$1,001 - $15,000",,1,https://disclosures-clerk.house.gov/public_disc/ptr-pdfs/2025/20030389.pdf,accepted
20030389,Hon. Marjorie Taylor Greene,Chevron Corporation Common Stock,CVX,ST,P,2025-05-14,1001.0,15000.0,"$1,001 - $15,000",,1,https://disclosures-clerk.house.gov/public_disc/ptr-pdfs/2025/20030389.pdf,accepted
20030389,Hon. Marjorie Taylor Greene,Corning Incorporated Common Stock,GLW,ST,P,2025-05-14,1001.0,15000.0,"$1,001 - $15,000",,1,https://disclosures-clerk.house.gov/public_disc/ptr-pdfs/2025/20030389.pdf,accepted
20030389,Hon. Marjorie Taylor Greene,Dollar General Corporation Common,DG,ST,P,2025-05-14,1001.0,15000.0,"$1,001 - $15,000",,1,https://disclosures-clerk.house.gov/public_disc/ptr-pdfs/2025/20030389.pdf,accepted
20030389,Hon. Marjorie Taylor Greene,Eli Lilly and Company Common Stock,LLY,ST,P,2025-05-14,1001.0,15000.0,"$1,001 - $15,000",,2,https://disclosures-clerk.house.gov/public_disc/ptr-pdfs/2025/20030389.pdf,accepted
20030389,Hon. Marjorie Taylor Greene,"Impinj, Inc. - Common Stock",PI,ST,P,2025-05-14,1001.0,15000.0,"$1,001 - $15,000",,2,https://disclosures-clerk.house.gov/public_disc/ptr-pdfs/2025/20030389.pdf,accepted
20030389,Hon. Marjorie Taylor Greene,"MercadoLibre, Inc. - Common Stock",MELI,ST,P,2025-05-14,15001.0,50000.0,"$15,001 - $50,000",,2,https://disclosures-clerk.house.gov/public_disc/ptr-pdfs/2025/20030389.pdf,accepted
20030389,Hon. Marjorie Taylor Greene,"Meta Platforms, Inc. - Class A Common Stock",META,ST,P,2025-05-14,1001.0,15000.0,"$1,001 - $15,000",,2,https://disclosures-clerk.house.gov/public_disc/ptr-pdfs/2025/20030389.pdf,accepted
20030389,Hon. Marjorie Taylor Greene,Morgan Stanley Common Stock,MS,ST,P,2025-05-14,1001.0,15000.0,"$1,001 - $15,000",,2,https://disclosures-clerk.house.gov/public_disc/ptr-pdfs/2025/20030389.pdf,accepted
20030389,Hon. Marjorie Taylor Greene,"Netflix, Inc. - Common Stock",NFLX,ST,P,2025-05-14,1001.0,15000.0,"$1,001 - $15,000",,2,https://disclosures-clerk.house.gov/public_disc/ptr-pdfs/2025/20030389.pdf,accepted
20030389,Hon. Marjorie Taylor Greene,NVIDIA Corporation - Common Stock,NVDA,ST,P,2025-05-14,1001.0,15000.0,"$1,001 - $15,000",,2,https://disclosures-clerk.house.gov/public_disc/ptr-pdfs/2025/20030389.pdf,accepted
20030389,Hon. Marjorie Taylor Greene,"ServiceNow, Inc. Common Stock",NOW,ST,P,2025-05-14,1001.0,15000.0,"$1,001 - $15,000",,2,https://disclosures-clerk.house.gov/public_disc/ptr-pdfs/2025/20030389.pdf,accepted
20030389,Hon. Marjorie Taylor Greene,"Tesla, Inc. - Common Stock",TSLA,ST,P,2025-05-14,1001.0,15000.0,"$1,001 - $15,000",,2,https://disclosures-clerk.house.gov/public_disc/ptr-pdfs/2025/20030389.pdf,accepted
20030389,Hon. Marjorie Taylor Greene,The Hershey Company Common Stock,HSY,ST,P,2025-05-14,1001.0,15000.0,"$1,001 - $15,000",,2,https://disclosures-clerk.house.gov/public_disc/ptr-pdfs/2025/20030389.pdf,accepted
20030389,Hon. Marjorie Taylor Greene,UnitedHealth Group Incorporated Common Stock,UNH,ST,P,2025-05-14,15001.0,50000.0,"$15,001 - $50,000",,2,https://disclosures-clerk.house.gov/public_disc/ptr-pdfs/2025/20030389.pdf,accepted
20030389,Hon. Marjorie Taylor Greene,UnitedHealth Group Incorporated Common Stock,UNH,ST,P,2025-05-16,1001.0,15000.0,"$1,001 - $15,000",,3,https://disclosures-clerk.house.gov/public_disc/ptr-pdfs/2025/20030389.pdf,accepted
20030402,Hon. David J. Taylor,Broadcom Inc. - Common Stock,AVGO,ST,P,2025-05-14,1001.0,15000.0,"$1,001 - $15,000",,1,https://disclosures-clerk.house.gov/public_disc/ptr-pdfs/2025/20030402.pdf,accepted
20030402,Hon. David J. Taylor,Fifth Third Bancorp - Common Stock,FITB,ST,P,2025-05-14,1001.0,15000.0,"$1,001 - $15,000",,1,https://disclosures-clerk.house.gov/public_disc/ptr-pdfs/2025/20030402.pdf,accepted
20030402,Hon. David J. Taylor,"Installed Building Products, Inc. Common Stock",IBP,ST,P,2025-05-15,1001.0,15000.0,"$1,001 - $15,000",,1,https://disclosures-clerk.house.gov/public_disc/ptr-pdfs/2025/20030402.pdf,accepted
20030402,Hon. David J. Taylor,"Salesforce, Inc. Common Stock",CRM,ST,P,2025-05-12,1001.0,15000.0,"$1,001 - $15,000",,1,https://disclosures-clerk.house.gov/public_disc/ptr-pdfs/2025/20030402.pdf,accepted
20030433,Hon. Rob Bresnahan,"Advanced Micro Devices, Inc.",AMD,ST,P,2025-05-15,15001.0,50000.0,"$15,001 - $50,000",,1,https://disclosures-clerk.house.gov/public_disc/ptr-pdfs/2025/20030433.pdf,accepted
20030433,Hon. Rob Bresnahan,"Agilent Technologies, Inc. Common Stock",A,ST,P,2025-05-15,1001.0,15000.0,"$1,001 - $15,000",,1,https://disclosures-clerk.house.gov/public_disc/ptr-pdfs/2025/20030433.pdf,accepted
20030433,Hon. Rob Bresnahan,Amcor plc Ordinary Shares,AMCR,ST,P,2025-05-15,1001.0,15000.0,"$1,001 - $15,000",,1,https://disclosures-clerk.house.gov/public_disc/ptr-pdfs/2025/20030433.pdf,accepted
20030433,Hon. Rob Bresnahan,"Caterpillar, Inc. Common Stock",CAT,ST,P,2025-05-15,1001.0,15000.0,"$1,001 - $15,000",,2,https://disclosures-clerk.house.gov/public_disc/ptr-pdfs/2025/20030433.pdf,accepted
20030433,Hon. Rob Bresnahan,ConocoPhillips Common Stock,COP,ST,P,2025-05-15,15001.0,50000.0,"$15,001 - $50,000",,2,https://disclosures-clerk.house.gov/public_disc/ptr-pdfs/2025/20030433.pdf,accepted
20030433,Hon. Rob Bresnahan,GE HealthCare Technologies Inc. - Common Stock,GEHC,ST,P,2025-05-15,1001.0,15000.0,"$1,001 - $15,000",,3,https://disclosures-clerk.house.gov/public_disc/ptr-pdfs/2025/20030433.pdf,accepted
20030433,Hon. Rob Bresnahan,"General Mills, Inc. Common Stock",GIS,ST,P,2025-05-15,1001.0,15000.0,"$1,001 - $15,000",,3,https://disclosures-clerk.house.gov/public_disc/ptr-pdfs/2025/20030433.pdf,accepted
20030433,Hon. Rob Bresnahan,Labcorp Holdings Inc. Common Stock,LH,ST,P,2025-05-15,1001.0,15000.0,"$1,001 - $15,000",,4,https://disclosures-clerk.house.gov/public_disc/ptr-pdfs/2025/20030433.pdf,accepted
20030433,Hon. Rob Bresnahan,Marathon Petroleum Corporation Common Stock,MPC,ST,P,2025-05-15,1001.0,15000.0,"$1,001 - $15,000",,4,https://disclosures-clerk.house.gov/public_disc/ptr-pdfs/2025/20030433.pdf,accepted
20030433,Hon. Rob Bresnahan,Medtronic plc. Ordinary Shares,MDT,ST,P,2025-05-15,1001.0,15000.0,"$1,001 - $15,000",,4,https://disclosures-clerk.house.gov/public_disc/ptr-pdfs/2025/20030433.pdf,accepted
20030433,Hon. Rob Bresnahan,"Mettler-Toledo International, Inc. Common Stock",MTD,ST,P,2025-05-15,1001.0,15000.0,"$1,001 - $15,000",,4,https://disclosures-clerk.house.gov/public_disc/ptr-pdfs/2025/20030433.pdf,accepted
20030433,Hon. Rob Bresnahan,NVIDIA Corporation - Common Stock,NVDA,ST,P,2025-05-09,1001.0,15000.0,"$1,001 - $15,000",,4,https://disclosures-clerk.house.gov/public_disc/ptr-pdfs/2025/20030433.pdf,accepted
20030433,Hon. Rob Bresnahan,Occidental Petroleum Corporation Common Stock,OXY,ST,P,2025-05-15,1001.0,15000.0,"$1,001 - $15,000",,4,https://disclosures-clerk.house.gov/public_disc/ptr-pdfs/2025/20030433.pdf,accepted
20030433,Hon. Rob Bresnahan,"Pfizer, Inc. Common Stock",PFE,ST,P,2025-05-15,15001.0,50000.0,"$15,001 - $50,000",,5,https://disclosures-clerk.house.gov/public_disc/ptr-pdfs/2025/20030433.pdf,accepted
20030433,Hon. Rob Bresnahan,"Robinhood Markets, Inc. - Class A Common Stock",HOOD,ST,P,2025-05-09,1001.0,15000.0,"$1,001 - $15,000",,5,https://disclosures-clerk.house.gov/public_disc/ptr-pdfs/2025/20030433.pdf,accepted
20030433,Hon. Rob Bresnahan,Texas Instruments Incorporated - Common Stock,TXN,ST,P,2025-05-15,15001.0,50000.0,"$15,001 - $50,000",,5,https://disclosures-clerk.house.gov/public_disc/ptr-pdfs/2025/20030433.pdf,accepted
20030433,Hon. Rob Bresnahan,The Hershey Company Common Stock,HSY,ST,P,2025-05-15,1001.0,15000.0,"$1,001 - $15,000",,5,https://disclosures-clerk.house.gov/public_disc/ptr-pdfs/2025/20030433.pdf,accepted
20030433,Hon. Rob Bresnahan,The Kraft Heinz Company - Common Stock,KHC,ST,P,2025-05-15,1001.0,15000.0,"$1,001 - $15,000",,5,https://disclosures-clerk.house.gov/public_disc/ptr-pdfs/2025/20030433.pdf,accepted
20030433,Hon. Rob Bresnahan,Thermo Fisher Scientific Inc Common Stock,TMO,ST,P,2025-05-15,15001.0,50000.0,"$15,001 - $50,000",,5,https://disclosures-clerk.house.gov/public_disc/ptr-pdfs/2025/20030433.pdf,accepted
20030433,Hon. Rob Bresnahan,Zoetis Inc. Class A Common Stock,ZTS,ST,P,2025-05-15,1001.0,15000.0,"$1,001 - $15,000",,6,https://disclosures-clerk.house.gov/public_disc/ptr-pdfs/2025/20030433.pdf,accepted
20030442,Hon. April McClain Delaney,Markel Group Inc. Common Stock,MKL,ST,P,2025-05-27,1001.0,15000.0,"$1,001 - $15,000",,1,https://disclosures-clerk.house.gov/public_disc/ptr-pdfs/2025/20030442.pdf,accepted
20030442,Hon. April McClain Delaney,Markel Group Inc. Common Stock,MKL,ST,P,2025-05-07,1001.0,15000.0,"$1,001 - $15,000",,1,https://disclosures-clerk.house.gov/public_disc/ptr-pdfs/2025/20030442.pdf,accepted
20030442,Hon. April McClain Delaney,Markel Group Inc. Common Stock,MKL,ST,P,2025-05-13,1001.0,15000.0,"$1,001 - $15,000",,1,https://disclosures-clerk.house.gov/public_disc/ptr-pdfs/2025/20030442.pdf,accepted
20030442,Hon. April McClain Delaney,Tractor Supply Company - Common Stock,TSCO,ST,P,2025-05-27,1001.0,15000.0,"$1,001 - $15,000",,1,https://disclosures-clerk.house.gov/public_disc/ptr-pdfs/2025/20030442.pdf,accepted
20030442,Hon. April McClain Delaney,Tractor Supply Company - Common Stock,TSCO,ST,P,2025-05-05,1001.0,15000.0,"$1,001 - $15,000",,2,https://disclosures-clerk.house.gov/public_disc/ptr-pdfs/2025/20030442.pdf,accepted
20030442,Hon. April McClain Delaney,Tractor Supply Company - Common Stock,TSCO,ST,P,2025-05-13,1001.0,15000.0,"$1,001 - $15,000",,2,https://disclosures-clerk.house.gov/public_disc/ptr-pdfs/2025/20030442.pdf,accepted
20030445,Hon. Scott Scott Franklin,Union Pacific Corporation Common Stock,UNP,ST,P,2025-04-21,1001.0,15000.0,"$1,001 - $15,000",,1,https://disclosures-clerk.house.gov/public_disc/ptr-pdfs/2025/20030445.pdf,accepted
20030450,Hon. Virginia Foxx,"Alliance Resource Partners, L.P. - Common Units Representing Limited Partnership Interests",ARLP,ST,P,2025-05-15,1001.0,15000.0,"$1,001 - $15,000",,1,https://disclosures-clerk.house.gov/public_disc/ptr-pdfs/2025/20030450.pdf,accepted
20030450,Hon. Virginia Foxx,"Hercules Capital, Inc. Common Stock",HTGC,ST,P,2025-05-20,1001.0,15000.0,"$1,001 - $15,000",,1,https://disclosures-clerk.house.gov/public_disc/ptr-pdfs/2025/20030450.pdf,accepted
20030452,Hon. Jonathan Jackson,International Business Machines Corporation Common Stock,IBM,ST,P,2025-05-14,50001.0,100000.0,"$50,001 - $100,000",,1,https://disclosures-clerk.house.gov/public_disc/ptr-pdfs/2025/20030452.pdf,accepted
20030454,Hon. Lloyd Doggett,Procter & Gamble Company,PG,ST,P,2025-05-15,1001.0,15000.0,"$1,001 - $15,000",,1,https://disclosures-clerk.house.gov/public_disc/ptr-pdfs/2025/20030454.pdf,accepted
20030455,Hon. Jared Moskowitz,"HCA Healthcare, Inc. Common Stock",HCA,ST,P,2025-05-15,1001.0,15000.0,"$1,001 - $15,000",,1,https://disclosures-clerk.house.gov/public_disc/ptr-pdfs/2025/20030455.pdf,accepted
20030455,Hon. Jared Moskowitz,"HCA Healthcare, Inc. Common Stock",HCA,ST,P,2025-05-15,1001.0,15000.0,"$1,001 - $15,000",,1,https://disclosures-clerk.house.gov/public_disc/ptr-pdfs/2025/20030455.pdf,accepted
20030455,Hon. Jared Moskowitz,The Cigna Group Common Stock,CI,ST,P,2025-05-15,1001.0,15000.0,"$1,001 - $15,000",,1,https://disclosures-clerk.house.gov/public_disc/ptr-pdfs/2025/20030455.pdf,accepted
20030455,Hon. Jared Moskowitz,The Cigna Group Common Stock,CI,ST,P,2025-05-15,1001.0,15000.0,"$1,001 - $15,000",,1,https://disclosures-clerk.house.gov/public_disc/ptr-pdfs/2025/20030455.pdf,accepted
20030461,Hon. Gilbert Cisneros,"AtriCure, Inc. - Common Stock",ATRC,ST,P,2025-05-06,1001.0,15000.0,"$1,001 - $15,000",,1,https://disclosures-clerk.house.gov/public_disc/ptr-pdfs/2025/20030461.pdf,accepted
20030461,Hon. Gilbert Cisneros,Boeing Company,BA,ST,P,2025-05-30,1001.0,15000.0,"$1,001 - $15,000",,1,https://disclosures-clerk.house.gov/public_disc/ptr-pdfs/2025/20030461.pdf,accepted
20030461,Hon. Gilbert Cisneros,"Dayforce, Inc. Common Stock",DAY,ST,P,2025-05-13,1001.0,15000.0,"$1,001 - $15,000",,2,https://disclosures-clerk.house.gov/public_disc/ptr-pdfs/2025/20030461.pdf,accepted
20030461,Hon. Gilbert Cisneros,ENGIE SA ORD,ENGQF,ST,P,2025-05-09,1001.0,15000.0,"$1,001 - $15,000",,2,https://disclosures-clerk.house.gov/public_disc/ptr-pdfs/2025/20030461.pdf,accepted
20030461,Hon. Gilbert Cisneros,"First Watch Restaurant Group, Inc. - Common Stock",FWRG,ST,P,2025-05-15,1001.0,15000.0,"$1,001 - $15,000",,2,https://disclosures-clerk.house.gov/public_disc/ptr-pdfs/2025/20030461.pdf,accepted
20030461,Hon. Gilbert Cisneros,Ingersoll Rand Inc. Common Stock,IR,ST,P,2025-05-13,1001.0,15000.0,"$1,001 - $15,000",,3,https://disclosures-clerk.house.gov/public_disc/ptr-pdfs/2025/20030461.pdf,accepted
20030461,Hon. Gilbert Cisneros,Johnson & Johnson Common Stock,JNJ,ST,P,2025-05-30,15001.0,50000.0,"$15,001 - $50,000",,3,https://disclosures-clerk.house.gov/public_disc/ptr-pdfs/2025/20030461.pdf,accepted
20030461,Hon. Gilbert Cisneros,"Kinder Morgan, Inc. Common Stock",KMI,ST,P,2025-05-30,1001.0,15000.0,"$1,001 - $15,000",,3,https://disclosures-clerk.house.gov/public_disc/ptr-pdfs/2025/20030461.pdf,accepted
20030461,Hon. Gilbert Cisneros,KKR & Co. Inc. Common Stock,KKR,ST,P,2025-05-07,1001.0,15000.0,"$1,001 - $15,000",,3,https://disclosures-clerk.house.gov/public_disc/ptr-pdfs/2025/20030461.pdf,accepted
20030461,Hon. Gilbert Cisneros,"L3Harris Technologies, Inc. Common Stock",LHX,ST,P,2025-05-30,1001.0,15000.0,"$1,001 - $15,000",,3,https://disclosures-clerk.house.gov/public_disc/ptr-pdfs/2025/20030461.pdf,accepted
20030461,Hon. Gilbert Cisneros,Lennar Corporation Class A Common Stock,LEN,ST,P,2025-05-30,1001.0,15000.0,"$1,001 - $15,000",,3,https://disclosures-clerk.house.gov/public_disc/ptr-pdfs/2025/20030461.pdf,accepted
20030461,Hon. Gilbert Cisneros,Minerals Technologies Inc. Common Stock,MTX,ST,P,2025-05-06,1001.0,15000.0,"$1,001 - $15,000",,4,https://disclosures-clerk.house.gov/public_disc/ptr-pdfs/2025/20030461.pdf,accepted
20030461,Hon. Gilbert Cisneros,"NeoGenomics, Inc. - Common Stock",NEO,ST,P,2025-05-07,1001.0,15000.0,"$1,001 - $15,000",,4,https://disclosures-clerk.house.gov/public_disc/ptr-pdfs/2025/20030461.pdf,accepted
20030461,Hon. Gilbert Cisneros,NINTENDO CO LTD ORD,NTDOF,ST,P,2025-05-27,1001.0,15000.0,"$1,001 - $15,000",,4,https://disclosures-clerk.house.gov/public_disc/ptr-pdfs/2025/20030461.pdf,accepted
20030461,Hon. Gilbert Cisneros,Northrop Grumman Corporation Common Stock,NOC,ST,P,2025-05-30,1001.0,15000.0,"$1,001 - $15,000",,4,https://disclosures-clerk.house.gov/public_disc/ptr-pdfs/2025/20030461.pdf,accepted
20030461,Hon. Gilbert Cisneros,"Okta, Inc. - Class A Common Stock",OKTA,ST,P,2025-05-29,1001.0,15000.0,"$1,001 - $15,000",,4,https://disclosures-clerk.house.gov/public_disc/ptr-pdfs/2025/20030461.pdf,accepted
20030461,Hon. Gilbert Cisneros,"Pfizer, Inc. Common Stock",PFE,ST,P,2025-05-30,1001.0,15000.0,"$1,001 - $15,000",,5,https://disclosures-clerk.house.gov/public_disc/ptr-pdfs/2025/20030461.pdf,accepted
20030461,Hon. Gilbert Cisneros,PTC Inc. - Common Stock,PTC,ST,P,2025-05-28,1001.0,15000.0,"$1,001 - $15,000",,5,https://disclosures-clerk.house.gov/public_disc/ptr-pdfs/2025/20030461.pdf,accepted
20030461,Hon. Gilbert Cisneros,PTC Inc. - Common Stock,PTC,ST,P,2025-05-13,1001.0,15000.0,"$1,001 - $15,000",,5,https://disclosures-clerk.house.gov/public_disc/ptr-pdfs/2025/20030461.pdf,accepted
20030461,Hon. Gilbert Cisneros,"Revvity, Inc. Common Stock",RVTY,ST,P,2025-05-28,1001.0,15000.0,"$1,001 - $15,000",,5,https://disclosures-clerk.house.gov/public_disc/ptr-pdfs/2025/20030461.pdf,accepted
20030461,Hon. Gilbert Cisneros,Schlumberger N.V. Common Stock,SLB,ST,P,2025-05-30,1001.0,15000.0,"$1,001 - $15,000",,5,https://disclosures-clerk.house.gov/public_disc/ptr-pdfs/2025/20030461.pdf,accepted
20030461,Hon. Gilbert Cisneros,"Solaris Energy Infrastructure, Inc. Class A Common Stock",SEI,ST,P,2025-05-06,1001.0,15000.0,"$1,001 - $15,000",,5,https://disclosures-clerk.house.gov/public_disc/ptr-pdfs/2025/20030461.pdf,accepted
20030461,Hon. Gilbert Cisneros,"U.S. Physical Therapy, Inc. Common Stock",USPH,ST,P,2025-05-20,1001.0,15000.0,"$1,001 - $15,000",,6,https://disclosures-clerk.house.gov/public_disc/ptr-pdfs/2025/20030461.pdf,accepted
20030461,Hon. Gilbert Cisneros,UnitedHealth Group Incorporated Common Stock,UNH,ST,P,2025-05-30,1001.0,15000.0,"$1,001 - $15,000",,6,https://disclosures-clerk.house.gov/public_disc/ptr-pdfs/2025/20030461.pdf,accepted
20030461,Hon. Gilbert Cisneros,Utz Brands Inc Class A Common Stock,UTZ,ST,P,2025-05-15,1001.0,15000.0,"$1,001 - $15,000",,6,https://disclosures-clerk.house.gov/public_disc/ptr-pdfs/2025/20030461.pdf,accepted
20030462,Hon. Josh Gottheimer,AbbVie Inc. Common Stock,ABBV,ST,P,2025-05-22,1001.0,15000.0,"$1,001 - $15,000",,1,https://disclosures-clerk.house.gov/public_disc/ptr-pdfs/2025/20030462.pdf,accepted
20030462,Hon. Josh Gottheimer,Applovin Corporation - Class A Common Stock,APP,ST,P,2025-05-28,1001.0,15000.0,"$1,001 - $15,000",,1,https://disclosures-clerk.house.gov/public_disc/ptr-pdfs/2025/20030462.pdf,accepted
20030462,Hon. Josh Gottheimer,ASML Holding N.V. - New York Registry Shares,ASML,ST,P,2025-05-22,1001.0,15000.0,"$1,001 - $15,000",,1,https://disclosures-clerk.house.gov/public_disc/ptr-pdfs/2025/20030462.pdf,accepted
20030462,Hon. Josh Gottheimer,Corning Incorporated Common Stock,GLW,ST,P,2025-05-28,1001.0,15000.0,"$1,001 - $15,000",,1,https://disclosures-clerk.house.gov/public_disc/ptr-pdfs/2025/20030462.pdf,accepted
20030462,Hon. Josh Gottheimer,Corning Incorporated Common Stock,GLW,ST,P,2025-05-22,1001.0,15000.0,"$1,001 - $15,000",,2,https://disclosures-clerk.house.gov/public_disc/ptr-pdfs/2025/20030462.pdf,accepted
20030462,Hon. Josh Gottheimer,Eli Lilly and Company Common Stock,LLY,ST,P,2025-05-01,1001.0,15000.0,"$1,001 - $15,000",,2,https://disclosures-clerk.house.gov/public_disc/ptr-pdfs/2025/20030462.pdf,accepted
20030462,Hon. Josh Gottheimer,Microsoft Corporation - Common Stock,MSFT,ST,P,2025-05-21,1001.0,15000.0,"$1,001 - $15,000",,2,https://disclosures-clerk.house.gov/public_disc/ptr-pdfs/2025/20030462.pdf,accepted
20030462,Hon. Josh Gottheimer,Microsoft Corporation - Common Stock,MSFT,ST,P,2025-05-22,1001.0,15000.0,"$1,001 - $15,000",,2,https://disclosures-clerk.house.gov/public_disc/ptr-pdfs/2025/20030462.pdf,accepted
20030462,Hon. Josh Gottheimer,"Salesforce, Inc. Common Stock",CRM,ST,P,2025-05-22,1001.0,15000.0,"$1,001 - $15,000",,2,https://disclosures-clerk.house.gov/public_disc/ptr-pdfs/2025/20030462.pdf,accepted
20030462,Hon. Josh Gottheimer,"Sea Limited American Depositary Shares, each representing one Class A Ordinary Share",SE,ST,P,2025-05-23,1001.0,15000.0,"$1,001 - $15,000",,2,https://disclosures-clerk.house.gov/public_disc/ptr-pdfs/2025/20030462.pdf,accepted
20030462,Hon. Josh Gottheimer,TE Connectivity plc Ordinary Shares,TEL,ST,P,2025-05-22,1001.0,15000.0,"$1,001 - $15,000",,3,https://disclosures-clerk.house.gov/public_disc/ptr-pdfs/2025/20030462.pdf,accepted
20030462,Hon. Josh Gottheimer,"Tesla, Inc. - Common Stock",TSLA,ST,P,2025-05-29,1001.0,15000.0,"$1,001 - $15,000",,3,https://disclosures-clerk.house.gov/public_disc/ptr-pdfs/2025/20030462.pdf,accepted
20030462,Hon. Josh Gottheimer,"Tesla, Inc. - Common Stock",TSLA,ST,P,2025-05-27,1001.0,15000.0,"$1,001 - $15,000",,3,https://disclosures-clerk.house.gov/public_disc/ptr-pdfs/2025/20030462.pdf,accepted
20030462,Hon. Josh Gottheimer,"Tesla, Inc. - Common Stock",TSLA,ST,P,2025-05-16,1001.0,15000.0,"$1,001 - $15,000",,3,https://disclosures-clerk.house.gov/public_disc/ptr-pdfs/2025/20030462.pdf,accepted
20030462,Hon. Josh Gottheimer,"Tesla, Inc. - Common Stock",TSLA,ST,P,2025-05-15,1001.0,15000.0,"$1,001 - $15,000",,3,https://disclosures-clerk.house.gov/public_disc/ptr-pdfs/2025/20030462.pdf,accepted
20030462,Hon. Josh Gottheimer,"Uber Technologies, Inc. Common Stock",UBER,ST,P,2025-05-15,1001.0,15000.0,"$1,001 - $15,000",,3,https://disclosures-clerk.house.gov/public_disc/ptr-pdfs/2025/20030462.pdf,accepted
20030472,Cleo Fields,Alphabet Inc. - Class C Capital Stock,GOOG,ST,P,2025-06-05,15001.0,50000.0,"$15,001 - $50,000",,1,https://disclosures-clerk.house.gov/public_disc/ptr-pdfs/2025/20030472.pdf,accepted
20030472,Cleo Fields,Alphabet Inc. - Class C Capital Stock,GOOG,ST,P,2025-06-25,50001.0,100000.0,"$50,001 - $100,000",,1,https://disclosures-clerk.house.gov/public_disc/ptr-pdfs/2025/20030472.pdf,accepted
20030472,Cleo Fields,"Amazon.com, Inc. - Common Stock",AMZN,ST,P,2025-06-25,100001.0,250000.0,"$100,001 - $250,000",,1,https://disclosures-clerk.house.gov/public_disc/ptr-pdfs/2025/20030472.pdf,accepted
20030472,Cleo Fields,"Amazon.com, Inc. - Common Stock",AMZN,ST,P,2025-06-25,100001.0,250000.0,"$100,001 - $250,000",,1,https://disclosures-clerk.house.gov/public_disc/ptr-pdfs/2025/20030472.pdf,accepted
20030472,Cleo Fields,"Amazon.com, Inc. - Common Stock",AMZN,ST,P,2025-06-09,100001.0,250000.0,"$100,001 - $250,000",,1,https://disclosures-clerk.house.gov/public_disc/ptr-pdfs/2025/20030472.pdf,accepted
20030472,Cleo Fields,"Amazon.com, Inc. - Common Stock",AMZN,ST,P,2025-06-25,100001.0,250000.0,"$100,001 - $250,000",,1,https://disclosures-clerk.house.gov/public_disc/ptr-pdfs/2025/20030472.pdf,accepted
20030472,Cleo Fields,"Amazon.com, Inc. - Common Stock",AMZN,ST,P,2025-06-05,100001.0,250000.0,"$100,001 - $250,000",,2,https://disclosures-clerk.house.gov/public_disc/ptr-pdfs/2025/20030472.pdf,accepted
20030472,Cleo Fields,"Amazon.com, Inc. - Common Stock",AMZN,ST,P,2025-06-09,50001.0,100000.0,"$50,001 - $100,000",,2,https://disclosures-clerk.house.gov/public_disc/ptr-pdfs/2025/20030472.pdf,accepted
20030472,Cleo Fields,"Amazon.com, Inc. - Common Stock",AMZN,ST,P,2025-06-30,100001.0,250000.0,"$100,001 - $250,000",,2,https://disclosures-clerk.house.gov/public_disc/ptr-pdfs/2025/20030472.pdf,accepted
20030472,Cleo Fields,Apple Inc. - Common Stock,AAPL,ST,P,2025-06-09,1001.0,15000.0,"$1,001 - $15,000",,2,https://disclosures-clerk.house.gov/public_disc/ptr-pdfs/2025/20030472.pdf,accepted
20030472,Cleo Fields,Apple Inc. - Common Stock,AAPL,ST,P,2025-06-09,1001.0,15000.0,"$1,001 - $15,000",,2,https://disclosures-clerk.house.gov/public_disc/ptr-pdfs/2025/20030472.pdf,accepted
20030472,Cleo Fields,Apple Inc. - Common Stock,AAPL,ST,P,2025-06-03,100001.0,250000.0,"$100,001 - $250,000",,2,https://disclosures-clerk.house.gov/public_disc/ptr-pdfs/2025/20030472.pdf,accepted
20030472,Cleo Fields,Apple Inc. - Common Stock,AAPL,ST,P,2025-06-03,1001.0,15000.0,"$1,001 - $15,000",,2,https://disclosures-clerk.house.gov/public_disc/ptr-pdfs/2025/20030472.pdf,accepted
20030472,Cleo Fields,Apple Inc. - Common Stock,AAPL,ST,P,2025-06-25,1001.0,15000.0,"$1,001 - $15,000",,2,https://disclosures-clerk.house.gov/public_disc/ptr-pdfs/2025/20030472.pdf,accepted
20030472,Cleo Fields,Apple Inc. - Common Stock,AAPL,ST,P,2025-06-30,50001.0,100000.0,"$50,001 - $100,000",,2,https://disclosures-clerk.house.gov/public_disc/ptr-pdfs/2025/20030472.pdf,accepted
20030472,Cleo Fields,Apple Inc. - Common Stock,AAPL,ST,P,2025-06-30,50001.0,100000.0,"$50,001 - $100,000",,3,https://disclosures-clerk.house.gov/public_disc/ptr-pdfs/2025/20030472.pdf,accepted
20030472,Cleo Fields,Apple Inc. - Common Stock,AAPL,ST,P,2025-06-30,100001.0,250000.0,"$100,001 - $250,000",,3,https://disclosures-clerk.house.gov/public_disc/ptr-pdfs/2025/20030472.pdf,accepted
20030472,Cleo Fields,Apple Inc. - Common Stock,AAPL,ST,P,2025-06-30,15001.0,50000.0,"$15,001 - $50,000",,3,https://disclosures-clerk.house.gov/public_disc/ptr-pdfs/2025/20030472.pdf,accepted
20030472,Cleo Fields,Apple Inc. - Common Stock,AAPL,ST,P,2025-06-25,50001.0,100000.0,"$50,001 - $100,000",,3,https://disclosures-clerk.house.gov/public_disc/ptr-pdfs/2025/20030472.pdf,accepted
20030472,Cleo Fields,Apple Inc. - Common Stock,AAPL,ST,P,2025-06-25,100001.0,250000.0,"$100,001 - $250,000",,3,https://disclosures-clerk.house.gov/public_disc/ptr-pdfs/2025/20030472.pdf,accepted
20030472,Cleo Fields,AT&T Inc.,T,ST,P,2025-06-30,15001.0,50000.0,"$15,001 - $50,000",,3,https://disclosures-clerk.house.gov/public_disc/ptr-pdfs/2025/20030472.pdf,accepted
20030472,Cleo Fields,"Chipotle Mexican Grill, Inc. Common Stock",CMG,ST,P,2025-06-03,1001.0,15000.0,"$1,001 - $15,000",,3,https://disclosures-clerk.house.gov/public_disc/ptr-pdfs/2025/20030472.pdf,accepted
20030472,Cleo Fields,"Cisco Systems, Inc. - Common Stock",CSCO,ST,P,2025-06-30,50001.0,100000.0,"$50,001 - $100,000",,3,https://disclosures-clerk.house.gov/public_disc/ptr-pdfs/2025/20030472.pdf,accepted
20030472,Cleo Fields,JP Morgan Chase & Co. Common Stock,JPM,ST,P,2025-06-30,15001.0,50000.0,"$15,001 - $50,000",,4,https://disclosures-clerk.house.gov/public_disc/ptr-pdfs/2025/20030472.pdf,accepted
20030472,Cleo Fields,McDonald's Corporation Common Stock,MCD,ST,P,2025-06-25,15001.0,50000.0,"$15,001 - $50,000",,4,https://disclosures-clerk.house.gov/public_disc/ptr-pdfs/2025/20030472.pdf,accepted
20030472,Cleo Fields,"Meta Platforms, Inc. - Class A Common Stock",META,ST,P,2025-06-30,50001.0,100000.0,"$50,001 - $100,000",,4,https://disclosures-clerk.house.gov/public_disc/ptr-pdfs/2025/20030472.pdf,accepted
20030472,Cleo Fields,Microsoft Corporation - Common Stock,MSFT,ST,P,2025-06-03,1001.0,15000.0,"$1,001 - $15,000",,4,https://disclosures-clerk.house.gov/public_disc/ptr-pdfs/2025/20030472.pdf,accepted
20030472,Cleo Fields,Microsoft Corporation - Common Stock,MSFT,ST,P,2025-06-03,250001.0,500000.0,"$250,001 - $500,000",,4,https://disclosures-clerk.house.gov/public_disc/ptr-pdfs/2025/20030472.pdf,accepted
20030472,Cleo Fields,Microsoft Corporation - Common Stock,MSFT,ST,P,2025-06-25,50001.0,100000.0,"$50,001 - $100,000",,4,https://disclosures-clerk.house.gov/public_disc/ptr-pdfs/2025/20030472.pdf,accepted
20030472,Cleo Fields,NVIDIA Corporation - Common Stock,NVDA,ST,P,2025-06-30,100001.0,250000.0,"$100,001 - $250,000",,4,https://disclosures-clerk.house.gov/public_disc/ptr-pdfs/2025/20030472.pdf,accepted
20030472,Cleo Fields,NVIDIA Corporation - Common Stock,NVDA,ST,P,2025-06-30,100001.0,250000.0,"$100,001 - $250,000",,4,https://disclosures-clerk.house.gov/public_disc/ptr-pdfs/2025/20030472.pdf,accepted
20030472,Cleo Fields,NVIDIA Corporation - Common Stock,NVDA,ST,P,2025-06-03,100001.0,250000.0,"$100,001 - $250,000",,4,https://disclosures-clerk.house.gov/public_disc/ptr-pdfs/2025/20030472.pdf,accepted
20030472,Cleo Fields,NVIDIA Corporation - Common Stock,NVDA,ST,P,2025-06-03,1001.0,15000.0,"$1,001 - $15,000",,5,https://disclosures-clerk.house.gov/public_disc/ptr-pdfs/2025/20030472.pdf,accepted
20030472,Cleo Fields,NVIDIA Corporation - Common Stock,NVDA,ST,P,2025-06-05,250001.0,500000.0,"$250,001 - $500,000",,5,https://disclosures-clerk.house.gov/public_disc/ptr-pdfs/2025/20030472.pdf,accepted
20030472,Cleo Fields,NVIDIA Corporation - Common Stock,NVDA,ST,P,2025-06-25,50001.0,100000.0,"$50,001 - $100,000",,5,https://disclosures-clerk.house.gov/public_disc/ptr-pdfs/2025/20030472.pdf,accepted
20030472,Cleo Fields,NVIDIA Corporation - Common Stock,NVDA,ST,P,2025-06-09,100001.0,250000.0,"$100,001 - $250,000",,5,https://disclosures-clerk.house.gov/public_disc/ptr-pdfs/2025/20030472.pdf,accepted
20030472,Cleo Fields,NVIDIA Corporation - Common Stock,NVDA,ST,P,2025-06-09,15001.0,50000.0,"$15,001 - $50,000",,5,https://disclosures-clerk.house.gov/public_disc/ptr-pdfs/2025/20030472.pdf,accepted
20030472,Cleo Fields,NVIDIA Corporation - Common Stock,NVDA,ST,P,2025-06-26,1000001.0,5000000.0,"$1,000,001 - $5,000,000",,5,https://disclosures-clerk.house.gov/public_disc/ptr-pdfs/2025/20030472.pdf,accepted
20030472,Cleo Fields,NVIDIA Corporation - Common Stock,NVDA,ST,P,2025-06-03,15001.0,50000.0,"$15,001 - $50,000",,5,https://disclosures-clerk.house.gov/public_disc/ptr-pdfs/2025/20030472.pdf,accepted
20030472,Cleo Fields,NVIDIA Corporation - Common Stock,NVDA,ST,P,2025-06-25,50001.0,100000.0,"$50,001 - $100,000",,5,https://disclosures-clerk.house.gov/public_disc/ptr-pdfs/2025/20030472.pdf,accepted
20030472,Cleo Fields,Palantir Technologies Inc. - Class A Common Stock,PLTR,ST,P,2025-06-25,1001.0,15000.0,"$1,001 - $15,000",,5,https://disclosures-clerk.house.gov/public_disc/ptr-pdfs/2025/20030472.pdf,accepted
20030472,Cleo Fields,Palantir Technologies Inc. - Class A Common Stock,PLTR,ST,P,2025-06-30,50001.0,100000.0,"$50,001 - $100,000",,6,https://disclosures-clerk.house.gov/public_disc/ptr-pdfs/2025/20030472.pdf,accepted
20030472,Cleo Fields,Taiwan Semiconductor Manufacturing Company Ltd.,TSM,ST,P,2025-06-25,100001.0,250000.0,"$100,001 - $250,000",,6,https://disclosures-clerk.house.gov/public_disc/ptr-pdfs/2025/20030472.pdf,accepted
20030474,Hon. Julie Johnson,"Fidelity National Information Services, Inc. Common Stock",FIS,ST,P,2025-05-15,1001.0,15000.0,"$1,001 - $15,000",,1,https://disclosures-clerk.house.gov/public_disc/ptr-pdfs/2025/20030474.pdf,accepted
20030474,Hon. Julie Johnson,General Dynamics Corporation Common Stock,GD,ST,P,2025-05-02,1001.0,15000.0,"$1,001 - $15,000",,1,https://disclosures-clerk.house.gov/public_disc/ptr-pdfs/2025/20030474.pdf,accepted
20030474,Hon. Julie Johnson,The Bank of New York Mellon Corporation Common Stock,BK,ST,P,2025-05-15,1001.0,15000.0,"$1,001 - $15,000",,1,https://disclosures-clerk.house.gov/public_disc/ptr-pdfs/2025/20030474.pdf,accepted
20030480,Hon. Robert E. Latta,"Farmers & Merchants Bancorp, Inc.",FMAO,ST,P,2025-06-05,15001.0,50000.0,"$15,001 - $50,000",,1,https://disclosures-clerk.house.gov/public_disc/ptr-pdfs/2025/20030480.pdf,accepted
20030482,Hon. Rob Bresnahan,AbbVie Inc. Common Stock,ABBV,ST,P,2025-05-15,1001.0,15000.0,"$1,001 - $15,000",,1,https://disclosures-clerk.house.gov/public_disc/ptr-pdfs/2025/20030482.pdf,accepted
20030482,Hon. Rob Bresnahan,"Air Products and Chemicals, Inc. Common Stock",APD,ST,P,2025-05-15,1001.0,15000.0,"$1,001 - $15,000",,1,https://disclosures-clerk.house.gov/public_disc/ptr-pdfs/2025/20030482.pdf,accepted
20030482,Hon. Rob Bresnahan,Baxter International Inc. Common Stock,BAX,ST,P,2025-05-15,1001.0,15000.0,"$1,001 - $15,000",,1,https://disclosures-clerk.house.gov/public_disc/ptr-pdfs/2025/20030482.pdf,accepted
20030482,Hon. Rob Bresnahan,"Becton, Dickinson and Company Common Stock",BDX,ST,P,2025-05-15,1001.0,15000.0,"$1,001 - $15,000",,1,https://disclosures-clerk.house.gov/public_disc/ptr-pdfs/2025/20030482.pdf,accepted
20030482,Hon. Rob Bresnahan,Biogen Inc. - Common Stock,BIIB,ST,P,2025-05-15,1001.0,15000.0,"$1,001 - $15,000",,2,https://disclosures-clerk.house.gov/public_disc/ptr-pdfs/2025/20030482.pdf,accepted
20030482,Hon. Rob Bresnahan,"DexCom, Inc. - Common Stock",DXCM,ST,P,2025-05-15,1001.0,15000.0,"$1,001 - $15,000",,2,https://disclosures-clerk.house.gov/public_disc/ptr-pdfs/2025/20030482.pdf,accepted
20030482,Hon. Rob Bresnahan,Dow Inc. Common Stock,DOW,ST,P,2025-05-15,1001.0,15000.0,"$1,001 - $15,000",,2,https://disclosures-clerk.house.gov/public_disc/ptr-pdfs/2025/20030482.pdf,accepted
20030482,Hon. Rob Bresnahan,"EOG Resources, Inc. Common Stock",EOG,ST,P,2025-05-15,1001.0,15000.0,"$1,001 - $15,000",,2,https://disclosures-clerk.house.gov/public_disc/ptr-pdfs/2025/20030482.pdf,accepted
20030482,Hon. Rob Bresnahan,"IDEXX Laboratories, Inc. - Common Stock",IDXX,ST,P,2025-05-15,1001.0,15000.0,"$1,001 - $15,000",,3,https://disclosures-clerk.house.gov/public_disc/ptr-pdfs/2025/20030482.pdf,accepted
20030482,Hon. Rob Bresnahan,JP Morgan Chase & Co. Common Stock,JPM,ST,P,2025-05-15,1001.0,15000.0,"$1,001 - $15,000",,3,https://disclosures-clerk.house.gov/public_disc/ptr-pdfs/2025/20030482.pdf,accepted
20030482,Hon. Rob Bresnahan,Lockheed Martin Corporation,LMT,ST,P,2025-05-15,1001.0,15000.0,"$1,001 - $15,000",,3,https://disclosures-clerk.house.gov/public_disc/ptr-pdfs/2025/20030482.pdf,accepted
20030482,Hon. Rob Bresnahan,LyondellBasell Industries NV Ordinary Shares Class A,LYB,ST,P,2025-05-15,1001.0,15000.0,"$1,001 - $15,000",,4,https://disclosures-clerk.house.gov/public_disc/ptr-pdfs/2025/20030482.pdf,accepted
20030482,Hon. Rob Bresnahan,"Meta Platforms, Inc. - Class A Common Stock",META,ST,P,2025-05-13,1001.0,15000.0,"$1,001 - $15,000",,4,https://disclosures-clerk.house.gov/public_disc/ptr-pdfs/2025/20030482.pdf,accepted
20030482,Hon. Rob Bresnahan,Microsoft Corporation - Common Stock,MSFT,ST,P,2025-05-09,1001.0,15000.0,"$1,001 - $15,000",,4,https://disclosures-clerk.house.gov/public_disc/ptr-pdfs/2025/20030482.pdf,accepted
20030482,Hon. Rob Bresnahan,Molina Healthcare Inc Common Stock,MOH,ST,P,2025-05-15,1001.0,15000.0,"$1,001 - $15,000",,4,https://disclosures-clerk.house.gov/public_disc/ptr-pdfs/2025/20030482.pdf,accepted
20030482,Hon. Rob Bresnahan,NVIDIA Corporation - Common Stock,NVDA,ST,P,2025-05-12,1001.0,15000.0,"$1,001 - $15,000",,4,https://disclosures-clerk.house.gov/public_disc/ptr-pdfs/2025/20030482.pdf,accepted
20030482,Hon. Rob Bresnahan,NVIDIA Corporation - Common Stock,NVDA,ST,P,2025-05-16,1001.0,15000.0,"$1,001 - $15,000",,5,https://disclosures-clerk.house.gov/public_disc/ptr-pdfs/2025/20030482.pdf,accepted
20030482,Hon. Rob Bresnahan,NVIDIA Corporation - Common Stock,NVDA,ST,P,2025-05-13,1001.0,15000.0,"$1,001 - $15,000",,5,https://disclosures-clerk.house.gov/public_disc/ptr-pdfs/2025/20030482.pdf,accepted
20030482,Hon. Rob Bresnahan,"Okta, Inc. - Class A Common Stock",OKTA,ST,P,2025-05-09,1001.0,15000.0,"$1,001 - $15,000",,5,https://disclosures-clerk.house.gov/public_disc/ptr-pdfs/2025/20030482.pdf,accepted
20030482,Hon. Rob Bresnahan,"Regeneron Pharmaceuticals, Inc. - Common Stock",REGN,ST,P,2025-05-15,1001.0,15000.0,"$1,001 - $15,000",,5,https://disclosures-clerk.house.gov/public_disc/ptr-pdfs/2025/20030482.pdf,accepted
20030482,Hon. Rob Bresnahan,"Robinhood Markets, Inc. - Class A Common Stock",HOOD,ST,P,2025-05-13,1001.0,15000.0,"$1,001 - $15,000",,5,https://disclosures-clerk.house.gov/public_disc/ptr-pdfs/2025/20030482.pdf,accepted
20030482,Hon. Rob Bresnahan,"Tempus AI, Inc. - Class A Common",TEM,ST,P,2025-05-09,1001.0,15000.0,"$1,001 - $15,000",,5,https://disclosures-clerk.house.gov/public_disc/ptr-pdfs/2025/20030482.pdf,accepted
20030482,Hon. Rob Bresnahan,"Tesla, Inc. - Common Stock",TSLA,ST,P,2025-05-12,1001.0,15000.0,"$1,001 - $15,000",,6,https://disclosures-clerk.house.gov/public_disc/ptr-pdfs/2025/20030482.pdf,accepted
20030482,Hon. Rob Bresnahan,"Tesla, Inc. - Common Stock",TSLA,ST,P,2025-05-16,1001.0,15000.0,"$1,001 - $15,000",,6,https://disclosures-clerk.house.gov/public_disc/ptr-pdfs/2025/20030482.pdf,accepted
20030482,Hon. Rob Bresnahan,Texas Instruments Incorporated - Common Stock,TXN,ST,P,2025-05-12,1001.0,15000.0,"$1,001 - $15,000",,6,https://disclosures-clerk.house.gov/public_disc/ptr-pdfs/2025/20030482.pdf,accepted
20030482,Hon. Rob Bresnahan,"The Trade Desk, Inc. - Class A Common Stock",TTD,ST,P,2025-05-09,1001.0,15000.0,"$1,001 - $15,000",,6,https://disclosures-clerk.house.gov/public_disc/ptr-pdfs/2025/20030482.pdf,accepted
20030482,Hon. Rob Bresnahan,Valero Energy Corporation Common Stock,VLO,ST,P,2025-05-15,1001.0,15000.0,"$1,001 - $15,000",,6,https://disclosures-clerk.house.gov/public_disc/ptr-pdfs/2025/20030482.pdf,accepted
20030482,Hon. Rob Bresnahan,Waters Corporation Common Stock,WAT,ST,P,2025-05-15,1001.0,15000.0,"$1,001 - $15,000",,6,https://disclosures-clerk.house.gov/public_disc/ptr-pdfs/2025/20030482.pdf,accepted
20030491,Hon. Thomas H. Kean Jr,"Amazon.com, Inc. - Common Stock",AMZN,ST,P,2025-05-08,1001.0,15000.0,"$1,001 - $15,000",,1,https://disclosures-clerk.house.gov/public_disc/ptr-pdfs/2025/20030491.pdf,accepted
20030491,Hon. Thomas H. Kean Jr,Aon plc Class A Ordinary Shares,AON,ST,P,2025-05-27,1001.0,15000.0,"$1,001 - $15,000",,1,https://disclosures-clerk.house.gov/public_disc/ptr-pdfs/2025/20030491.pdf,accepted
20030491,Hon. Thomas H. Kean Jr,"Becton, Dickinson and Company Common Stock",BDX,ST,P,2025-05-13,1001.0,15000.0,"$1,001 - $15,000",,1,https://disclosures-clerk.house.gov/public_disc/ptr-pdfs/2025/20030491.pdf,accepted
20030491,Hon. Thomas H. Kean Jr,Thermo Fisher Scientific Inc Common Stock,TMO,ST,P,2025-05-05,1001.0,15000.0,"$1,001 - $15,000",,1,https://disclosures-clerk.house.gov/public_disc/ptr-pdfs/2025/20030491.pdf,accepted
20030502,Hon. Richard W. Allen,"Netflix, Inc. - Common Stock",NFLX,ST,P,2025-05-16,15001.0,50000.0,"$15,001 - $50,000",,1,https://disclosures-clerk.house.gov/public_disc/ptr-pdfs/2025/20030502.pdf,accepted
20030509,Hon. John McGuire,"ServiceNow, Inc. Common Stock",NOW,ST,P,2025-05-16,1001.0,15000.0,"$1,001 - $15,000",,1,https://disclosures-clerk.house.gov/public_disc/ptr-pdfs/2025/20030509.pdf,accepted
20030516,Hon. Tim Moore,"Harley-Davidson, Inc. Common Stock",HOG,ST,P,2025-05-01,15001.0,50000.0,"$15,001 - $50,000",,1,https://disclosures-clerk.house.gov/public_disc/ptr-pdfs/2025/20030516.pdf,accepted
20030522,Hon. Tim Moore,"American Airlines Group, Inc. - Common Stock",AAL,ST,P,2025-04-01,15001.0,50000.0,"$15,001 - $50,000",,1,https://disclosures-clerk.house.gov/public_disc/ptr-pdfs/2025/20030522.pdf,accepted
20030522,Hon. Tim Moore,"American Airlines Group, Inc. - Common Stock",AAL,ST,P,2025-04-02,15001.0,50000.0,"$15,001 - $50,000",,1,https://disclosures-clerk.house.gov/public_disc/ptr-pdfs/2025/20030522.pdf,accepted
20030522,Hon. Tim Moore,"American Airlines Group, Inc. - Common Stock",AAL,ST,P,2025-04-04,15001.0,50000.0,"$15,001 - $50,000",,1,https://disclosures-clerk.house.gov/public_disc/ptr-pdfs/2025/20030522.pdf,accepted
20030522,Hon. Tim Moore,"American Airlines Group, Inc. - Common Stock",AAL,ST,P,2025-04-07,15001.0,50000.0,"$15,001 - $50,000",,1,https://disclosures-clerk.house.gov/public_disc/ptr-pdfs/2025/20030522.pdf,accepted
20030522,Hon. Tim Moore,"American Airlines Group, Inc. - Common Stock",AAL,ST,P,2025-04-18,15001.0,50000.0,"$15,001 - $50,000",,1,https://disclosures-clerk.house.gov/public_disc/ptr-pdfs/2025/20030522.pdf,accepted
20030522,Hon. Tim Moore,"American Airlines Group, Inc. - Common Stock",AAL,ST,P,2025-04-22,15001.0,50000.0,"$15,001 - $50,000",,1,https://disclosures-clerk.house.gov/public_disc/ptr-pdfs/2025/20030522.pdf,accepted
20030522,Hon. Tim Moore,Ford Motor Company Common Stock,F,ST,P,2025-04-07,15001.0,50000.0,"$15,001 - $50,000",,2,https://disclosures-clerk.house.gov/public_disc/ptr-pdfs/2025/20030522.pdf,accepted
20030522,Hon. Tim Moore,Ford Motor Company Common Stock,F,ST,P,2025-04-08,15001.0,50000.0,"$15,001 - $50,000",,2,https://disclosures-clerk.house.gov/public_disc/ptr-pdfs/2025/20030522.pdf,accepted
20030522,Hon. Tim Moore,Ford Motor Company Common Stock,F,ST,P,2025-04-09,15001.0,50000.0,"$15,001 - $50,000",,2,https://disclosures-clerk.house.gov/public_disc/ptr-pdfs/2025/20030522.pdf,accepted
20030522,Hon. Tim Moore,Ford Motor Company Common Stock,F,ST,P,2025-04-10,50001.0,100000.0,"$50,001 - $100,000",,2,https://disclosures-clerk.house.gov/public_disc/ptr-pdfs/2025/20030522.pdf,accepted
20030522,Hon. Tim Moore,"Harley-Davidson, Inc. Common Stock",HOG,ST,P,2025-04-04,15001.0,50000.0,"$15,001 - $50,000",,3,https://disclosures-clerk.house.gov/public_disc/ptr-pdfs/2025/20030522.pdf,accepted
20030522,Hon. Tim Moore,"Super Micro Computer, Inc. - Common Stock",SMCI,ST,P,2025-04-30,15001.0,50000.0,"$15,001 - $50,000",,3,https://disclosures-clerk.house.gov/public_disc/ptr-pdfs/2025/20030522.pdf,accepted
20030539,Hon. Marjorie Taylor Greene,Adobe Inc. - Common Stock,ADBE,ST,P,2025-06-06,1001.0,15000.0,"$1,001 - $15,000",,1,https://disclosures-clerk.house.gov/public_disc/ptr-pdfs/2025/20030539.pdf,accepted
20030539,Hon. Marjorie Taylor Greene,"Applied Materials, Inc. - Common Stock",AMAT,ST,P,2025-06-06,1001.0,15000.0,"$1,001 - $15,000",,1,https://disclosures-clerk.house.gov/public_disc/ptr-pdfs/2025/20030539.pdf,accepted
20030539,Hon. Marjorie Taylor Greene,"Gilead Sciences, Inc. - Common Stock",GILD,ST,P,2025-06-06,1001.0,15000.0,"$1,001 - $15,000",,1,https://disclosures-clerk.house.gov/public_disc/ptr-pdfs/2025/20030539.pdf,accepted
20030539,Hon. Marjorie Taylor Greene,"Netflix, Inc. - Common Stock",NFLX,ST,P,2025-06-06,1001.0,15000.0,"$1,001 - $15,000",,1,https://disclosures-clerk.house.gov/public_disc/ptr-pdfs/2025/20030539.pdf,accepted
20030539,Hon. Marjorie Taylor Greene,"NextEra Energy, Inc. Common Stock",NEE,ST,P,2025-06-06,1001.0,15000.0,"$1,001 - $15,000",,1,https://disclosures-clerk.house.gov/public_disc/ptr-pdfs/2025/20030539.pdf,accepted
20030539,Hon. Marjorie Taylor Greene,"ServiceNow, Inc. Common Stock",NOW,ST,P,2025-06-06,1001.0,15000.0,"$1,001 - $15,000",,1,https://disclosures-clerk.house.gov/public_disc/ptr-pdfs/2025/20030539.pdf,accepted
20030539,Hon. Marjorie Taylor Greene,Snowflake Inc. Class A Common Stock,SNOW,ST,P,2025-06-06,1001.0,15000.0,"$1,001 - $15,000",,1,https://disclosures-clerk.house.gov/public_disc/ptr-pdfs/2025/20030539.pdf,accepted
20030542,Hon. Mike Kennedy,Berkshire Hathaway Inc. New Common Stock,BRK.B,ST,P,2025-05-09,1001.0,15000.0,"$1,001 - $15,000",,1,https://disclosures-clerk.house.gov/public_disc/ptr-pdfs/2025/20030542.pdf,accepted
20030546,Hon. Rob Bresnahan,NVIDIA Corporation - Common Stock,NVDA,ST,P,2025-05-29,1001.0,15000.0,"$1,001 - $15,000",,2,https://disclosures-clerk.house.gov/public_disc/ptr-pdfs/2025/20030546.pdf,accepted
20030546,Hon. Rob Bresnahan,NVIDIA Corporation - Common Stock,NVDA,ST,P,2025-05-23,1001.0,15000.0,"$1,001 - $15,000",,2,https://disclosures-clerk.house.gov/public_disc/ptr-pdfs/2025/20030546.pdf,accepted
20030546,Hon. Rob Bresnahan,Snowflake Inc. Class A Common Stock,SNOW,ST,P,2025-05-23,1001.0,15000.0,"$1,001 - $15,000",,2,https://disclosures-clerk.house.gov/public_disc/ptr-pdfs/2025/20030546.pdf,accepted
20030546,Hon. Rob Bresnahan,"Tesla, Inc. - Common Stock",TSLA,ST,P,2025-05-23,1001.0,15000.0,"$1,001 - $15,000",,2,https://disclosures-clerk.house.gov/public_disc/ptr-pdfs/2025/20030546.pdf,accepted
20030546,Hon. Rob Bresnahan,Veeva Systems Inc. Class A Common Stock,VEEV,ST,P,2025-05-29,1001.0,15000.0,"$1,001 - $15,000",,2,https://disclosures-clerk.house.gov/public_disc/ptr-pdfs/2025/20030546.pdf,accepted
20030548,Hon. Marjorie Taylor Greene,Snowflake Inc. Class A Common Stock,SNOW,ST,P,2025-06-17,1001.0,15000.0,"$1,001 - $15,000",,1,https://disclosures-clerk.house.gov/public_disc/ptr-pdfs/2025/20030548.pdf,accepted
20030548,Hon. Marjorie Taylor Greene,Tractor Supply Company - Common Stock,TSCO,ST,P,2025-06-17,1001.0,15000.0,"$1,001 - $15,000",,1,https://disclosures-clerk.house.gov/public_disc/ptr-pdfs/2025/20030548.pdf,accepted
20030551,Hon. James French Hill,Loews Corporation Common Stock,L,ST,P,2025-06-23,50001.0,100000.0,"$50,001 - $100,000",,2,https://disclosures-clerk.house.gov/public_disc/ptr-pdfs/2025/20030551.pdf,accepted
20030551,Hon. James French Hill,Markel Group Inc. Common Stock,MKL,ST,P,2025-06-23,15001.0,50000.0,"$15,001 - $50,000",,2,https://disclosures-clerk.house.gov/public_disc/ptr-pdfs/2025/20030551.pdf,accepted
20030551,Hon. James French Hill,Markel Group Inc. Common Stock,MKL,ST,P,2025-06-23,50001.0,100000.0,"$50,001 - $100,000",,2,https://disclosures-clerk.house.gov/public_disc/ptr-pdfs/2025/20030551.pdf,accepted
20030551,Hon. James French Hill,"White Mountains Insurance Group, Ltd. Common Stock",WTM,ST,P,2025-06-23,50001.0,100000.0,"$50,001 - $100,000",,3,https://disclosures-clerk.house.gov/public_disc/ptr-pdfs/2025/20030551.pdf,accepted
20030567,Hon. David J. Taylor,"Salesforce, Inc. Common Stock",CRM,ST,P,2025-06-11,1001.0,15000.0,"$1,001 - $15,000",,1,https://disclosures-clerk.house.gov/public_disc/ptr-pdfs/2025/20030567.pdf,accepted
20030587,Hon. Virginia Foxx,Ellington Financial Inc. Common Stock,EFC,ST,P,2025-06-30,1001.0,15000.0,"$1,001 - $15,000",,1,https://disclosures-clerk.house.gov/public_disc/ptr-pdfs/2025/20030587.pdf,accepted
20030592,Hon. April McClain Delaney,Markel Group Inc. Common Stock,MKL,ST,P,2025-06-06,1001.0,15000.0,"$1,001 - $15,000",,1,https://disclosures-clerk.house.gov/public_disc/ptr-pdfs/2025/20030592.pdf,accepted
20030592,Hon. April McClain Delaney,"Paychex, Inc. - Common Stock",PAYX,ST,P,2025-06-26,1001.0,15000.0,"$1,001 - $15,000",,1,https://disclosures-clerk.house.gov/public_disc/ptr-pdfs/2025/20030592.pdf,accepted
20030592,Hon. April McClain Delaney,Tractor Supply Company - Common Stock,TSCO,ST,P,2025-06-06,1001.0,15000.0,"$1,001 - $15,000",,1,https://disclosures-clerk.house.gov/public_disc/ptr-pdfs/2025/20030592.pdf,accepted
20030599,Hon. Jonathan Jackson,International Business Machines Corporation Common Stock,IBM,ST,P,2025-06-03,15001.0,50000.0,"$15,001 - $50,000",,1,https://disclosures-clerk.house.gov/public_disc/ptr-pdfs/2025/20030599.pdf,accepted
20030600,Hon. Debbie Wasserman Schultz,"AngioDynamics, Inc. - Common Stock",ANGO,ST,P,2025-06-27,1001.0,15000.0,"$1,001 - $15,000",,1,https://disclosures-clerk.house.gov/public_disc/ptr-pdfs/2025/20030600.pdf,accepted
20030608,Hon. Richard W. Allen,Intuit Inc. - Common Stock,INTU,ST,P,2025-06-20,1001.0,15000.0,"$1,001 - $15,000",,1,https://disclosures-clerk.house.gov/public_disc/ptr-pdfs/2025/20030608.pdf,accepted
20030618,Hon. Lloyd Doggett,"Home Depot, Inc.",HD,ST,P,2025-06-18,1001.0,15000.0,"$1,001 - $15,000",,1,https://disclosures-clerk.house.gov/public_disc/ptr-pdfs/2025/20030618.pdf,accepted
20030618,Hon. Lloyd Doggett,International Business Machines Corporation Common Stock,IBM,ST,P,2025-06-10,1001.0,15000.0,"$1,001 - $15,000",,1,https://disclosures-clerk.house.gov/public_disc/ptr-pdfs/2025/20030618.pdf,accepted
20030618,Hon. Lloyd Doggett,Johnson & Johnson Common Stock,JNJ,ST,P,2025-06-10,1001.0,15000.0,"$1,001 - $15,000",,1,https://disclosures-clerk.house.gov/public_disc/ptr-pdfs/2025/20030618.pdf,accepted
20030618,Hon. Lloyd Doggett,"PPG Industries, Inc. Common Stock",PPG,ST,P,2025-06-12,1001.0,15000.0,"$1,001 - $15,000",,1,https://disclosures-clerk.house.gov/public_disc/ptr-pdfs/2025/20030618.pdf,accepted
20030620,Hon. John McGuire,"Meta Platforms, Inc. - Class A Common Stock",META,ST,P,2025-06-30,1001.0,15000.0,"$1,001 - $15,000",,1,https://disclosures-clerk.house.gov/public_disc/ptr-pdfs/2025/20030620.pdf,accepted
20030620,Hon. John McGuire,"Netflix, Inc. - Common Stock",NFLX,ST,P,2025-06-16,1001.0,15000.0,"$1,001 - $15,000",,1,https://disclosures-clerk.house.gov/public_disc/ptr-pdfs/2025/20030620.pdf,accepted
20030621,Hon. Josh Gottheimer,Broadcom Inc. - Common Stock,AVGO,ST,P,2025-06-25,1001.0,15000.0,"$1,001 - $15,000",,1,https://disclosures-clerk.house.gov/public_disc/ptr-pdfs/2025/20030621.pdf,accepted
20030621,Hon. Josh Gottheimer,Carvana Co. Class A Common Stock,CVNA,ST,P,2025-06-20,1001.0,15000.0,"$1,001 - $15,000",,1,https://disclosures-clerk.house.gov/public_disc/ptr-pdfs/2025/20030621.pdf,accepted
20030621,Hon. Josh Gottheimer,Chubb Limited Common Stock,CB,ST,P,2025-06-13,1001.0,15000.0,"$1,001 - $15,000",,1,https://disclosures-clerk.house.gov/public_disc/ptr-pdfs/2025/20030621.pdf,accepted
20030621,Hon. Josh Gottheimer,"Cloudflare, Inc. Class A Common Stock",NET,ST,P,2025-06-20,1001.0,15000.0,"$1,001 - $15,000",,1,https://disclosures-clerk.house.gov/public_disc/ptr-pdfs/2025/20030621.pdf,accepted
20030621,Hon. Josh Gottheimer,Insmed Incorporated - Common Stock,INSM,ST,P,2025-06-16,1001.0,15000.0,"$1,001 - $15,000",,2,https://disclosures-clerk.house.gov/public_disc/ptr-pdfs/2025/20030621.pdf,accepted
20030621,Hon. Josh Gottheimer,NVIDIA Corporation - Common Stock,NVDA,ST,P,2025-06-24,1001.0,15000.0,"$1,001 - $15,000",,2,https://disclosures-clerk.house.gov/public_disc/ptr-pdfs/2025/20030621.pdf,accepted
20030630,Hon. Nancy Pelosi,Broadcom Inc. - Common Stock,AVGO,ST,P,2025-06-20,1000001.0,5000000.0,"$1,000,001 - $5,000,000",,1,https://disclosures-clerk.house.gov/public_disc/ptr-pdfs/2025/20030630.pdf,accepted
20030634,Hon. Gilbert Cisneros,Applovin Corporation - Class A Common Stock,APP,ST,P,2025-07-01,1001.0,15000.0,"$1,001 - $15,000",,1,https://disclosures-clerk.house.gov/public_disc/ptr-pdfs/2025/20030634.pdf,accepted
20030634,Hon. Gilbert Cisneros,"Cadre Holdings, Inc. Common Stock",CDRE,ST,P,2025-06-11,1001.0,15000.0,"$1,001 - $15,000",,2,https://disclosures-clerk.house.gov/public_disc/ptr-pdfs/2025/20030634.pdf,accepted
20030634,Hon. Gilbert Cisneros,"Champion Homes, Inc. Common Stock",SKY,ST,P,2025-06-16,1001.0,15000.0,"$1,001 - $15,000",,2,https://disclosures-clerk.house.gov/public_disc/ptr-pdfs/2025/20030634.pdf,accepted
20030634,Hon. Gilbert Cisneros,"CoStar Group, Inc. - Common Stock",CSGP,ST,P,2025-06-27,15001.0,50000.0,"$15,001 - $50,000",,2,https://disclosures-clerk.house.gov/public_disc/ptr-pdfs/2025/20030634.pdf,accepted
20030634,Hon. Gilbert Cisneros,"CoStar Group, Inc. - Common Stock",CSGP,ST,P,2025-06-30,1001.0,15000.0,"$1,001 - $15,000",,2,https://disclosures-clerk.house.gov/public_disc/ptr-pdfs/2025/20030634.pdf,accepted
20030634,Hon. Gilbert Cisneros,"CoStar Group, Inc. - Common Stock",CSGP,ST,P,2025-06-25,1001.0,15000.0,"$1,001 - $15,000",,2,https://disclosures-clerk.house.gov/public_disc/ptr-pdfs/2025/20030634.pdf,accepted
20030634,Hon. Gilbert Cisneros,"Dayforce, Inc. Common Stock",DAY,ST,P,2025-06-11,1001.0,15000.0,"$1,001 - $15,000",,2,https://disclosures-clerk.house.gov/public_disc/ptr-pdfs/2025/20030634.pdf,accepted
20030634,Hon. Gilbert Cisneros,NXP Semiconductors N.V. - Common Stock,NXPI,ST,P,2025-06-25,1001.0,15000.0,"$1,001 - $15,000",,3,https://disclosures-clerk.house.gov/public_disc/ptr-pdfs/2025/20030634.pdf,accepted
20030634,Hon. Gilbert Cisneros,PTC Inc. - Common Stock,PTC,ST,P,2025-06-11,1001.0,15000.0,"$1,001 - $15,000",,3,https://disclosures-clerk.house.gov/public_disc/ptr-pdfs/2025/20030634.pdf,accepted
20030634,Hon. Gilbert Cisneros,"Revvity, Inc. Common Stock",RVTY,ST,P,2025-06-11,1001.0,15000.0,"$1,001 - $15,000",,3,https://disclosures-clerk.house.gov/public_disc/ptr-pdfs/2025/20030634.pdf,accepted
20030634,Hon. Gilbert Cisneros,Seacoast Banking Corporation of Florida - Common Stock,SBCF,ST,P,2025-06-16,1001.0,15000.0,"$1,001 - $15,000",,3,https://disclosures-clerk.house.gov/public_disc/ptr-pdfs/2025/20030634.pdf,accepted
20030634,Hon. Gilbert Cisneros,"Veracyte, Inc. - Common Stock",VCYT,ST,P,2025-06-16,1001.0,15000.0,"$1,001 - $15,000",,4,https://disclosures-clerk.house.gov/public_disc/ptr-pdfs/2025/20030634.pdf,accepted
20030634,Hon. Gilbert Cisneros,XIAOMI CORP,XIACF,ST,P,2025-06-27,1001.0,15000.0,"$1,001 - $15,000",,4,https://disclosures-clerk.house.gov/public_disc/ptr-pdfs/2025/20030634.pdf,accepted
20030635,Hon. Rob Bresnahan,Applovin Corporation - Class A Common Stock,APP,ST,P,2025-06-06,1001.0,15000.0,"$1,001 - $15,000",,1,https://disclosures-clerk.house.gov/public_disc/ptr-pdfs/2025/20030635.pdf,accepted
20030635,Hon. Rob Bresnahan,Broadcom Inc. - Common Stock,AVGO,ST,P,2025-06-11,1001.0,15000.0,"$1,001 - $15,000",,1,https://disclosures-clerk.house.gov/public_disc/ptr-pdfs/2025/20030635.pdf,accepted
20030635,Hon. Rob Bresnahan,"Circle Internet Group, Inc. Class A Common Stock",CRCL,ST,P,2025-06-24,1001.0,15000.0,"$1,001 - $15,000",,2,https://disclosures-clerk.house.gov/public_disc/ptr-pdfs/2025/20030635.pdf,accepted
20030635,Hon. Rob Bresnahan,"Coinbase Global, Inc. - Class A Common Stock",COIN,ST,P,2025-06-24,1001.0,15000.0,"$1,001 - $15,000",,3,https://disclosures-clerk.house.gov/public_disc/ptr-pdfs/2025/20030635.pdf,accepted
20030635,Hon. Rob Bresnahan,Credo Technology Group Holding Ltd - Ordinary Shares,CRDO,ST,P,2025-06-03,1001.0,15000.0,"$1,001 - $15,000",,3,https://disclosures-clerk.house.gov/public_disc/ptr-pdfs/2025/20030635.pdf,accepted
20030635,Hon. Rob Bresnahan,"ServiceTitan, Inc. - Class A Common Stock",TTAN,ST,P,2025-06-11,1001.0,15000.0,"$1,001 - $15,000",,3,https://disclosures-clerk.house.gov/public_disc/ptr-pdfs/2025/20030635.pdf,accepted
20030635,Hon. Rob Bresnahan,Spotify Technology S.A. Ordinary Shares,SPOT,ST,P,2025-06-05,1001.0,15000.0,"$1,001 - $15,000",,4,https://disclosures-clerk.house.gov/public_disc/ptr-pdfs/2025/20030635.pdf,accepted
20030635,Hon. Rob Bresnahan,"Tesla, Inc. - Common Stock",TSLA,ST,P,2025-06-05,1001.0,15000.0,"$1,001 - $15,000",,4,https://disclosures-clerk.house.gov/public_disc/ptr-pdfs/2025/20030635.pdf,accepted
20030637,Hon. Tim Moore,"American Airlines Group, Inc. - Common Stock",AAL,ST,P,2025-06-16,100001.0,250000.0,"$100,001 - $250,000",,1,https://disclosures-clerk.house.gov/public_disc/ptr-pdfs/2025/20030637.pdf,accepted
20030637,Hon. Tim Moore,Apple Inc. - Common Stock,AAPL,ST,P,2025-06-02,50001.0,100000.0,"$50,001 - $100,000",,1,https://disclosures-clerk.house.gov/public_disc/ptr-pdfs/2025/20030637.pdf,accepted
20030639,Hon. Mike Kelly,United States Steel Corporation Common Stock,X,ST,P,2025-06-03,15001.0,50000.0,"$15,001 - $50,000",,1,https://disclosures-clerk.house.gov/public_disc/ptr-pdfs/2025/20030639.pdf,accepted
20030646,Hon. Cliff Bentz,Amgen Inc. - Common Stock,AMGN,ST,P,2025-06-06,1001.0,15000.0,"$1,001 - $15,000",,1,https://disclosures-clerk.house.gov/public_disc/ptr-pdfs/2025/20030646.pdf,accepted
20030646,Hon. Cliff Bentz,Procter & Gamble Company,PG,ST,P,2025-06-06,1001.0,15000.0,"$1,001 - $15,000",,1,https://disclosures-clerk.house.gov/public_disc/ptr-pdfs/2025/20030646.pdf,accepted
20030647,Hon. Julie Johnson,3M Company Common Stock,MMM,ST,P,2025-06-18,1001.0,15000.0,"$1,001 - $15,000",,1,https://disclosures-clerk.house.gov/public_disc/ptr-pdfs/2025/20030647.pdf,accepted
20030647,Hon. Julie Johnson,"Merck & Company, Inc. Common Stock",MRK,ST,P,2025-06-13,1001.0,15000.0,"$1,001 - $15,000",,1,https://disclosures-clerk.house.gov/public_disc/ptr-pdfs/2025/20030647.pdf,accepted
20030671,Hon. Thomas H. Kean Jr,Danaher Corporation Common Stock,DHR,ST,P,2025-06-11,1001.0,15000.0,"$1,001 - $15,000",,1,https://disclosures-clerk.house.gov/public_disc/ptr-pdfs/2025/20030671.pdf,accepted
20030671,Hon. Thomas H. Kean Jr,"Prologis, Inc. Common Stock",PLD,ST,P,2025-06-30,1001.0,15000.0,"$1,001 - $15,000",,1,https://disclosures-clerk.house.gov/public_disc/ptr-pdfs/2025/20030671.pdf,accepted
20030711,Hon. Marjorie Taylor Greene,Palantir Technologies Inc. - Class A Common Stock,PLTR,ST,P,2025-07-15,1001.0,15000.0,"$1,001 - $15,000",,1,https://disclosures-clerk.house.gov/public_disc/ptr-pdfs/2025/20030711.pdf,accepted
20030711,Hon. Marjorie Taylor Greene,"Pepsico, Inc.",PEP,ST,P,2025-07-15,1001.0,15000.0,"$1,001 - $15,000",,1,https://disclosures-clerk.house.gov/public_disc/ptr-pdfs/2025/20030711.pdf,accepted
20030730,Hon. Robert E. Latta,"Farmers & Merchants Bancorp, Inc.",FMAO,ST,P,2025-07-20,1001.0,15000.0,"$1,001 - $15,000",,1,https://disclosures-clerk.house.gov/public_disc/ptr-pdfs/2025/20030730.pdf,accepted
20030735,"Hon. Neal Patrick MD, Facs Dunn","Capital One Financial Corporation Depositary shares each representing a 1/40th interest in a share of Fixed Rate Non-Cumulative Perpetual Preferred Stock, Series I of the Issuer",COF$I,ST,P,2025-06-02,1001.0,15000.0,"$1,001 - $15,000",,1,https://disclosures-clerk.house.gov/public_disc/ptr-pdfs/2025/20030735.pdf,accepted
20030782,Hon. David J. Taylor,AT&T Inc.,T,ST,P,2025-07-18,1001.0,15000.0,"$1,001 - $15,000",,1,https://disclosures-clerk.house.gov/public_disc/ptr-pdfs/2025/20030782.pdf,accepted
20030782,Hon. David J. Taylor,AT&T Inc.,T,ST,P,2025-07-18,1001.0,15000.0,"$1,001 - $15,000",,1,https://disclosures-clerk.house.gov/public_disc/ptr-pdfs/2025/20030782.pdf,accepted
20030782,Hon. David J. Taylor,Eli Lilly and Company Common Stock,LLY,ST,P,2025-08-14,15001.0,50000.0,"$15,001 - $50,000",,1,https://disclosures-clerk.house.gov/public_disc/ptr-pdfs/2025/20030782.pdf,accepted
20030782,Hon. David J. Taylor,Eli Lilly and Company Common Stock,LLY,ST,P,2025-08-14,1001.0,15000.0,"$1,001 - $15,000",,1,https://disclosures-clerk.house.gov/public_disc/ptr-pdfs/2025/20030782.pdf,accepted
20030782,Hon. David J. Taylor,Marathon Petroleum Corporation Common Stock,MPC,ST,P,2025-08-14,1001.0,15000.0,"$1,001 - $15,000",,2,https://disclosures-clerk.house.gov/public_disc/ptr-pdfs/2025/20030782.pdf,accepted
20030782,Hon. David J. Taylor,Procter & Gamble Company,PG,ST,P,2025-08-13,1001.0,15000.0,"$1,001 - $15,000",,2,https://disclosures-clerk.house.gov/public_disc/ptr-pdfs/2025/20030782.pdf,accepted
20030782,Hon. David J. Taylor,Procter & Gamble Company,PG,ST,P,2025-08-07,1001.0,15000.0,"$1,001 - $15,000",,2,https://disclosures-clerk.house.gov/public_disc/ptr-pdfs/2025/20030782.pdf,accepted
20030782,Hon. David J. Taylor,Progressive Corporation,PGR,ST,P,2025-07-18,1001.0,15000.0,"$1,001 - $15,000",,2,https://disclosures-clerk.house.gov/public_disc/ptr-pdfs/2025/20030782.pdf,accepted
20030782,Hon. David J. Taylor,"Prologis, Inc. Common Stock",PLD,ST,P,2025-08-14,1001.0,15000.0,"$1,001 - $15,000",,2,https://disclosures-clerk.house.gov/public_disc/ptr-pdfs/2025/20030782.pdf,accepted
20030782,Hon. David J. Taylor,"Prologis, Inc. Common Stock",PLD,ST,P,2025-08-07,1001.0,15000.0,"$1,001 - $15,000",,3,https://disclosures-clerk.house.gov/public_disc/ptr-pdfs/2025/20030782.pdf,accepted
20030782,Hon. David J. Taylor,"Salesforce, Inc. Common Stock",CRM,ST,P,2025-08-07,1001.0,15000.0,"$1,001 - $15,000",,3,https://disclosures-clerk.house.gov/public_disc/ptr-pdfs/2025/20030782.pdf,accepted
20030782,Hon. David J. Taylor,Vertex Pharmaceuticals Incorporated - Common Stock,VRTX,ST,P,2025-08-07,1001.0,15000.0,"$1,001 - $15,000",,3,https://disclosures-clerk.house.gov/public_disc/ptr-pdfs/2025/20030782.pdf,accepted
20030782,Hon. David J. Taylor,Visa Inc.,V,ST,P,2025-08-13,1001.0,15000.0,"$1,001 - $15,000",,3,https://disclosures-clerk.house.gov/public_disc/ptr-pdfs/2025/20030782.pdf,accepted
20030782,Hon. David J. Taylor,Visa Inc.,V,ST,P,2025-08-13,1001.0,15000.0,"$1,001 - $15,000",,3,https://disclosures-clerk.house.gov/public_disc/ptr-pdfs/2025/20030782.pdf,accepted
20030803,Cleo Fields,"Advanced Micro Devices, Inc.",AMD,ST,P,2025-07-30,15001.0,50000.0,"$15,001 - $50,000",,1,https://disclosures-clerk.house.gov/public_disc/ptr-pdfs/2025/20030803.pdf,accepted
20030803,Cleo Fields,Alphabet Inc. - Class C Capital Stock,GOOG,ST,P,2025-07-30,100001.0,250000.0,"$100,001 - $250,000",,1,https://disclosures-clerk.house.gov/public_disc/ptr-pdfs/2025/20030803.pdf,accepted
20030803,Cleo Fields,Alphabet Inc. - Class C Capital Stock,GOOG,ST,P,2025-07-29,50001.0,100000.0,"$50,001 - $100,000",,1,https://disclosures-clerk.house.gov/public_disc/ptr-pdfs/2025/20030803.pdf,accepted
20030803,Cleo Fields,Alphabet Inc. - Class C Capital Stock,GOOG,ST,P,2025-07-29,50001.0,100000.0,"$50,001 - $100,000",,1,https://disclosures-clerk.house.gov/public_disc/ptr-pdfs/2025/20030803.pdf,accepted
20030803,Cleo Fields,Alphabet Inc. - Class C Capital Stock,GOOG,ST,P,2025-07-17,100001.0,250000.0,"$100,001 - $250,000",,1,https://disclosures-clerk.house.gov/public_disc/ptr-pdfs/2025/20030803.pdf,accepted
20030803,Cleo Fields,Alphabet Inc. - Class C Capital Stock,GOOG,ST,P,2025-07-14,100001.0,250000.0,"$100,001 - $250,000",,1,https://disclosures-clerk.house.gov/public_disc/ptr-pdfs/2025/20030803.pdf,accepted
20030803,Cleo Fields,"Amazon.com, Inc. - Common Stock",AMZN,ST,P,2025-07-16,100001.0,250000.0,"$100,001 - $250,000",,2,https://disclosures-clerk.house.gov/public_disc/ptr-pdfs/2025/20030803.pdf,accepted
20030803,Cleo Fields,"Amazon.com, Inc. - Common Stock",AMZN,ST,P,2025-07-14,1001.0,15000.0,"$1,001 - $15,000",,2,https://disclosures-clerk.house.gov/public_disc/ptr-pdfs/2025/20030803.pdf,accepted
20030803,Cleo Fields,"Amazon.com, Inc. - Common Stock",AMZN,ST,P,2025-07-29,100001.0,250000.0,"$100,001 - $250,000",,2,https://disclosures-clerk.house.gov/public_disc/ptr-pdfs/2025/20030803.pdf,accepted
20030803,Cleo Fields,Apple Inc. - Common Stock,AAPL,ST,P,2025-07-29,100001.0,250000.0,"$100,001 - $250,000",,2,https://disclosures-clerk.house.gov/public_disc/ptr-pdfs/2025/20030803.pdf,accepted
20030803,Cleo Fields,Arm Holdings plc - American Depositary Shares,ARM,ST,P,2025-07-16,50001.0,100000.0,"$50,001 - $100,000",,2,https://disclosures-clerk.house.gov/public_disc/ptr-pdfs/2025/20030803.pdf,accepted
20030803,Cleo Fields,BITMINE IMMERSIN TECH INC,BMNR,ST,P,2025-07-16,1001.0,15000.0,"$1,001 - $15,000",,2,https://disclosures-clerk.house.gov/public_disc/ptr-pdfs/2025/20030803.pdf,accepted
20030803,Cleo Fields,BITMINE IMMERSIN TECH INC,BMNR,ST,P,2025-07-16,1001.0,15000.0,"$1,001 - $15,000",,2,https://disclosures-clerk.house.gov/public_disc/ptr-pdfs/2025/20030803.pdf,accepted
20030803,Cleo Fields,BITMINE IMMERSIN TECH INC,BMNR,ST,P,2025-07-16,15001.0,50000.0,"$15,001 - $50,000",,2,https://disclosures-clerk.house.gov/public_disc/ptr-pdfs/2025/20030803.pdf,accepted
20030803,Cleo Fields,BITMINE IMMERSIN TECH INC,BMNR,ST,P,2025-07-16,1001.0,15000.0,"$1,001 - $15,000",,3,https://disclosures-clerk.house.gov/public_disc/ptr-pdfs/2025/20030803.pdf,accepted
20030803,Cleo Fields,BITMINE IMMERSIN TECH INC,BMNR,ST,P,2025-07-16,15001.0,50000.0,"$15,001 - $50,000",,3,https://disclosures-clerk.house.gov/public_disc/ptr-pdfs/2025/20030803.pdf,accepted
20030803,Cleo Fields,Broadcom Inc. - Common Stock,AVGO,ST,P,2025-07-18,1001.0,15000.0,"$1,001 - $15,000",,3,https://disclosures-clerk.house.gov/public_disc/ptr-pdfs/2025/20030803.pdf,accepted
20030803,Cleo Fields,Broadcom Inc. - Common Stock,AVGO,ST,P,2025-07-29,15001.0,50000.0,"$15,001 - $50,000",,3,https://disclosures-clerk.house.gov/public_disc/ptr-pdfs/2025/20030803.pdf,accepted
20030803,Cleo Fields,IREN Limited - Ordinary Shares,IREN,ST,P,2025-07-10,15001.0,50000.0,"$15,001 - $50,000",,3,https://disclosures-clerk.house.gov/public_disc/ptr-pdfs/2025/20030803.pdf,accepted
20030803,Cleo Fields,McDonald's Corporation Common Stock,MCD,ST,P,2025-07-29,15001.0,50000.0,"$15,001 - $50,000",,3,https://disclosures-clerk.house.gov/public_disc/ptr-pdfs/2025/20030803.pdf,accepted
20030803,Cleo Fields,"Meta Platforms, Inc. - Class A Common Stock",META,ST,P,2025-07-29,50001.0,100000.0,"$50,001 - $100,000",,3,https://disclosures-clerk.house.gov/public_disc/ptr-pdfs/2025/20030803.pdf,accepted
20030803,Cleo Fields,"Meta Platforms, Inc. - Class A Common Stock",META,ST,P,2025-07-29,50001.0,100000.0,"$50,001 - $100,000",,3,https://disclosures-clerk.house.gov/public_disc/ptr-pdfs/2025/20030803.pdf,accepted
20030803,Cleo Fields,"Meta Platforms, Inc. - Class A Common Stock",META,ST,P,2025-07-29,50001.0,100000.0,"$50,001 - $100,000",,3,https://disclosures-clerk.house.gov/public_disc/ptr-pdfs/2025/20030803.pdf,accepted
20030803,Cleo Fields,"Meta Platforms, Inc. - Class A Common Stock",META,ST,P,2025-07-17,50001.0,100000.0,"$50,001 - $100,000",,4,https://disclosures-clerk.house.gov/public_disc/ptr-pdfs/2025/20030803.pdf,accepted
20030803,Cleo Fields,"Meta Platforms, Inc. - Class A Common Stock",META,ST,P,2025-07-16,50001.0,100000.0,"$50,001 - $100,000",,4,https://disclosures-clerk.house.gov/public_disc/ptr-pdfs/2025/20030803.pdf,accepted
20030803,Cleo Fields,Microsoft Corporation - Common Stock,MSFT,ST,P,2025-07-16,15001.0,50000.0,"$15,001 - $50,000",,4,https://disclosures-clerk.house.gov/public_disc/ptr-pdfs/2025/20030803.pdf,accepted
20030803,Cleo Fields,Microsoft Corporation - Common Stock,MSFT,ST,P,2025-07-16,15001.0,50000.0,"$15,001 - $50,000",,4,https://disclosures-clerk.house.gov/public_disc/ptr-pdfs/2025/20030803.pdf,accepted
20030803,Cleo Fields,Microsoft Corporation - Common Stock,MSFT,ST,P,2025-07-16,50001.0,100000.0,"$50,001 - $100,000",,4,https://disclosures-clerk.house.gov/public_disc/ptr-pdfs/2025/20030803.pdf,accepted
20030803,Cleo Fields,Microsoft Corporation - Common Stock,MSFT,ST,P,2025-07-29,100001.0,250000.0,"$100,001 - $250,000",,4,https://disclosures-clerk.house.gov/public_disc/ptr-pdfs/2025/20030803.pdf,accepted
20030803,Cleo Fields,Microsoft Corporation - Common Stock,MSFT,ST,P,2025-07-29,50001.0,100000.0,"$50,001 - $100,000",,4,https://disclosures-clerk.house.gov/public_disc/ptr-pdfs/2025/20030803.pdf,accepted
20030803,Cleo Fields,Microsoft Corporation - Common Stock,MSFT,ST,P,2025-07-28,100001.0,250000.0,"$100,001 - $250,000",,4,https://disclosures-clerk.house.gov/public_disc/ptr-pdfs/2025/20030803.pdf,accepted
20030803,Cleo Fields,NVIDIA Corporation - Common Stock,NVDA,ST,P,2025-07-29,50001.0,100000.0,"$50,001 - $100,000",,4,https://disclosures-clerk.house.gov/public_disc/ptr-pdfs/2025/20030803.pdf,accepted
20030803,Cleo Fields,NVIDIA Corporation - Common Stock,NVDA,ST,P,2025-07-29,250001.0,500000.0,"$250,001 - $500,000",,5,https://disclosures-clerk.house.gov/public_disc/ptr-pdfs/2025/20030803.pdf,accepted
20030803,Cleo Fields,NVIDIA Corporation - Common Stock,NVDA,ST,P,2025-07-16,50001.0,100000.0,"$50,001 - $100,000",,5,https://disclosures-clerk.house.gov/public_disc/ptr-pdfs/2025/20030803.pdf,accepted
20030803,Cleo Fields,NVIDIA Corporation - Common Stock,NVDA,ST,P,2025-07-17,100001.0,250000.0,"$100,001 - $250,000",,5,https://disclosures-clerk.house.gov/public_disc/ptr-pdfs/2025/20030803.pdf,accepted
20030803,Cleo Fields,NVIDIA Corporation - Common Stock,NVDA,ST,P,2025-07-17,100001.0,250000.0,"$100,001 - $250,000",,5,https://disclosures-clerk.house.gov/public_disc/ptr-pdfs/2025/20030803.pdf,accepted
20030803,Cleo Fields,NVIDIA Corporation - Common Stock,NVDA,ST,P,2025-07-17,100001.0,250000.0,"$100,001 - $250,000",,5,https://disclosures-clerk.house.gov/public_disc/ptr-pdfs/2025/20030803.pdf,accepted
20030803,Cleo Fields,NVIDIA Corporation - Common Stock,NVDA,ST,P,2025-07-17,50001.0,100000.0,"$50,001 - $100,000",,5,https://disclosures-clerk.house.gov/public_disc/ptr-pdfs/2025/20030803.pdf,accepted
20030803,Cleo Fields,NVIDIA Corporation - Common Stock,NVDA,ST,P,2025-07-17,50001.0,100000.0,"$50,001 - $100,000",,5,https://disclosures-clerk.house.gov/public_disc/ptr-pdfs/2025/20030803.pdf,accepted
20030803,Cleo Fields,NVIDIA Corporation - Common Stock,NVDA,ST,P,2025-07-16,100001.0,250000.0,"$100,001 - $250,000",,5,https://disclosures-clerk.house.gov/public_disc/ptr-pdfs/2025/20030803.pdf,accepted
20030803,Cleo Fields,NVIDIA Corporation - Common Stock,NVDA,ST,P,2025-07-16,100001.0,250000.0,"$100,001 - $250,000",,5,https://disclosures-clerk.house.gov/public_disc/ptr-pdfs/2025/20030803.pdf,accepted
20030803,Cleo Fields,NVIDIA Corporation - Common Stock,NVDA,ST,P,2025-07-16,15001.0,50000.0,"$15,001 - $50,000",,6,https://disclosures-clerk.house.gov/public_disc/ptr-pdfs/2025/20030803.pdf,accepted
20030803,Cleo Fields,NVIDIA Corporation - Common Stock,NVDA,ST,P,2025-07-16,50001.0,100000.0,"$50,001 - $100,000",,6,https://disclosures-clerk.house.gov/public_disc/ptr-pdfs/2025/20030803.pdf,accepted
20030803,Cleo Fields,NVIDIA Corporation - Common Stock,NVDA,ST,P,2025-07-14,50001.0,100000.0,"$50,001 - $100,000",,6,https://disclosures-clerk.house.gov/public_disc/ptr-pdfs/2025/20030803.pdf,accepted
20030803,Cleo Fields,NVIDIA Corporation - Common Stock,NVDA,ST,P,2025-07-14,100001.0,250000.0,"$100,001 - $250,000",,6,https://disclosures-clerk.house.gov/public_disc/ptr-pdfs/2025/20030803.pdf,accepted
20030803,Cleo Fields,NVIDIA Corporation - Common Stock,NVDA,ST,P,2025-07-14,100001.0,250000.0,"$100,001 - $250,000",,6,https://disclosures-clerk.house.gov/public_disc/ptr-pdfs/2025/20030803.pdf,accepted
20030803,Cleo Fields,NVIDIA Corporation - Common Stock,NVDA,ST,P,2025-07-14,15001.0,50000.0,"$15,001 - $50,000",,6,https://disclosures-clerk.house.gov/public_disc/ptr-pdfs/2025/20030803.pdf,accepted
20030803,Cleo Fields,NVIDIA Corporation - Common Stock,NVDA,ST,P,2025-07-10,100001.0,250000.0,"$100,001 - $250,000",,6,https://disclosures-clerk.house.gov/public_disc/ptr-pdfs/2025/20030803.pdf,accepted
20030803,Cleo Fields,NVIDIA Corporation - Common Stock,NVDA,ST,P,2025-07-10,100001.0,250000.0,"$100,001 - $250,000",,6,https://disclosures-clerk.house.gov/public_disc/ptr-pdfs/2025/20030803.pdf,accepted
20030803,Cleo Fields,Opendoor Technologies Inc - Common Stock,OPEN,ST,P,2025-07-21,1001.0,15000.0,"$1,001 - $15,000",,6,https://disclosures-clerk.house.gov/public_disc/ptr-pdfs/2025/20030803.pdf,accepted
20030803,Cleo Fields,Palantir Technologies Inc. - Class A Common Stock,PLTR,ST,P,2025-07-18,100001.0,250000.0,"$100,001 - $250,000",,7,https://disclosures-clerk.house.gov/public_disc/ptr-pdfs/2025/20030803.pdf,accepted
20030803,Cleo Fields,Palantir Technologies Inc. - Class A Common Stock,PLTR,ST,P,2025-07-28,50001.0,100000.0,"$50,001 - $100,000",,7,https://disclosures-clerk.house.gov/public_disc/ptr-pdfs/2025/20030803.pdf,accepted
20030803,Cleo Fields,"Robinhood Markets, Inc. - Class A Common Stock",HOOD,ST,P,2025-07-21,15001.0,50000.0,"$15,001 - $50,000",,7,https://disclosures-clerk.house.gov/public_disc/ptr-pdfs/2025/20030803.pdf,accepted
20030803,Cleo Fields,"Robinhood Markets, Inc. - Class A Common Stock",HOOD,ST,P,2025-07-17,15001.0,50000.0,"$15,001 - $50,000",,7,https://disclosures-clerk.house.gov/public_disc/ptr-pdfs/2025/20030803.pdf,accepted
20030803,Cleo Fields,"SoundHound AI, Inc. - Class A Common Stock",SOUN,ST,P,2025-07-16,1001.0,15000.0,"$1,001 - $15,000",,7,https://disclosures-clerk.house.gov/public_disc/ptr-pdfs/2025/20030803.pdf,accepted
20030803,Cleo Fields,Taiwan Semiconductor Manufacturing Company Ltd.,TSM,ST,P,2025-07-17,100001.0,250000.0,"$100,001 - $250,000",,7,https://disclosures-clerk.house.gov/public_disc/ptr-pdfs/2025/20030803.pdf,accepted
20030803,Cleo Fields,"Uber Technologies, Inc. Common Stock",UBER,ST,P,2025-07-10,15001.0,50000.0,"$15,001 - $50,000",,7,https://disclosures-clerk.house.gov/public_disc/ptr-pdfs/2025/20030803.pdf,accepted
20030810,Hon. Laurel Lee,"TuHURA Biosciences, Inc. - Common Stock",HURA,ST,P,2025-07-13,50001.0,100000.0,"$50,001 - $100,000",,1,https://disclosures-clerk.house.gov/public_disc/ptr-pdfs/2025/20030810.pdf,accepted
20030820,Hon. Lloyd Doggett,Coca-Cola Company,KO,ST,P,2025-07-01,1001.0,15000.0,"$1,001 - $15,000",,1,https://disclosures-clerk.house.gov/public_disc/ptr-pdfs/2025/20030820.pdf,accepted
20030824,Hon. Tim Moore,Centene Corporation Common Stock,CNC,ST,P,2025-07-14,15001.0,50000.0,"$15,001 - $50,000",,1,https://disclosures-clerk.house.gov/public_disc/ptr-pdfs/2025/20030824.pdf,accepted
20030824,Hon. Tim Moore,Centene Corporation Common Stock,CNC,ST,P,2025-07-18,15001.0,50000.0,"$15,001 - $50,000",,1,https://disclosures-clerk.house.gov/public_disc/ptr-pdfs/2025/20030824.pdf,accepted
20030824,Hon. Tim Moore,Centene Corporation Common Stock,CNC,ST,P,2025-07-21,15001.0,50000.0,"$15,001 - $50,000",,1,https://disclosures-clerk.house.gov/public_disc/ptr-pdfs/2025/20030824.pdf,accepted
20030824,Hon. Tim Moore,Centene Corporation Common Stock,CNC,ST,P,2025-07-22,1001.0,15000.0,"$1,001 - $15,000",,1,https://disclosures-clerk.house.gov/public_disc/ptr-pdfs/2025/20030824.pdf,accepted
20030824,Hon. Tim Moore,Centene Corporation Common Stock,CNC,ST,P,2025-07-29,15001.0,50000.0,"$15,001 - $50,000",,1,https://disclosures-clerk.house.gov/public_disc/ptr-pdfs/2025/20030824.pdf,accepted
20030824,Hon. Tim Moore,Centene Corporation Common Stock,CNC,ST,P,2025-07-30,15001.0,50000.0,"$15,001 - $50,000",,1,https://disclosures-clerk.house.gov/public_disc/ptr-pdfs/2025/20030824.pdf,accepted
20030824,Hon. Tim Moore,"Harley-Davidson, Inc. Common Stock",HOG,ST,P,2025-07-30,15001.0,50000.0,"$15,001 - $50,000",,2,https://disclosures-clerk.house.gov/public_disc/ptr-pdfs/2025/20030824.pdf,accepted
20030824,Hon. Tim Moore,Intel Corporation - Common Stock,INTC,ST,P,2025-07-29,15001.0,50000.0,"$15,001 - $50,000",,3,https://disclosures-clerk.house.gov/public_disc/ptr-pdfs/2025/20030824.pdf,accepted
20030824,Hon. Tim Moore,"Krispy Kreme, Inc. - Common Stock",DNUT,ST,P,2025-07-29,1001.0,15000.0,"$1,001 - $15,000",,3,https://disclosures-clerk.house.gov/public_disc/ptr-pdfs/2025/20030824.pdf,accepted
20030824,Hon. Tim Moore,"Krispy Kreme, Inc. - Common Stock",DNUT,ST,P,2025-07-30,15001.0,50000.0,"$15,001 - $50,000",,3,https://disclosures-clerk.house.gov/public_disc/ptr-pdfs/2025/20030824.pdf,accepted
20030824,Hon. Tim Moore,UnitedHealth Group Incorporated Common Stock,UNH,ST,P,2025-07-21,1001.0,15000.0,"$1,001 - $15,000",,3,https://disclosures-clerk.house.gov/public_disc/ptr-pdfs/2025/20030824.pdf,accepted
20030824,Hon. Tim Moore,UnitedHealth Group Incorporated Common Stock,UNH,ST,P,2025-07-16,15001.0,50000.0,"$15,001 - $50,000",,3,https://disclosures-clerk.house.gov/public_disc/ptr-pdfs/2025/20030824.pdf,accepted
20030824,Hon. Tim Moore,Verizon Communications Inc. Common Stock,VZ,ST,P,2025-07-29,15001.0,50000.0,"$15,001 - $50,000",,3,https://disclosures-clerk.house.gov/public_disc/ptr-pdfs/2025/20030824.pdf,accepted
20030832,Hon. April McClain Delaney,"Brown & Brown, Inc. Common Stock",BRO,ST,P,2025-07-25,1001.0,15000.0,"$1,001 - $15,000",,1,https://disclosures-clerk.house.gov/public_disc/ptr-pdfs/2025/20030832.pdf,accepted
20030832,Hon. April McClain Delaney,CDW Corporation - Common Stock,CDW,ST,P,2025-07-09,1001.0,15000.0,"$1,001 - $15,000",,1,https://disclosures-clerk.house.gov/public_disc/ptr-pdfs/2025/20030832.pdf,accepted
20030832,Hon. April McClain Delaney,Markel Group Inc. Common Stock,MKL,ST,P,2025-07-09,1001.0,15000.0,"$1,001 - $15,000",,1,https://disclosures-clerk.house.gov/public_disc/ptr-pdfs/2025/20030832.pdf,accepted
20030832,Hon. April McClain Delaney,Markel Group Inc. Common Stock,MKL,ST,P,2025-07-25,1001.0,15000.0,"$1,001 - $15,000",,1,https://disclosures-clerk.house.gov/public_disc/ptr-pdfs/2025/20030832.pdf,accepted
20030832,Hon. April McClain Delaney,"Paychex, Inc. - Common Stock",PAYX,ST,P,2025-07-23,1001.0,15000.0,"$1,001 - $15,000",,1,https://disclosures-clerk.house.gov/public_disc/ptr-pdfs/2025/20030832.pdf,accepted
20030832,Hon. April McClain Delaney,PTC Inc. - Common Stock,PTC,ST,P,2025-07-11,1001.0,15000.0,"$1,001 - $15,000",,2,https://disclosures-clerk.house.gov/public_disc/ptr-pdfs/2025/20030832.pdf,accepted
20030839,Hon. Debbie Wasserman Schultz,Ichor Holdings - Ordinary Shares,ICHR,ST,P,2025-08-05,1001.0,15000.0,"$1,001 - $15,000",,1,https://disclosures-clerk.house.gov/public_disc/ptr-pdfs/2025/20030839.pdf,accepted
20030850,Hon. Richard W. Allen,Charles Schwab Corporation,SCHW,ST,P,2025-07-10,15001.0,50000.0,"$15,001 - $50,000",,1,https://disclosures-clerk.house.gov/public_disc/ptr-pdfs/2025/20030850.pdf,accepted
20030860,Hon. Jonathan Jackson,"Amazon.com, Inc. - Common Stock",AMZN,ST,P,2025-03-03,1001.0,15000.0,"$1,001 - $15,000",,1,https://disclosures-clerk.house.gov/public_disc/ptr-pdfs/2025/20030860.pdf,accepted
20030860,Hon. Jonathan Jackson,"Amazon.com, Inc. - Common Stock",AMZN,ST,P,2025-03-24,1001.0,15000.0,"$1,001 - $15,000",,1,https://disclosures-clerk.house.gov/public_disc/ptr-pdfs/2025/20030860.pdf,accepted
20030860,Hon. Jonathan Jackson,"Amazon.com, Inc. - Common Stock",AMZN,ST,P,2025-04-23,1001.0,15000.0,"$1,001 - $15,000",,1,https://disclosures-clerk.house.gov/public_disc/ptr-pdfs/2025/20030860.pdf,accepted
20030860,Hon. Jonathan Jackson,Arm Holdings plc - American Depositary Shares,ARM,ST,P,2025-07-17,1001.0,15000.0,"$1,001 - $15,000",,1,https://disclosures-clerk.house.gov/public_disc/ptr-pdfs/2025/20030860.pdf,accepted
20030860,Hon. Jonathan Jackson,"Church & Dwight Company, Inc. Common Stock",CHD,ST,P,2025-03-03,1001.0,15000.0,"$1,001 - $15,000",,1,https://disclosures-clerk.house.gov/public_disc/ptr-pdfs/2025/20030860.pdf,accepted
20030860,Hon. Jonathan Jackson,"Church & Dwight Company, Inc. Common Stock",CHD,ST,P,2025-03-24,1001.0,15000.0,"$1,001 - $15,000",,1,https://disclosures-clerk.house.gov/public_disc/ptr-pdfs/2025/20030860.pdf,accepted
20030860,Hon. Jonathan Jackson,"Church & Dwight Company, Inc. Common Stock",CHD,ST,P,2025-04-23,1001.0,15000.0,"$1,001 - $15,000",,2,https://disclosures-clerk.house.gov/public_disc/ptr-pdfs/2025/20030860.pdf,accepted
20030860,Hon. Jonathan Jackson,Eli Lilly and Company Common Stock,LLY,ST,P,2025-04-23,1001.0,15000.0,"$1,001 - $15,000",,2,https://disclosures-clerk.house.gov/public_disc/ptr-pdfs/2025/20030860.pdf,accepted
20030860,Hon. Jonathan Jackson,Fomento Economico Mexicano S.A.B. de C.V. Common Stock,FMX,ST,P,2025-05-21,1001.0,15000.0,"$1,001 - $15,000",,2,https://disclosures-clerk.house.gov/public_disc/ptr-pdfs/2025/20030860.pdf,accepted
20030860,Hon. Jonathan Jackson,"Goldman Sachs Group, Inc.",GS,ST,P,2025-03-03,1001.0,15000.0,"$1,001 - $15,000",,2,https://disclosures-clerk.house.gov/public_disc/ptr-pdfs/2025/20030860.pdf,accepted
20030860,Hon. Jonathan Jackson,"Goldman Sachs Group, Inc.",GS,ST,P,2025-03-24,1001.0,15000.0,"$1,001 - $15,000",,2,https://disclosures-clerk.house.gov/public_disc/ptr-pdfs/2025/20030860.pdf,accepted
20030860,Hon. Jonathan Jackson,International Business Machines,IBM,ST,P,2025-05-21,1001.0,15000.0,"$1,001 - $15,000",,2,https://disclosures-clerk.house.gov/public_disc/ptr-pdfs/2025/20030860.pdf,accepted
20030860,Hon. Jonathan Jackson,KKR & Co. Inc. Common Stock,KKR,ST,P,2025-03-03,1001.0,15000.0,"$1,001 - $15,000",,3,https://disclosures-clerk.house.gov/public_disc/ptr-pdfs/2025/20030860.pdf,accepted
20030860,Hon. Jonathan Jackson,KKR & Co. Inc. Common Stock,KKR,ST,P,2025-03-24,1001.0,15000.0,"$1,001 - $15,000",,3,https://disclosures-clerk.house.gov/public_disc/ptr-pdfs/2025/20030860.pdf,accepted
20030860,Hon. Jonathan Jackson,McKesson Corporation Common Stock,MCK,ST,P,2025-03-03,1001.0,15000.0,"$1,001 - $15,000",,3,https://disclosures-clerk.house.gov/public_disc/ptr-pdfs/2025/20030860.pdf,accepted
20030860,Hon. Jonathan Jackson,McKesson Corporation Common Stock,MCK,ST,P,2025-03-24,1001.0,15000.0,"$1,001 - $15,000",,3,https://disclosures-clerk.house.gov/public_disc/ptr-pdfs/2025/20030860.pdf,accepted
20030860,Hon. Jonathan Jackson,McKesson Corporation Common Stock,MCK,ST,P,2025-04-23,1001.0,15000.0,"$1,001 - $15,000",,3,https://disclosures-clerk.house.gov/public_disc/ptr-pdfs/2025/20030860.pdf,accepted
20030860,Hon. Jonathan Jackson,"Meta Platforms, Inc. - Class A Common Stock",META,ST,P,2025-03-03,1001.0,15000.0,"$1,001 - $15,000",,3,https://disclosures-clerk.house.gov/public_disc/ptr-pdfs/2025/20030860.pdf,accepted
20030860,Hon. Jonathan Jackson,"Meta Platforms, Inc. - Class A Common Stock",META,ST,P,2025-03-24,1001.0,15000.0,"$1,001 - $15,000",,3,https://disclosures-clerk.house.gov/public_disc/ptr-pdfs/2025/20030860.pdf,accepted
20030860,Hon. Jonathan Jackson,"Meta Platforms, Inc. - Class A Common Stock",META,ST,P,2025-04-23,1001.0,15000.0,"$1,001 - $15,000",,4,https://disclosures-clerk.house.gov/public_disc/ptr-pdfs/2025/20030860.pdf,accepted
20030860,Hon. Jonathan Jackson,"Palo Alto Networks, Inc.",PANW,ST,P,2025-03-03,1001.0,15000.0,"$1,001 - $15,000",,4,https://disclosures-clerk.house.gov/public_disc/ptr-pdfs/2025/20030860.pdf,accepted
20030860,Hon. Jonathan Jackson,"T-Mobile US, Inc.",TMUS,ST,P,2025-03-03,1001.0,15000.0,"$1,001 - $15,000",,4,https://disclosures-clerk.house.gov/public_disc/ptr-pdfs/2025/20030860.pdf,accepted
20030860,Hon. Jonathan Jackson,"T-Mobile US, Inc.",TMUS,ST,P,2025-03-24,1001.0,15000.0,"$1,001 - $15,000",,4,https://disclosures-clerk.house.gov/public_disc/ptr-pdfs/2025/20030860.pdf,accepted
20030860,Hon. Jonathan Jackson,"T-Mobile US, Inc.",TMUS,ST,P,2025-04-23,1001.0,15000.0,"$1,001 - $15,000",,4,https://disclosures-clerk.house.gov/public_disc/ptr-pdfs/2025/20030860.pdf,accepted
20030860,Hon. Jonathan Jackson,"Williams Companies, Inc.",WMB,ST,P,2025-03-17,1001.0,15000.0,"$1,001 - $15,000",,4,https://disclosures-clerk.house.gov/public_disc/ptr-pdfs/2025/20030860.pdf,accepted
20030860,Hon. Jonathan Jackson,"Williams Companies, Inc.",WMB,ST,P,2025-03-24,1001.0,15000.0,"$1,001 - $15,000",,4,https://disclosures-clerk.house.gov/public_disc/ptr-pdfs/2025/20030860.pdf,accepted
20030891,Hon. Lisa McClain,Abbott Laboratories Common Stock,ABT,ST,P,2025-06-24,1001.0,15000.0,"$1,001 - $15,000",,1,https://disclosures-clerk.house.gov/public_disc/ptr-pdfs/2025/20030891.pdf,accepted
20030891,Hon. Lisa McClain,AbbVie Inc. Common Stock,ABBV,ST,P,2025-06-17,1001.0,15000.0,"$1,001 - $15,000",,1,https://disclosures-clerk.house.gov/public_disc/ptr-pdfs/2025/20030891.pdf,accepted
20030891,Hon. Lisa McClain,AbbVie Inc. Common Stock,ABBV,ST,P,2025-07-22,1001.0,15000.0,"$1,001 - $15,000",,1,https://disclosures-clerk.house.gov/public_disc/ptr-pdfs/2025/20030891.pdf,accepted
20030891,Hon. Lisa McClain,Accenture plc Class A Ordinary Shares,ACN,ST,P,2025-06-24,1001.0,15000.0,"$1,001 - $15,000",,2,https://disclosures-clerk.house.gov/public_disc/ptr-pdfs/2025/20030891.pdf,accepted
20030891,Hon. Lisa McClain,Adobe Inc. - Common Stock,ADBE,ST,P,2025-06-23,1001.0,15000.0,"$1,001 - $15,000",,2,https://disclosures-clerk.house.gov/public_disc/ptr-pdfs/2025/20030891.pdf,accepted
20030891,Hon. Lisa McClain,"Advanced Drainage Systems, Inc. Common Stock",WMS,ST,P,2025-06-17,1001.0,15000.0,"$1,001 - $15,000",,2,https://disclosures-clerk.house.gov/public_disc/ptr-pdfs/2025/20030891.pdf,accepted
20030891,Hon. Lisa McClain,"Advanced Micro Devices, Inc.",AMD,ST,P,2025-06-17,1001.0,15000.0,"$1,001 - $15,000",,2,https://disclosures-clerk.house.gov/public_disc/ptr-pdfs/2025/20030891.pdf,accepted
20030891,Hon. Lisa McClain,AGCO Corporation Common Stock,AGCO,ST,P,2025-06-11,1001.0,15000.0,"$1,001 - $15,000",,3,https://disclosures-clerk.house.gov/public_disc/ptr-pdfs/2025/20030891.pdf,accepted
20030891,Hon. Lisa McClain,"Agilent Technologies, Inc. Common Stock",A,ST,P,2025-06-17,1001.0,15000.0,"$1,001 - $15,000",,3,https://disclosures-clerk.house.gov/public_disc/ptr-pdfs/2025/20030891.pdf,accepted
20030891,Hon. Lisa McClain,Agree Realty Corporation Common Stock,ADC,ST,P,2025-06-11,1001.0,15000.0,"$1,001 - $15,000",,3,https://disclosures-clerk.house.gov/public_disc/ptr-pdfs/2025/20030891.pdf,accepted
20030891,Hon. Lisa McClain,"Alaska Air Group, Inc. Common Stock",ALK,ST,P,2025-06-11,1001.0,15000.0,"$1,001 - $15,000",,3,https://disclosures-clerk.house.gov/public_disc/ptr-pdfs/2025/20030891.pdf,accepted
20030891,Hon. Lisa McClain,"Albertsons Companies, Inc. Class A Common Stock",ACI,ST,P,2025-07-16,1001.0,15000.0,"$1,001 - $15,000",,4,https://disclosures-clerk.house.gov/public_disc/ptr-pdfs/2025/20030891.pdf,accepted
20030891,Hon. Lisa McClain,"Alexander & Baldwin, Inc. Common Stock REIT Holding Company",ALEX,ST,P,2025-07-16,1001.0,15000.0,"$1,001 - $15,000",,4,https://disclosures-clerk.house.gov/public_disc/ptr-pdfs/2025/20030891.pdf,accepted
20030891,Hon. Lisa McClain,Alibaba Group Holding Limited American Depositary Shares each representing eight Ordinary share,BABA,ST,P,2025-07-22,1001.0,15000.0,"$1,001 - $15,000",,4,https://disclosures-clerk.house.gov/public_disc/ptr-pdfs/2025/20030891.pdf,accepted
20030891,Hon. Lisa McClain,Alibaba Group Holding Limited American Depositary Shares each representing eight Ordinary share,BABA,ST,P,2025-06-09,1001.0,15000.0,"$1,001 - $15,000",,4,https://disclosures-clerk.house.gov/public_disc/ptr-pdfs/2025/20030891.pdf,accepted
20030891,Hon. Lisa McClain,Allegion plc Ordinary Shares,ALLE,ST,P,2025-06-17,1001.0,15000.0,"$1,001 - $15,000",,4,https://disclosures-clerk.house.gov/public_disc/ptr-pdfs/2025/20030891.pdf,accepted
20030891,Hon. Lisa McClain,Alphabet Inc. - Class A Common Stock,GOOGL,ST,P,2025-06-24,1001.0,15000.0,"$1,001 - $15,000",,4,https://disclosures-clerk.house.gov/public_disc/ptr-pdfs/2025/20030891.pdf,accepted
20030891,Hon. Lisa McClain,Alphabet Inc. - Class C Capital Stock,GOOG,ST,P,2025-06-09,1001.0,15000.0,"$1,001 - $15,000",,5,https://disclosures-clerk.house.gov/public_disc/ptr-pdfs/2025/20030891.pdf,accepted
20030891,Hon. Lisa McClain,Alphabet Inc. - Class C Capital Stock,GOOG,ST,P,2025-06-11,1001.0,15000.0,"$1,001 - $15,000",,5,https://disclosures-clerk.house.gov/public_disc/ptr-pdfs/2025/20030891.pdf,accepted
20030891,Hon. Lisa McClain,"Amazon.com, Inc. - Common Stock",AMZN,ST,P,2025-06-17,1001.0,15000.0,"$1,001 - $15,000",,5,https://disclosures-clerk.house.gov/public_disc/ptr-pdfs/2025/20030891.pdf,accepted
20030891,Hon. Lisa McClain,"Amazon.com, Inc. - Common Stock",AMZN,ST,P,2025-06-09,1001.0,15000.0,"$1,001 - $15,000",,5,https://disclosures-clerk.house.gov/public_disc/ptr-pdfs/2025/20030891.pdf,accepted
20030891,Hon. Lisa McClain,Amedisys Inc - Common Stock,AMED,ST,P,2025-06-09,1001.0,15000.0,"$1,001 - $15,000",,5,https://disclosures-clerk.house.gov/public_disc/ptr-pdfs/2025/20030891.pdf,accepted
20030891,Hon. Lisa McClain,"American Airlines Group, Inc. - Common Stock",AAL,ST,P,2025-06-09,1001.0,15000.0,"$1,001 - $15,000",,6,https://disclosures-clerk.house.gov/public_disc/ptr-pdfs/2025/20030891.pdf,accepted
20030891,Hon. Lisa McClain,American Express Company Common Stock,AXP,ST,P,2025-06-17,1001.0,15000.0,"$1,001 - $15,000",,6,https://disclosures-clerk.house.gov/public_disc/ptr-pdfs/2025/20030891.pdf,accepted
20030891,Hon. Lisa McClain,"American International Group, Inc. New Common Stock",AIG,ST,P,2025-06-17,1001.0,15000.0,"$1,001 - $15,000",,6,https://disclosures-clerk.house.gov/public_disc/ptr-pdfs/2025/20030891.pdf,accepted
20030891,Hon. Lisa McClain,Amgen Inc. - Common Stock,AMGN,ST,P,2025-06-24,1001.0,15000.0,"$1,001 - $15,000",,6,https://disclosures-clerk.house.gov/public_disc/ptr-pdfs/2025/20030891.pdf,accepted
20030891,Hon. Lisa McClain,Anheuser-Busch Inbev SA Sponsored ADR,BUD,ST,P,2025-06-09,1001.0,15000.0,"$1,001 - $15,000",,6,https://disclosures-clerk.house.gov/public_disc/ptr-pdfs/2025/20030891.pdf,accepted
20030891,Hon. Lisa McClain,Anheuser-Busch Inbev SA Sponsored ADR,BUD,ST,P,2025-07-16,1001.0,15000.0,"$1,001 - $15,000",,6,https://disclosures-clerk.house.gov/public_disc/ptr-pdfs/2025/20030891.pdf,accepted
20030891,Hon. Lisa McClain,Antero Resources Corporation Common Stock,AR,ST,P,2025-07-10,1001.0,15000.0,"$1,001 - $15,000",,7,https://disclosures-clerk.house.gov/public_disc/ptr-pdfs/2025/20030891.pdf,accepted
20030891,Hon. Lisa McClain,Apple Inc. - Common Stock,AAPL,ST,P,2025-06-09,1001.0,15000.0,"$1,001 - $15,000",,7,https://disclosures-clerk.house.gov/public_disc/ptr-pdfs/2025/20030891.pdf,accepted
20030891,Hon. Lisa McClain,Apple Inc. - Common Stock,AAPL,ST,P,2025-06-17,1001.0,15000.0,"$1,001 - $15,000",,7,https://disclosures-clerk.house.gov/public_disc/ptr-pdfs/2025/20030891.pdf,accepted
20030891,Hon. Lisa McClain,"Applied Materials, Inc. - Common Stock",AMAT,ST,P,2025-07-22,1001.0,15000.0,"$1,001 - $15,000",,7,https://disclosures-clerk.house.gov/public_disc/ptr-pdfs/2025/20030891.pdf,accepted
20030891,Hon. Lisa McClain,"AptarGroup, Inc. Common Stock",ATR,ST,P,2025-06-24,1001.0,15000.0,"$1,001 - $15,000",,7,https://disclosures-clerk.house.gov/public_disc/ptr-pdfs/2025/20030891.pdf,accepted
20030891,Hon. Lisa McClain,Aramark Common Stock,ARMK,ST,P,2025-06-11,1001.0,15000.0,"$1,001 - $15,000",,8,https://disclosures-clerk.house.gov/public_disc/ptr-pdfs/2025/20030891.pdf,accepted
20030891,Hon. Lisa McClain,Arcelor Mittal NY Registry Shares NEW,MT,ST,P,2025-06-24,1001.0,15000.0,"$1,001 - $15,000",,8,https://disclosures-clerk.house.gov/public_disc/ptr-pdfs/2025/20030891.pdf,accepted
20030891,Hon. Lisa McClain,Armstrong World Industries Inc Common Stock,AWI,ST,P,2025-06-11,1001.0,15000.0,"$1,001 - $15,000",,8,https://disclosures-clerk.house.gov/public_disc/ptr-pdfs/2025/20030891.pdf,accepted
20030891,Hon. Lisa McClain,ASML Holding N.V. - New York Registry Shares,ASML,ST,P,2025-06-09,1001.0,15000.0,"$1,001 - $15,000",,9,https://disclosures-clerk.house.gov/public_disc/ptr-pdfs/2025/20030891.pdf,accepted
20030891,Hon. Lisa McClain,ASML Holding N.V. - New York Registry Shares,ASML,ST,P,2025-06-17,1001.0,15000.0,"$1,001 - $15,000",,9,https://disclosures-clerk.house.gov/public_disc/ptr-pdfs/2025/20030891.pdf,accepted
20030891,Hon. Lisa McClain,AstraZeneca PLC - American Depositary Shares,AZN,ST,P,2025-06-09,1001.0,15000.0,"$1,001 - $15,000",,9,https://disclosures-clerk.house.gov/public_disc/ptr-pdfs/2025/20030891.pdf,accepted
20030891,Hon. Lisa McClain,AstraZeneca PLC - American Depositary Shares,AZN,ST,P,2025-07-22,1001.0,15000.0,"$1,001 - $15,000",,9,https://disclosures-clerk.house.gov/public_disc/ptr-pdfs/2025/20030891.pdf,accepted
20030891,Hon. Lisa McClain,AT&T Inc.,T,ST,P,2025-06-17,1001.0,15000.0,"$1,001 - $15,000",,9,https://disclosures-clerk.house.gov/public_disc/ptr-pdfs/2025/20030891.pdf,accepted
20030891,Hon. Lisa McClain,"Autodesk, Inc. - Common Stock",ADSK,ST,P,2025-06-17,1001.0,15000.0,"$1,001 - $15,000",,9,https://disclosures-clerk.house.gov/public_disc/ptr-pdfs/2025/20030891.pdf,accepted
20030891,Hon. Lisa McClain,"Autoliv, Inc. Common Stock",ALV,ST,P,2025-07-22,1001.0,15000.0,"$1,001 - $15,000",,10,https://disclosures-clerk.house.gov/public_disc/ptr-pdfs/2025/20030891.pdf,accepted
20030891,Hon. Lisa McClain,"Automatic Data Processing, Inc. - Common Stock",ADP,ST,P,2025-07-10,1001.0,15000.0,"$1,001 - $15,000",,10,https://disclosures-clerk.house.gov/public_disc/ptr-pdfs/2025/20030891.pdf,accepted
20030891,Hon. Lisa McClain,"Avantor, Inc. Common Stock",AVTR,ST,P,2025-06-11,1001.0,15000.0,"$1,001 - $15,000",,10,https://disclosures-clerk.house.gov/public_disc/ptr-pdfs/2025/20030891.pdf,accepted
20030891,Hon. Lisa McClain,Avient Corporation Common Stock,AVNT,ST,P,2025-06-11,1001.0,15000.0,"$1,001 - $15,000",,10,https://disclosures-clerk.house.gov/public_disc/ptr-pdfs/2025/20030891.pdf,accepted
20030891,Hon. Lisa McClain,Bank of America Corporation Common Stock,BAC,ST,P,2025-06-17,1001.0,15000.0,"$1,001 - $15,000",,11,https://disclosures-clerk.house.gov/public_disc/ptr-pdfs/2025/20030891.pdf,accepted
20030891,Hon. Lisa McClain,Barclays PLC Common Stock,BCS,ST,P,2025-06-17,1001.0,15000.0,"$1,001 - $15,000",,11,https://disclosures-clerk.house.gov/public_disc/ptr-pdfs/2025/20030891.pdf,accepted
20030891,Hon. Lisa McClain,Baxter International Inc. Common Stock,BAX,ST,P,2025-07-22,1001.0,15000.0,"$1,001 - $15,000",,11,https://disclosures-clerk.house.gov/public_disc/ptr-pdfs/2025/20030891.pdf,accepted
20030891,Hon. Lisa McClain,"Becton, Dickinson and Company Common Stock",BDX,ST,P,2025-06-17,1001.0,15000.0,"$1,001 - $15,000",,11,https://disclosures-clerk.house.gov/public_disc/ptr-pdfs/2025/20030891.pdf,accepted
20030891,Hon. Lisa McClain,Berkshire Hathaway Inc. New,BRK.B,ST,P,2025-06-09,1001.0,15000.0,"$1,001 - $15,000",,11,https://disclosures-clerk.house.gov/public_disc/ptr-pdfs/2025/20030891.pdf,accepted
20030891,Hon. Lisa McClain,Berkshire Hathaway Inc. New Common Stock,BRK.B,ST,P,2025-07-16,1001.0,15000.0,"$1,001 - $15,000",,12,https://disclosures-clerk.house.gov/public_disc/ptr-pdfs/2025/20030891.pdf,accepted
20030891,Hon. Lisa McClain,BHP Group Limited American Depositary Shares,BHP,ST,P,2025-07-22,1001.0,15000.0,"$1,001 - $15,000",,12,https://disclosures-clerk.house.gov/public_disc/ptr-pdfs/2025/20030891.pdf,accepted
20030891,Hon. Lisa McClain,BHP Group Limited American Depositary Shares,BHP,ST,P,2025-06-11,1001.0,15000.0,"$1,001 - $15,000",,12,https://disclosures-clerk.house.gov/public_disc/ptr-pdfs/2025/20030891.pdf,accepted
20030891,Hon. Lisa McClain,"BILL Holdings, Inc. Common Stock",BILL,ST,P,2025-06-17,1001.0,15000.0,"$1,001 - $15,000",,12,https://disclosures-clerk.house.gov/public_disc/ptr-pdfs/2025/20030891.pdf,accepted
20030891,Hon. Lisa McClain,"BJ's Wholesale Club Holdings, Inc. Common Stock",BJ,ST,P,2025-06-11,1001.0,15000.0,"$1,001 - $15,000",,12,https://disclosures-clerk.house.gov/public_disc/ptr-pdfs/2025/20030891.pdf,accepted
20030891,Hon. Lisa McClain,Black Hills Corporation Common,BKH,ST,P,2025-06-11,1001.0,15000.0,"$1,001 - $15,000",,12,https://disclosures-clerk.house.gov/public_disc/ptr-pdfs/2025/20030891.pdf,accepted
20030891,Hon. Lisa McClain,"BlackRock, Inc. Common Stock",BLK,ST,P,2025-07-16,1001.0,15000.0,"$1,001 - $15,000",,13,https://disclosures-clerk.house.gov/public_disc/ptr-pdfs/2025/20030891.pdf,accepted
20030891,Hon. Lisa McClain,BP p.l.c. Common Stock,BP,ST,P,2025-06-24,1001.0,15000.0,"$1,001 - $15,000",,13,https://disclosures-clerk.house.gov/public_disc/ptr-pdfs/2025/20030891.pdf,accepted
20030891,Hon. Lisa McClain,Brinks Company,BCO,ST,P,2025-06-11,1001.0,15000.0,"$1,001 - $15,000",,13,https://disclosures-clerk.house.gov/public_disc/ptr-pdfs/2025/20030891.pdf,accepted
20030891,Hon. Lisa McClain,"British American Tobacco Industries, p.l.c. Common Stock ADR",BTI,ST,P,2025-06-17,1001.0,15000.0,"$1,001 - $15,000",,13,https://disclosures-clerk.house.gov/public_disc/ptr-pdfs/2025/20030891.pdf,accepted
20030891,Hon. Lisa McClain,Broadcom Inc. - Common Stock,AVGO,ST,P,2025-06-17,1001.0,15000.0,"$1,001 - $15,000",,13,https://disclosures-clerk.house.gov/public_disc/ptr-pdfs/2025/20030891.pdf,accepted
20030891,Hon. Lisa McClain,Broadcom Inc. - Common Stock,AVGO,ST,P,2025-06-11,1001.0,15000.0,"$1,001 - $15,000",,14,https://disclosures-clerk.house.gov/public_disc/ptr-pdfs/2025/20030891.pdf,accepted
20030891,Hon. Lisa McClain,Broadcom Inc. - Common Stock,AVGO,ST,P,2025-01-22,1001.0,15000.0,"$1,001 - $15,000",,14,https://disclosures-clerk.house.gov/public_disc/ptr-pdfs/2025/20030891.pdf,accepted
20030891,Hon. Lisa McClain,"Broadridge Financial Solutions, Inc. Common Stock",BR,ST,P,2025-06-17,1001.0,15000.0,"$1,001 - $15,000",,14,https://disclosures-clerk.house.gov/public_disc/ptr-pdfs/2025/20030891.pdf,accepted
20030891,Hon. Lisa McClain,"Brookline Bancorp, Inc. - Common Stock",BRKL,ST,P,2025-06-09,1001.0,15000.0,"$1,001 - $15,000",,14,https://disclosures-clerk.house.gov/public_disc/ptr-pdfs/2025/20030891.pdf,accepted
20030891,Hon. Lisa McClain,Brown Forman Inc Class B Common Stock,BF.B,ST,P,2025-06-11,1001.0,15000.0,"$1,001 - $15,000",,14,https://disclosures-clerk.house.gov/public_disc/ptr-pdfs/2025/20030891.pdf,accepted
20030891,Hon. Lisa McClain,Brunswick Corporation Common Stock,BC,ST,P,2025-06-11,1001.0,15000.0,"$1,001 - $15,000",,15,https://disclosures-clerk.house.gov/public_disc/ptr-pdfs/2025/20030891.pdf,accepted
20030891,Hon. Lisa McClain,"Burlington Stores, Inc. Common Stock",BURL,ST,P,2025-06-11,1001.0,15000.0,"$1,001 - $15,000",,15,https://disclosures-clerk.house.gov/public_disc/ptr-pdfs/2025/20030891.pdf,accepted
20030891,Hon. Lisa McClain,"BWX Technologies, Inc. Common Stock",BWXT,ST,P,2025-06-11,1001.0,15000.0,"$1,001 - $15,000",,15,https://disclosures-clerk.house.gov/public_disc/ptr-pdfs/2025/20030891.pdf,accepted
20030891,Hon. Lisa McClain,Capri Holdings Limited Ordinary Shares,CPRI,ST,P,2025-06-11,1001.0,15000.0,"$1,001 - $15,000",,15,https://disclosures-clerk.house.gov/public_disc/ptr-pdfs/2025/20030891.pdf,accepted
20030891,Hon. Lisa McClain,Carlisle Companies Incorporated Common Stock,CSL,ST,P,2025-06-17,1001.0,15000.0,"$1,001 - $15,000",,15,https://disclosures-clerk.house.gov/public_disc/ptr-pdfs/2025/20030891.pdf,accepted
20030891,Hon. Lisa McClain,"Caseys General Stores, Inc. - Common Stock",CASY,ST,P,2025-06-11,1001.0,15000.0,"$1,001 - $15,000",,16,https://disclosures-clerk.house.gov/public_disc/ptr-pdfs/2025/20030891.pdf,accepted
20030891,Hon. Lisa McClain,ChampionX Corporation,CHX,ST,P,2025-06-11,1001.0,15000.0,"$1,001 - $15,000",,16,https://disclosures-clerk.house.gov/public_disc/ptr-pdfs/2025/20030891.pdf,accepted
20030891,Hon. Lisa McClain,Charles Schwab Corporation,SCHW,ST,P,2025-07-10,1001.0,15000.0,"$1,001 - $15,000",,16,https://disclosures-clerk.house.gov/public_disc/ptr-pdfs/2025/20030891.pdf,accepted
20030891,Hon. Lisa McClain,Chemed Corp,CHE,ST,P,2025-06-24,1001.0,15000.0,"$1,001 - $15,000",,16,https://disclosures-clerk.house.gov/public_disc/ptr-pdfs/2025/20030891.pdf,accepted
20030891,Hon. Lisa McClain,Chevron Corporation Common Stock,CVX,ST,P,2025-06-17,1001.0,15000.0,"$1,001 - $15,000",,16,https://disclosures-clerk.house.gov/public_disc/ptr-pdfs/2025/20030891.pdf,accepted
20030891,Hon. Lisa McClain,Chord Energy Corporation - Common Stock,CHRD,ST,P,2025-06-24,1001.0,15000.0,"$1,001 - $15,000",,17,https://disclosures-clerk.house.gov/public_disc/ptr-pdfs/2025/20030891.pdf,accepted
20030891,Hon. Lisa McClain,"Church & Dwight Company, Inc. Common Stock",CHD,ST,P,2025-06-17,1001.0,15000.0,"$1,001 - $15,000",,17,https://disclosures-clerk.house.gov/public_disc/ptr-pdfs/2025/20030891.pdf,accepted
20030891,Hon. Lisa McClain,Ciena Corporation,CIEN,ST,P,2025-06-17,1001.0,15000.0,"$1,001 - $15,000",,17,https://disclosures-clerk.house.gov/public_disc/ptr-pdfs/2025/20030891.pdf,accepted
20030891,Hon. Lisa McClain,"Cisco Systems, Inc. - Common Stock",CSCO,ST,P,2025-07-22,1001.0,15000.0,"$1,001 - $15,000",,17,https://disclosures-clerk.house.gov/public_disc/ptr-pdfs/2025/20030891.pdf,accepted
20030891,Hon. Lisa McClain,Clorox Company,CLX,ST,P,2025-06-24,1001.0,15000.0,"$1,001 - $15,000",,17,https://disclosures-clerk.house.gov/public_disc/ptr-pdfs/2025/20030891.pdf,accepted
20030891,Hon. Lisa McClain,CNH Industrial N.V. Common Shares,CNH,ST,P,2025-06-17,1001.0,15000.0,"$1,001 - $15,000",,17,https://disclosures-clerk.house.gov/public_disc/ptr-pdfs/2025/20030891.pdf,accepted
20030891,Hon. Lisa McClain,CNH Industrial N.V. Common Shares,CNH,ST,P,2025-07-22,1001.0,15000.0,"$1,001 - $15,000",,18,https://disclosures-clerk.house.gov/public_disc/ptr-pdfs/2025/20030891.pdf,accepted
20030891,Hon. Lisa McClain,"CNO Financial Group, Inc. Common Stock",CNO,ST,P,2025-06-09,1001.0,15000.0,"$1,001 - $15,000",,18,https://disclosures-clerk.house.gov/public_disc/ptr-pdfs/2025/20030891.pdf,accepted
20030891,Hon. Lisa McClain,Coca-Cola Company,KO,ST,P,2025-06-24,1001.0,15000.0,"$1,001 - $15,000",,18,https://disclosures-clerk.house.gov/public_disc/ptr-pdfs/2025/20030891.pdf,accepted
20030891,Hon. Lisa McClain,Cognizant Technology Solutions Corporation - Class A Common Stock,CTSH,ST,P,2025-07-10,1001.0,15000.0,"$1,001 - $15,000",,18,https://disclosures-clerk.house.gov/public_disc/ptr-pdfs/2025/20030891.pdf,accepted
20030891,Hon. Lisa McClain,Coherent Corp.,COHR,ST,P,2025-06-17,1001.0,15000.0,"$1,001 - $15,000",,18,https://disclosures-clerk.house.gov/public_disc/ptr-pdfs/2025/20030891.pdf,accepted
20030891,Hon. Lisa McClain,Colgate-Palmolive Company Common Stock,CL,ST,P,2025-06-17,1001.0,15000.0,"$1,001 - $15,000",,19,https://disclosures-clerk.house.gov/public_disc/ptr-pdfs/2025/20030891.pdf,accepted
20030891,Hon. Lisa McClain,"Community Financial System, Inc. Common Stock",CBU,ST,P,2025-06-11,1001.0,15000.0,"$1,001 - $15,000",,19,https://disclosures-clerk.house.gov/public_disc/ptr-pdfs/2025/20030891.pdf,accepted
20030891,Hon. Lisa McClain,"ConAgra Brands, Inc. Common Stock",CAG,ST,P,2025-07-22,1001.0,15000.0,"$1,001 - $15,000",,19,https://disclosures-clerk.house.gov/public_disc/ptr-pdfs/2025/20030891.pdf,accepted
20030891,Hon. Lisa McClain,ConocoPhillips Common Stock,COP,ST,P,2025-06-24,1001.0,15000.0,"$1,001 - $15,000",,19,https://disclosures-clerk.house.gov/public_disc/ptr-pdfs/2025/20030891.pdf,accepted
20030891,Hon. Lisa McClain,"Constellation Brands, Inc. Common Stock",STZ,ST,P,2025-06-17,1001.0,15000.0,"$1,001 - $15,000",,19,https://disclosures-clerk.house.gov/public_disc/ptr-pdfs/2025/20030891.pdf,accepted
20030891,Hon. Lisa McClain,COPT Defense Properties Common Shares of Beneficial Interest,CDP,ST,P,2025-06-11,1001.0,15000.0,"$1,001 - $15,000",,19,https://disclosures-clerk.house.gov/public_disc/ptr-pdfs/2025/20030891.pdf,accepted
20030891,Hon. Lisa McClain,"Core & Main, Inc. Class A Common Stock",CNM,ST,P,2025-06-11,1001.0,15000.0,"$1,001 - $15,000",,20,https://disclosures-clerk.house.gov/public_disc/ptr-pdfs/2025/20030891.pdf,accepted
20030891,Hon. Lisa McClain,Costco Wholesale Corporation - Common Stock,COST,ST,P,2025-06-17,1001.0,15000.0,"$1,001 - $15,000",,20,https://disclosures-clerk.house.gov/public_disc/ptr-pdfs/2025/20030891.pdf,accepted
20030891,Hon. Lisa McClain,Coterra Energy Inc. Common Stock,CTRA,ST,P,2025-06-17,1001.0,15000.0,"$1,001 - $15,000",,20,https://disclosures-clerk.house.gov/public_disc/ptr-pdfs/2025/20030891.pdf,accepted
20030891,Hon. Lisa McClain,Cousins Properties Incorporated Common Stock,CUZ,ST,P,2025-07-10,1001.0,15000.0,"$1,001 - $15,000",,20,https://disclosures-clerk.house.gov/public_disc/ptr-pdfs/2025/20030891.pdf,accepted
20030891,Hon. Lisa McClain,Crescent Energy Company Class A Common Stock,CRGY,ST,P,2025-06-09,1001.0,15000.0,"$1,001 - $15,000",,21,https://disclosures-clerk.house.gov/public_disc/ptr-pdfs/2025/20030891.pdf,accepted
20030891,Hon. Lisa McClain,"CrowdStrike Holdings, Inc. - Class A Common Stock",CRWD,ST,P,2025-07-16,1001.0,15000.0,"$1,001 - $15,000",,21,https://disclosures-clerk.house.gov/public_disc/ptr-pdfs/2025/20030891.pdf,accepted
20030891,Hon. Lisa McClain,Cummins Inc. Common Stock,CMI,ST,P,2025-06-24,1001.0,15000.0,"$1,001 - $15,000",,21,https://disclosures-clerk.house.gov/public_disc/ptr-pdfs/2025/20030891.pdf,accepted
20030891,Hon. Lisa McClain,Curtiss-Wright Corporation Common Stock,CW,ST,P,2025-07-10,1001.0,15000.0,"$1,001 - $15,000",,21,https://disclosures-clerk.house.gov/public_disc/ptr-pdfs/2025/20030891.pdf,accepted
20030891,Hon. Lisa McClain,"Cytokinetics, Incorporated - Common Stock",CYTK,ST,P,2025-06-11,1001.0,15000.0,"$1,001 - $15,000",,21,https://disclosures-clerk.house.gov/public_disc/ptr-pdfs/2025/20030891.pdf,accepted
20030891,Hon. Lisa McClain,"D.R. Horton, Inc. Common Stock",DHI,ST,P,2025-06-17,1001.0,15000.0,"$1,001 - $15,000",,21,https://disclosures-clerk.house.gov/public_disc/ptr-pdfs/2025/20030891.pdf,accepted
20030891,Hon. Lisa McClain,Danaher Corporation Common Stock,DHR,ST,P,2025-07-22,1001.0,15000.0,"$1,001 - $15,000",,22,https://disclosures-clerk.house.gov/public_disc/ptr-pdfs/2025/20030891.pdf,accepted
20030891,Hon. Lisa McClain,"Darden Restaurants, Inc. Common Stock",DRI,ST,P,2025-07-16,1001.0,15000.0,"$1,001 - $15,000",,22,https://disclosures-clerk.house.gov/public_disc/ptr-pdfs/2025/20030891.pdf,accepted
20030891,Hon. Lisa McClain,DBA Sempra Common Stock,SRE,ST,P,2025-06-17,1001.0,15000.0,"$1,001 - $15,000",,22,https://disclosures-clerk.house.gov/public_disc/ptr-pdfs/2025/20030891.pdf,accepted
20030891,Hon. Lisa McClain,Deere & Company Common Stock,DE,ST,P,2025-06-24,1001.0,15000.0,"$1,001 - $15,000",,22,https://disclosures-clerk.house.gov/public_disc/ptr-pdfs/2025/20030891.pdf,accepted
20030891,Hon. Lisa McClain,Dell Technologies Inc. Class C Common Stock,DELL,ST,P,2025-01-15,1001.0,15000.0,"$1,001 - $15,000",,22,https://disclosures-clerk.house.gov/public_disc/ptr-pdfs/2025/20030891.pdf,accepted
20030891,Hon. Lisa McClain,"Delta Air Lines, Inc. Common Stock",DAL,ST,P,2025-06-17,1001.0,15000.0,"$1,001 - $15,000",,22,https://disclosures-clerk.house.gov/public_disc/ptr-pdfs/2025/20030891.pdf,accepted
20030891,Hon. Lisa McClain,Diageo plc Common Stock,DEO,ST,P,2025-06-24,1001.0,15000.0,"$1,001 - $15,000",,23,https://disclosures-clerk.house.gov/public_disc/ptr-pdfs/2025/20030891.pdf,accepted
20030891,Hon. Lisa McClain,"Diamondback Energy, Inc. - Common Stock",FANG,ST,P,2025-06-17,1001.0,15000.0,"$1,001 - $15,000",,23,https://disclosures-clerk.house.gov/public_disc/ptr-pdfs/2025/20030891.pdf,accepted
20030891,Hon. Lisa McClain,Dick's Sporting Goods Inc Common Stock,DKS,ST,P,2025-06-17,1001.0,15000.0,"$1,001 - $15,000",,23,https://disclosures-clerk.house.gov/public_disc/ptr-pdfs/2025/20030891.pdf,accepted
20030891,Hon. Lisa McClain,"DocuSign, Inc. - Common Stock",DOCU,ST,P,2025-06-17,1001.0,15000.0,"$1,001 - $15,000",,23,https://disclosures-clerk.house.gov/public_disc/ptr-pdfs/2025/20030891.pdf,accepted
20030891,Hon. Lisa McClain,Dolby Laboratories Common Stock,DLB,ST,P,2025-06-24,1001.0,15000.0,"$1,001 - $15,000",,23,https://disclosures-clerk.house.gov/public_disc/ptr-pdfs/2025/20030891.pdf,accepted
20030891,Hon. Lisa McClain,Dollar General Corporation Common Stock,DG,ST,P,2025-06-09,1001.0,15000.0,"$1,001 - $15,000",,23,https://disclosures-clerk.house.gov/public_disc/ptr-pdfs/2025/20030891.pdf,accepted
20030891,Hon. Lisa McClain,Dow Inc. Common Stock,DOW,ST,P,2025-06-24,1001.0,15000.0,"$1,001 - $15,000",,23,https://disclosures-clerk.house.gov/public_disc/ptr-pdfs/2025/20030891.pdf,accepted
20030891,Hon. Lisa McClain,"Dropbox, Inc. - Class A Common Stock",DBX,ST,P,2025-07-22,1001.0,15000.0,"$1,001 - $15,000",,24,https://disclosures-clerk.house.gov/public_disc/ptr-pdfs/2025/20030891.pdf,accepted
20030891,Hon. Lisa McClain,Duke Energy Corporation,DUK,ST,P,2025-06-17,1001.0,15000.0,"$1,001 - $15,000",,24,https://disclosures-clerk.house.gov/public_disc/ptr-pdfs/2025/20030891.pdf,accepted
20030891,Hon. Lisa McClain,"Duolingo, Inc. - Class A Common Stock",DUOL,ST,P,2025-06-17,1001.0,15000.0,"$1,001 - $15,000",,24,https://disclosures-clerk.house.gov/public_disc/ptr-pdfs/2025/20030891.pdf,accepted
20030891,Hon. Lisa McClain,"Dynatrace, Inc. Common Stock",DT,ST,P,2025-06-17,1001.0,15000.0,"$1,001 - $15,000",,24,https://disclosures-clerk.house.gov/public_disc/ptr-pdfs/2025/20030891.pdf,accepted
20030891,Hon. Lisa McClain,"Dynatrace, Inc. Common Stock",DT,ST,P,2025-02-05,1001.0,15000.0,"$1,001 - $15,000",,24,https://disclosures-clerk.house.gov/public_disc/ptr-pdfs/2025/20030891.pdf,accepted
20030891,Hon. Lisa McClain,Eastman Chemical Company Common Stock,EMN,ST,P,2025-06-17,1001.0,15000.0,"$1,001 - $15,000",,25,https://disclosures-clerk.house.gov/public_disc/ptr-pdfs/2025/20030891.pdf,accepted
20030891,Hon. Lisa McClain,"Eaton Corporation, PLC Ordinary Shares",ETN,ST,P,2025-03-13,1001.0,15000.0,"$1,001 - $15,000",,25,https://disclosures-clerk.house.gov/public_disc/ptr-pdfs/2025/20030891.pdf,accepted
20030891,Hon. Lisa McClain,eBay Inc. - Common Stock,EBAY,ST,P,2025-06-17,1001.0,15000.0,"$1,001 - $15,000",,25,https://disclosures-clerk.house.gov/public_disc/ptr-pdfs/2025/20030891.pdf,accepted
20030891,Hon. Lisa McClain,Ecopetrol S.A. American Depositary Shares,EC,ST,P,2025-06-09,1001.0,15000.0,"$1,001 - $15,000",,25,https://disclosures-clerk.house.gov/public_disc/ptr-pdfs/2025/20030891.pdf,accepted
20030891,Hon. Lisa McClain,"Elevance Health, Inc. Common Stock",ELV,ST,P,2025-06-24,1001.0,15000.0,"$1,001 - $15,000",,26,https://disclosures-clerk.house.gov/public_disc/ptr-pdfs/2025/20030891.pdf,accepted
20030891,Hon. Lisa McClain,"Elevance Health, Inc. Common Stock",ELV,ST,P,2025-07-10,1001.0,15000.0,"$1,001 - $15,000",,26,https://disclosures-clerk.house.gov/public_disc/ptr-pdfs/2025/20030891.pdf,accepted
20030891,Hon. Lisa McClain,Eli Lilly and Company Common Stock,LLY,ST,P,2025-07-10,1001.0,15000.0,"$1,001 - $15,000",,26,https://disclosures-clerk.house.gov/public_disc/ptr-pdfs/2025/20030891.pdf,accepted
20030891,Hon. Lisa McClain,"EMCOR Group, Inc. Common Stock",EME,ST,P,2025-06-17,1001.0,15000.0,"$1,001 - $15,000",,26,https://disclosures-clerk.house.gov/public_disc/ptr-pdfs/2025/20030891.pdf,accepted
20030891,Hon. Lisa McClain,Emerson Electric Company Common Stock,EMR,ST,P,2025-02-05,1001.0,15000.0,"$1,001 - $15,000",,27,https://disclosures-clerk.house.gov/public_disc/ptr-pdfs/2025/20030891.pdf,accepted
20030891,Hon. Lisa McClain,Employers Holdings Inc Common Stock,EIG,ST,P,2025-06-17,1001.0,15000.0,"$1,001 - $15,000",,27,https://disclosures-clerk.house.gov/public_disc/ptr-pdfs/2025/20030891.pdf,accepted
20030891,Hon. Lisa McClain,Encompass Health Corporation Common Stock,EHC,ST,P,2025-07-22,1001.0,15000.0,"$1,001 - $15,000",,27,https://disclosures-clerk.house.gov/public_disc/ptr-pdfs/2025/20030891.pdf,accepted
20030891,Hon. Lisa McClain,"EPAM Systems, Inc. Common Stock",EPAM,ST,P,2025-07-22,1001.0,15000.0,"$1,001 - $15,000",,27,https://disclosures-clerk.house.gov/public_disc/ptr-pdfs/2025/20030891.pdf,accepted
20030891,Hon. Lisa McClain,Equinor ASA,EQNR,ST,P,2025-06-11,1001.0,15000.0,"$1,001 - $15,000",,27,https://disclosures-clerk.house.gov/public_disc/ptr-pdfs/2025/20030891.pdf,accepted
20030891,Hon. Lisa McClain,"Equitable Holdings, Inc. Common",EQH,ST,P,2025-06-17,1001.0,15000.0,"$1,001 - $15,000",,27,https://disclosures-clerk.house.gov/public_disc/ptr-pdfs/2025/20030891.pdf,accepted
20030891,Hon. Lisa McClain,"Equity Lifestyle Properties, Inc. Common Stock",ELS,ST,P,2025-06-17,1001.0,15000.0,"$1,001 - $15,000",,28,https://disclosures-clerk.house.gov/public_disc/ptr-pdfs/2025/20030891.pdf,accepted
20030891,Hon. Lisa McClain,Essent Group Ltd. Common Shares,ESNT,ST,P,2025-06-11,1001.0,15000.0,"$1,001 - $15,000",,28,https://disclosures-clerk.house.gov/public_disc/ptr-pdfs/2025/20030891.pdf,accepted
20030891,Hon. Lisa McClain,"Everest Group, Ltd. Common Stock",EG,ST,P,2025-06-17,1001.0,15000.0,"$1,001 - $15,000",,28,https://disclosures-clerk.house.gov/public_disc/ptr-pdfs/2025/20030891.pdf,accepted
20030891,Hon. Lisa McClain,"Evertec, Inc. Common Stock",EVTC,ST,P,2025-06-11,1001.0,15000.0,"$1,001 - $15,000",,28,https://disclosures-clerk.house.gov/public_disc/ptr-pdfs/2025/20030891.pdf,accepted
20030891,Hon. Lisa McClain,Exelon Corporation,EXC,ST,P,2025-06-17,1001.0,15000.0,"$1,001 - $15,000",,28,https://disclosures-clerk.house.gov/public_disc/ptr-pdfs/2025/20030891.pdf,accepted
20030891,Hon. Lisa McClain,Exxon Mobil Corporation Common Stock,XOM,ST,P,2025-06-24,1001.0,15000.0,"$1,001 - $15,000",,29,https://disclosures-clerk.house.gov/public_disc/ptr-pdfs/2025/20030891.pdf,accepted
20030891,Hon. Lisa McClain,Exxon Mobil Corporation Common Stock,XOM,ST,P,2025-07-22,1001.0,15000.0,"$1,001 - $15,000",,29,https://disclosures-clerk.house.gov/public_disc/ptr-pdfs/2025/20030891.pdf,accepted
20030891,Hon. Lisa McClain,F.N.B. Corporation Common Stock,FNB,ST,P,2025-06-09,1001.0,15000.0,"$1,001 - $15,000",,29,https://disclosures-clerk.house.gov/public_disc/ptr-pdfs/2025/20030891.pdf,accepted
20030891,Hon. Lisa McClain,"First Financial Bankshares, Inc. - Common Stock",FFIN,ST,P,2025-06-11,1001.0,15000.0,"$1,001 - $15,000",,29,https://disclosures-clerk.house.gov/public_disc/ptr-pdfs/2025/20030891.pdf,accepted
20030891,Hon. Lisa McClain,"First Hawaiian, Inc. - Common Stock",FHB,ST,P,2025-06-11,1001.0,15000.0,"$1,001 - $15,000",,29,https://disclosures-clerk.house.gov/public_disc/ptr-pdfs/2025/20030891.pdf,accepted
20030891,Hon. Lisa McClain,"First Industrial Realty Trust, Inc. Common Stock",FR,ST,P,2025-06-17,1001.0,15000.0,"$1,001 - $15,000",,29,https://disclosures-clerk.house.gov/public_disc/ptr-pdfs/2025/20030891.pdf,accepted
20030891,Hon. Lisa McClain,"Fiserv, Inc. Common Stock",FI,ST,P,2025-07-22,1001.0,15000.0,"$1,001 - $15,000",,30,https://disclosures-clerk.house.gov/public_disc/ptr-pdfs/2025/20030891.pdf,accepted
20030891,Hon. Lisa McClain,"Five Below, Inc. - Common Stock",FIVE,ST,P,2025-06-11,1001.0,15000.0,"$1,001 - $15,000",,30,https://disclosures-clerk.house.gov/public_disc/ptr-pdfs/2025/20030891.pdf,accepted
20030891,Hon. Lisa McClain,"Flowers Foods, Inc. Common Stock",FLO,ST,P,2025-06-09,1001.0,15000.0,"$1,001 - $15,000",,30,https://disclosures-clerk.house.gov/public_disc/ptr-pdfs/2025/20030891.pdf,accepted
20030891,Hon. Lisa McClain,Fortive Corporation Common Stock,FTV,ST,P,2025-06-17,1001.0,15000.0,"$1,001 - $15,000",,30,https://disclosures-clerk.house.gov/public_disc/ptr-pdfs/2025/20030891.pdf,accepted
20030891,Hon. Lisa McClain,"Four Corners Property Trust, Inc. Common Stock",FCPT,ST,P,2025-06-09,1001.0,15000.0,"$1,001 - $15,000",,30,https://disclosures-clerk.house.gov/public_disc/ptr-pdfs/2025/20030891.pdf,accepted
20030891,Hon. Lisa McClain,"Four Corners Property Trust, Inc. Common Stock",FCPT,ST,P,2025-07-16,1001.0,15000.0,"$1,001 - $15,000",,30,https://disclosures-clerk.house.gov/public_disc/ptr-pdfs/2025/20030891.pdf,accepted
20030891,Hon. Lisa McClain,"Franklin BSP Realty Trust, Inc. Common Stock",FBRT,ST,P,2025-06-09,1001.0,15000.0,"$1,001 - $15,000",,31,https://disclosures-clerk.house.gov/public_disc/ptr-pdfs/2025/20030891.pdf,accepted
20030891,Hon. Lisa McClain,GameStop Corporation Common Stock,GME,ST,P,2025-06-11,1001.0,15000.0,"$1,001 - $15,000",,31,https://disclosures-clerk.house.gov/public_disc/ptr-pdfs/2025/20030891.pdf,accepted
20030891,Hon. Lisa McClain,"Gartner, Inc. Common Stock",IT,ST,P,2025-07-16,1001.0,15000.0,"$1,001 - $15,000",,31,https://disclosures-clerk.house.gov/public_disc/ptr-pdfs/2025/20030891.pdf,accepted
20030891,Hon. Lisa McClain,GATX Corporation Common Stock,GATX,ST,P,2025-06-11,1001.0,15000.0,"$1,001 - $15,000",,31,https://disclosures-clerk.house.gov/public_disc/ptr-pdfs/2025/20030891.pdf,accepted
20030891,Hon. Lisa McClain,"General Mills, Inc. Common Stock",GIS,ST,P,2025-06-17,1001.0,15000.0,"$1,001 - $15,000",,32,https://disclosures-clerk.house.gov/public_disc/ptr-pdfs/2025/20030891.pdf,accepted
20030891,Hon. Lisa McClain,"General Mills, Inc. Common Stock",GIS,ST,P,2025-07-10,1001.0,15000.0,"$1,001 - $15,000",,32,https://disclosures-clerk.house.gov/public_disc/ptr-pdfs/2025/20030891.pdf,accepted
20030891,Hon. Lisa McClain,Genworth Financial Inc Common Stock,GNW,ST,P,2025-06-11,1001.0,15000.0,"$1,001 - $15,000",,32,https://disclosures-clerk.house.gov/public_disc/ptr-pdfs/2025/20030891.pdf,accepted
20030891,Hon. Lisa McClain,Getty Realty Corporation Common Stock,GTY,ST,P,2025-06-09,1001.0,15000.0,"$1,001 - $15,000",,32,https://disclosures-clerk.house.gov/public_disc/ptr-pdfs/2025/20030891.pdf,accepted
20030891,Hon. Lisa McClain,Globe Life Inc. Common Stock,GL,ST,P,2025-06-17,1001.0,15000.0,"$1,001 - $15,000",,32,https://disclosures-clerk.house.gov/public_disc/ptr-pdfs/2025/20030891.pdf,accepted
20030891,Hon. Lisa McClain,"Globus Medical, Inc. Class A Common Stock",GMED,ST,P,2025-06-17,1001.0,15000.0,"$1,001 - $15,000",,33,https://disclosures-clerk.house.gov/public_disc/ptr-pdfs/2025/20030891.pdf,accepted
20030891,Hon. Lisa McClain,Gold Fields Limited American Depositary Shares,GFI,ST,P,2025-06-11,1001.0,15000.0,"$1,001 - $15,000",,33,https://disclosures-clerk.house.gov/public_disc/ptr-pdfs/2025/20030891.pdf,accepted
20030891,Hon. Lisa McClain,Graco Inc. Common Stock,GGG,ST,P,2025-06-17,1001.0,15000.0,"$1,001 - $15,000",,33,https://disclosures-clerk.house.gov/public_disc/ptr-pdfs/2025/20030891.pdf,accepted
20030891,Hon. Lisa McClain,Graphic Packaging Holding Company,GPK,ST,P,2025-06-17,1001.0,15000.0,"$1,001 - $15,000",,34,https://disclosures-clerk.house.gov/public_disc/ptr-pdfs/2025/20030891.pdf,accepted
20030891,Hon. Lisa McClain,"Group 1 Automotive, Inc. Common Stock",GPI,ST,P,2025-07-22,1001.0,15000.0,"$1,001 - $15,000",,34,https://disclosures-clerk.house.gov/public_disc/ptr-pdfs/2025/20030891.pdf,accepted
20030891,Hon. Lisa McClain,GSK plc American Depositary Shares,GSK,ST,P,2025-06-17,1001.0,15000.0,"$1,001 - $15,000",,34,https://disclosures-clerk.house.gov/public_disc/ptr-pdfs/2025/20030891.pdf,accepted
20030891,Hon. Lisa McClain,"Guidewire Software, Inc. Common Stock",GWRE,ST,P,2025-06-17,1001.0,15000.0,"$1,001 - $15,000",,34,https://disclosures-clerk.house.gov/public_disc/ptr-pdfs/2025/20030891.pdf,accepted
20030891,Hon. Lisa McClain,Haleon plc American Depositary Shares,HLN,ST,P,2025-06-24,1001.0,15000.0,"$1,001 - $15,000",,34,https://disclosures-clerk.house.gov/public_disc/ptr-pdfs/2025/20030891.pdf,accepted
20030891,Hon. Lisa McClain,Halliburton Company Common Stock,HAL,ST,P,2025-06-17,1001.0,15000.0,"$1,001 - $15,000",,35,https://disclosures-clerk.house.gov/public_disc/ptr-pdfs/2025/20030891.pdf,accepted
20030891,Hon. Lisa McClain,"Hasbro, Inc. - Common Stock",HAS,ST,P,2025-06-17,1001.0,15000.0,"$1,001 - $15,000",,35,https://disclosures-clerk.house.gov/public_disc/ptr-pdfs/2025/20030891.pdf,accepted
20030891,Hon. Lisa McClain,HDFC Bank Limited Common Stock,HDB,ST,P,2025-06-11,1001.0,15000.0,"$1,001 - $15,000",,35,https://disclosures-clerk.house.gov/public_disc/ptr-pdfs/2025/20030891.pdf,accepted
20030891,Hon. Lisa McClain,HDFC Bank Limited Common Stock,HDB,ST,P,2025-06-09,1001.0,15000.0,"$1,001 - $15,000",,35,https://disclosures-clerk.house.gov/public_disc/ptr-pdfs/2025/20030891.pdf,accepted
20030891,Hon. Lisa McClain,HDFC Bank Limited Common Stock,HDB,ST,P,2025-07-22,1001.0,15000.0,"$1,001 - $15,000",,35,https://disclosures-clerk.house.gov/public_disc/ptr-pdfs/2025/20030891.pdf,accepted
20030891,Hon. Lisa McClain,"HealthEquity, Inc. - Common Stock",HQY,ST,P,2025-06-11,1001.0,15000.0,"$1,001 - $15,000",,35,https://disclosures-clerk.house.gov/public_disc/ptr-pdfs/2025/20030891.pdf,accepted
20030891,Hon. Lisa McClain,"Healthpeak Properties, Inc. Common Stock",DOC,ST,P,2025-06-17,1001.0,15000.0,"$1,001 - $15,000",,36,https://disclosures-clerk.house.gov/public_disc/ptr-pdfs/2025/20030891.pdf,accepted
20030891,Hon. Lisa McClain,Hewlett Packard Enterprise Company Common Stock,HPE,ST,P,2025-06-17,1001.0,15000.0,"$1,001 - $15,000",,36,https://disclosures-clerk.house.gov/public_disc/ptr-pdfs/2025/20030891.pdf,accepted
20030891,Hon. Lisa McClain,Hilltop Holdings Inc.,HTH,ST,P,2025-06-11,1001.0,15000.0,"$1,001 - $15,000",,36,https://disclosures-clerk.house.gov/public_disc/ptr-pdfs/2025/20030891.pdf,accepted
20030891,Hon. Lisa McClain,"Home BancShares, Inc. Common Stock",HOMB,ST,P,2025-06-17,1001.0,15000.0,"$1,001 - $15,000",,36,https://disclosures-clerk.house.gov/public_disc/ptr-pdfs/2025/20030891.pdf,accepted
20030891,Hon. Lisa McClain,"Home Depot, Inc.",HD,ST,P,2025-07-10,1001.0,15000.0,"$1,001 - $15,000",,36,https://disclosures-clerk.house.gov/public_disc/ptr-pdfs/2025/20030891.pdf,accepted
20030891,Hon. Lisa McClain,"Honda Motor Company, Ltd. Common Stock",HMC,ST,P,2025-06-24,1001.0,15000.0,"$1,001 - $15,000",,37,https://disclosures-clerk.house.gov/public_disc/ptr-pdfs/2025/20030891.pdf,accepted
20030891,Hon. Lisa McClain,Honeywell International Inc.,HON,ST,P,2025-06-17,1001.0,15000.0,"$1,001 - $15,000",,37,https://disclosures-clerk.house.gov/public_disc/ptr-pdfs/2025/20030891.pdf,accepted
20030891,Hon. Lisa McClain,Horace Mann Educators Corporation Common Stock,HMN,ST,P,2025-06-09,1001.0,15000.0,"$1,001 - $15,000",,37,https://disclosures-clerk.house.gov/public_disc/ptr-pdfs/2025/20030891.pdf,accepted
20030891,Hon. Lisa McClain,Hormel Foods Corporation Common Stock,HRL,ST,P,2025-07-16,1001.0,15000.0,"$1,001 - $15,000",,37,https://disclosures-clerk.house.gov/public_disc/ptr-pdfs/2025/20030891.pdf,accepted
20030891,Hon. Lisa McClain,"HSBC Holdings, plc. Common Stock",HSBC,ST,P,2025-06-17,1001.0,15000.0,"$1,001 - $15,000",,37,https://disclosures-clerk.house.gov/public_disc/ptr-pdfs/2025/20030891.pdf,accepted
20030891,Hon. Lisa McClain,"HubSpot, Inc. Common Stock",HUBS,ST,P,2025-02-21,1001.0,15000.0,"$1,001 - $15,000",,38,https://disclosures-clerk.house.gov/public_disc/ptr-pdfs/2025/20030891.pdf,accepted
20030891,Hon. Lisa McClain,Humana Inc. Common Stock,HUM,ST,P,2025-06-24,1001.0,15000.0,"$1,001 - $15,000",,38,https://disclosures-clerk.house.gov/public_disc/ptr-pdfs/2025/20030891.pdf,accepted
20030891,Hon. Lisa McClain,Hyatt Hotels Corporation Class A Common Stock,H,ST,P,2025-06-17,1001.0,15000.0,"$1,001 - $15,000",,38,https://disclosures-clerk.house.gov/public_disc/ptr-pdfs/2025/20030891.pdf,accepted
20030891,Hon. Lisa McClain,ICICI Bank Limited Common Stock,IBN,ST,P,2025-06-24,1001.0,15000.0,"$1,001 - $15,000",,38,https://disclosures-clerk.house.gov/public_disc/ptr-pdfs/2025/20030891.pdf,accepted
20030891,Hon. Lisa McClain,Illinois Tool Works Inc. Common Stock,ITW,ST,P,2025-06-17,1001.0,15000.0,"$1,001 - $15,000",,38,https://disclosures-clerk.house.gov/public_disc/ptr-pdfs/2025/20030891.pdf,accepted
20030891,Hon. Lisa McClain,"Illumina, Inc. - Common Stock",ILMN,ST,P,2025-06-09,1001.0,15000.0,"$1,001 - $15,000",,38,https://disclosures-clerk.house.gov/public_disc/ptr-pdfs/2025/20030891.pdf,accepted
20030891,Hon. Lisa McClain,"Independence Realty Trust, Inc. Common Stock",IRT,ST,P,2025-06-11,1001.0,15000.0,"$1,001 - $15,000",,38,https://disclosures-clerk.house.gov/public_disc/ptr-pdfs/2025/20030891.pdf,accepted
20030891,Hon. Lisa McClain,Infosys Limited American Depositary Shares,INFY,ST,P,2025-06-17,1001.0,15000.0,"$1,001 - $15,000",,39,https://disclosures-clerk.house.gov/public_disc/ptr-pdfs/2025/20030891.pdf,accepted
20030891,Hon. Lisa McClain,"ING Group, N.V. Common Stock",ING,ST,P,2025-06-24,1001.0,15000.0,"$1,001 - $15,000",,39,https://disclosures-clerk.house.gov/public_disc/ptr-pdfs/2025/20030891.pdf,accepted
20030891,Hon. Lisa McClain,Ingredion Incorporated Common Stock,INGR,ST,P,2025-06-24,1001.0,15000.0,"$1,001 - $15,000",,39,https://disclosures-clerk.house.gov/public_disc/ptr-pdfs/2025/20030891.pdf,accepted
20030891,Hon. Lisa McClain,"Interactive Brokers Group, Inc. - Class A Common Stock",IBKR,ST,P,2025-06-17,1001.0,15000.0,"$1,001 - $15,000",,39,https://disclosures-clerk.house.gov/public_disc/ptr-pdfs/2025/20030891.pdf,accepted
20030891,Hon. Lisa McClain,International Business Machines Corporation Common Stock,IBM,ST,P,2025-06-17,1001.0,15000.0,"$1,001 - $15,000",,39,https://disclosures-clerk.house.gov/public_disc/ptr-pdfs/2025/20030891.pdf,accepted
20030891,Hon. Lisa McClain,Intuit Inc. - Common Stock,INTU,ST,P,2025-06-17,1001.0,15000.0,"$1,001 - $15,000",,40,https://disclosures-clerk.house.gov/public_disc/ptr-pdfs/2025/20030891.pdf,accepted
20030891,Hon. Lisa McClain,"Intuitive Surgical, Inc. - Common Stock",ISRG,ST,P,2025-07-10,1001.0,15000.0,"$1,001 - $15,000",,40,https://disclosures-clerk.house.gov/public_disc/ptr-pdfs/2025/20030891.pdf,accepted
20030891,Hon. Lisa McClain,ITT Inc. Common Stock,ITT,ST,P,2025-06-17,1001.0,15000.0,"$1,001 - $15,000",,40,https://disclosures-clerk.house.gov/public_disc/ptr-pdfs/2025/20030891.pdf,accepted
20030891,Hon. Lisa McClain,"Jack Henry & Associates, Inc. - Common Stock",JKHY,ST,P,2025-07-10,1001.0,15000.0,"$1,001 - $15,000",,41,https://disclosures-clerk.house.gov/public_disc/ptr-pdfs/2025/20030891.pdf,accepted
20030891,Hon. Lisa McClain,"JD.com, Inc. - American Depositary Shares",JD,ST,P,2025-06-17,1001.0,15000.0,"$1,001 - $15,000",,41,https://disclosures-clerk.house.gov/public_disc/ptr-pdfs/2025/20030891.pdf,accepted
20030891,Hon. Lisa McClain,Johnson & Johnson Common Stock,JNJ,ST,P,2025-06-17,1001.0,15000.0,"$1,001 - $15,000",,41,https://disclosures-clerk.house.gov/public_disc/ptr-pdfs/2025/20030891.pdf,accepted
20030891,Hon. Lisa McClain,JP Morgan Chase & Co. Common Stock,JPM,ST,P,2025-06-17,1001.0,15000.0,"$1,001 - $15,000",,41,https://disclosures-clerk.house.gov/public_disc/ptr-pdfs/2025/20030891.pdf,accepted
20030891,Hon. Lisa McClain,JP Morgan Chase & Co. Common Stock,JPM,ST,P,2025-06-09,1001.0,15000.0,"$1,001 - $15,000",,41,https://disclosures-clerk.house.gov/public_disc/ptr-pdfs/2025/20030891.pdf,accepted
20030891,Hon. Lisa McClain,JP Morgan Chase & Co. Common Stock,JPM,ST,P,2025-06-11,1001.0,15000.0,"$1,001 - $15,000",,41,https://disclosures-clerk.house.gov/public_disc/ptr-pdfs/2025/20030891.pdf,accepted
20030891,Hon. Lisa McClain,KB Home Common Stock,KBH,ST,P,2025-06-09,1001.0,15000.0,"$1,001 - $15,000",,42,https://disclosures-clerk.house.gov/public_disc/ptr-pdfs/2025/20030891.pdf,accepted
20030891,Hon. Lisa McClain,Keurig Dr Pepper Inc.,KDP,ST,P,2025-06-17,1001.0,15000.0,"$1,001 - $15,000",,42,https://disclosures-clerk.house.gov/public_disc/ptr-pdfs/2025/20030891.pdf,accepted
20030891,Hon. Lisa McClain,Kimberly-Clark Corporation - Common Stock,KMB,ST,P,2025-07-10,1001.0,15000.0,"$1,001 - $15,000",,42,https://disclosures-clerk.house.gov/public_disc/ptr-pdfs/2025/20030891.pdf,accepted
20030891,Hon. Lisa McClain,"Kinder Morgan, Inc. Common Stock",KMI,ST,P,2025-07-10,1001.0,15000.0,"$1,001 - $15,000",,42,https://disclosures-clerk.house.gov/public_disc/ptr-pdfs/2025/20030891.pdf,accepted
20030891,Hon. Lisa McClain,Kite Realty Group Trust Common Stock,KRG,ST,P,2025-06-11,1001.0,15000.0,"$1,001 - $15,000",,43,https://disclosures-clerk.house.gov/public_disc/ptr-pdfs/2025/20030891.pdf,accepted
20030891,Hon. Lisa McClain,"Landstar System, Inc. - Common Stock",LSTR,ST,P,2025-06-17,1001.0,15000.0,"$1,001 - $15,000",,43,https://disclosures-clerk.house.gov/public_disc/ptr-pdfs/2025/20030891.pdf,accepted
20030891,Hon. Lisa McClain,Li Auto Inc. - American Depositary Shares,LI,ST,P,2025-06-11,1001.0,15000.0,"$1,001 - $15,000",,43,https://disclosures-clerk.house.gov/public_disc/ptr-pdfs/2025/20030891.pdf,accepted
20030891,Hon. Lisa McClain,Lincoln National Corporation Common Stock,LNC,ST,P,2025-06-11,1001.0,15000.0,"$1,001 - $15,000",,43,https://disclosures-clerk.house.gov/public_disc/ptr-pdfs/2025/20030891.pdf,accepted
20030891,Hon. Lisa McClain,Linde plc - Ordinary Shares,LIN,ST,P,2025-06-24,1001.0,15000.0,"$1,001 - $15,000",,44,https://disclosures-clerk.house.gov/public_disc/ptr-pdfs/2025/20030891.pdf,accepted
20030891,Hon. Lisa McClain,"Lithia Motors, Inc. Common Stock",LAD,ST,P,2025-07-22,1001.0,15000.0,"$1,001 - $15,000",,44,https://disclosures-clerk.house.gov/public_disc/ptr-pdfs/2025/20030891.pdf,accepted
20030891,Hon. Lisa McClain,Lloyds Banking Group Plc American Depositary Shares,LYG,ST,P,2025-06-17,1001.0,15000.0,"$1,001 - $15,000",,44,https://disclosures-clerk.house.gov/public_disc/ptr-pdfs/2025/20030891.pdf,accepted
20030891,Hon. Lisa McClain,Loews Corporation Common Stock,L,ST,P,2025-06-17,1001.0,15000.0,"$1,001 - $15,000",,44,https://disclosures-clerk.house.gov/public_disc/ptr-pdfs/2025/20030891.pdf,accepted
20030891,Hon. Lisa McClain,Louisiana-Pacific Corporation Common Stock,LPX,ST,P,2025-06-11,1001.0,15000.0,"$1,001 - $15,000",,44,https://disclosures-clerk.house.gov/public_disc/ptr-pdfs/2025/20030891.pdf,accepted
20030891,Hon. Lisa McClain,lululemon athletica inc. - Common Stock,LULU,ST,P,2025-07-16,1001.0,15000.0,"$1,001 - $15,000",,44,https://disclosures-clerk.house.gov/public_disc/ptr-pdfs/2025/20030891.pdf,accepted
20030891,Hon. Lisa McClain,LXP Industrial Trust Common Stock,LXP,ST,P,2025-06-09,1001.0,15000.0,"$1,001 - $15,000",,45,https://disclosures-clerk.house.gov/public_disc/ptr-pdfs/2025/20030891.pdf,accepted
20030891,Hon. Lisa McClain,LyondellBasell Industries NV Ordinary Shares Class A,LYB,ST,P,2025-06-09,1001.0,15000.0,"$1,001 - $15,000",,45,https://disclosures-clerk.house.gov/public_disc/ptr-pdfs/2025/20030891.pdf,accepted
20030891,Hon. Lisa McClain,Magnolia Oil & Gas Corporation Class A Common Stock,MGY,ST,P,2025-06-11,1001.0,15000.0,"$1,001 - $15,000",,45,https://disclosures-clerk.house.gov/public_disc/ptr-pdfs/2025/20030891.pdf,accepted
20030891,Hon. Lisa McClain,"MasTec, Inc. Common Stock",MTZ,ST,P,2025-06-11,1001.0,15000.0,"$1,001 - $15,000",,46,https://disclosures-clerk.house.gov/public_disc/ptr-pdfs/2025/20030891.pdf,accepted
20030891,Hon. Lisa McClain,Mastercard Incorporated Common Stock,MA,ST,P,2025-06-17,1001.0,15000.0,"$1,001 - $15,000",,46,https://disclosures-clerk.house.gov/public_disc/ptr-pdfs/2025/20030891.pdf,accepted
20030891,Hon. Lisa McClain,"McCormick & Company, Incorporated Common Stock",MKC,ST,P,2025-07-22,1001.0,15000.0,"$1,001 - $15,000",,46,https://disclosures-clerk.house.gov/public_disc/ptr-pdfs/2025/20030891.pdf,accepted
20030891,Hon. Lisa McClain,McDonald's Corporation Common Stock,MCD,ST,P,2025-06-24,1001.0,15000.0,"$1,001 - $15,000",,46,https://disclosures-clerk.house.gov/public_disc/ptr-pdfs/2025/20030891.pdf,accepted
20030891,Hon. Lisa McClain,"Medpace Holdings, Inc. - Common Stock",MEDP,ST,P,2025-07-22,1001.0,15000.0,"$1,001 - $15,000",,46,https://disclosures-clerk.house.gov/public_disc/ptr-pdfs/2025/20030891.pdf,accepted
20030891,Hon. Lisa McClain,"Merck & Company, Inc. Common Stock",MRK,ST,P,2025-06-24,1001.0,15000.0,"$1,001 - $15,000",,46,https://disclosures-clerk.house.gov/public_disc/ptr-pdfs/2025/20030891.pdf,accepted
20030891,Hon. Lisa McClain,"Merit Medical Systems, Inc. - Common Stock",MMSI,ST,P,2025-07-22,1001.0,15000.0,"$1,001 - $15,000",,46,https://disclosures-clerk.house.gov/public_disc/ptr-pdfs/2025/20030891.pdf,accepted
20030891,Hon. Lisa McClain,"Meta Platforms, Inc. - Class A Common Stock",META,ST,P,2025-07-16,1001.0,15000.0,"$1,001 - $15,000",,47,https://disclosures-clerk.house.gov/public_disc/ptr-pdfs/2025/20030891.pdf,accepted
20030891,Hon. Lisa McClain,"Meta Platforms, Inc. - Class A Common Stock",META,ST,P,2025-07-22,1001.0,15000.0,"$1,001 - $15,000",,47,https://disclosures-clerk.house.gov/public_disc/ptr-pdfs/2025/20030891.pdf,accepted
20030891,Hon. Lisa McClain,MGIC Investment Corporation Common Stock,MTG,ST,P,2025-06-11,1001.0,15000.0,"$1,001 - $15,000",,47,https://disclosures-clerk.house.gov/public_disc/ptr-pdfs/2025/20030891.pdf,accepted
20030891,Hon. Lisa McClain,"Micron Technology, Inc. - Common Stock",MU,ST,P,2025-07-22,1001.0,15000.0,"$1,001 - $15,000",,48,https://disclosures-clerk.house.gov/public_disc/ptr-pdfs/2025/20030891.pdf,accepted
20030891,Hon. Lisa McClain,Microsoft Corporation - Common Stock,MSFT,ST,P,2025-07-16,1001.0,15000.0,"$1,001 - $15,000",,48,https://disclosures-clerk.house.gov/public_disc/ptr-pdfs/2025/20030891.pdf,accepted
20030891,Hon. Lisa McClain,Microsoft Corporation - Common Stock,MSFT,ST,P,2025-06-09,15001.0,50000.0,"$15,001 - $50,000",,48,https://disclosures-clerk.house.gov/public_disc/ptr-pdfs/2025/20030891.pdf,accepted
20030891,Hon. Lisa McClain,"Mitsubishi UFJ Financial Group, Inc. Common Stock",MUFG,ST,P,2025-06-17,1001.0,15000.0,"$1,001 - $15,000",,48,https://disclosures-clerk.house.gov/public_disc/ptr-pdfs/2025/20030891.pdf,accepted
20030891,Hon. Lisa McClain,Monster Beverage Corporation - Common Stock,MNST,ST,P,2025-06-17,1001.0,15000.0,"$1,001 - $15,000",,48,https://disclosures-clerk.house.gov/public_disc/ptr-pdfs/2025/20030891.pdf,accepted
20030891,Hon. Lisa McClain,"Morningstar, Inc. - Common Stock",MORN,ST,P,2025-07-22,1001.0,15000.0,"$1,001 - $15,000",,49,https://disclosures-clerk.house.gov/public_disc/ptr-pdfs/2025/20030891.pdf,accepted
20030891,Hon. Lisa McClain,National Beverage Corp. - Common Stock,FIZZ,ST,P,2025-06-11,1001.0,15000.0,"$1,001 - $15,000",,49,https://disclosures-clerk.house.gov/public_disc/ptr-pdfs/2025/20030891.pdf,accepted
20030891,Hon. Lisa McClain,"National Grid Transco, PLC National Grid PLC",NGG,ST,P,2025-06-24,1001.0,15000.0,"$1,001 - $15,000",,49,https://disclosures-clerk.house.gov/public_disc/ptr-pdfs/2025/20030891.pdf,accepted
20030891,Hon. Lisa McClain,"NatWest Group plc American Depositary Shares,",NWG,ST,P,2025-06-17,1001.0,15000.0,"$1,001 - $15,000",,50,https://disclosures-clerk.house.gov/public_disc/ptr-pdfs/2025/20030891.pdf,accepted
20030891,Hon. Lisa McClain,"NetEase, Inc. - American Depositary Shares, each representing 5 ordinary shares",NTES,ST,P,2025-06-11,1001.0,15000.0,"$1,001 - $15,000",,50,https://disclosures-clerk.house.gov/public_disc/ptr-pdfs/2025/20030891.pdf,accepted
20030891,Hon. Lisa McClain,"NetEase, Inc. - American Depositary Shares, each representing 5 ordinary shares",NTES,ST,P,2025-07-22,1001.0,15000.0,"$1,001 - $15,000",,50,https://disclosures-clerk.house.gov/public_disc/ptr-pdfs/2025/20030891.pdf,accepted
20030891,Hon. Lisa McClain,"Neurocrine Biosciences, Inc. - Common Stock",NBIX,ST,P,2025-06-11,1001.0,15000.0,"$1,001 - $15,000",,50,https://disclosures-clerk.house.gov/public_disc/ptr-pdfs/2025/20030891.pdf,accepted
20030891,Hon. Lisa McClain,New York Times Company,NYT,ST,P,2025-07-22,1001.0,15000.0,"$1,001 - $15,000",,50,https://disclosures-clerk.house.gov/public_disc/ptr-pdfs/2025/20030891.pdf,accepted
20030891,Hon. Lisa McClain,NewJersey Resources Corporation Common Stock,NJR,ST,P,2025-06-09,1001.0,15000.0,"$1,001 - $15,000",,51,https://disclosures-clerk.house.gov/public_disc/ptr-pdfs/2025/20030891.pdf,accepted
20030891,Hon. Lisa McClain,Newmont Corporation,NEM,ST,P,2025-06-17,1001.0,15000.0,"$1,001 - $15,000",,51,https://disclosures-clerk.house.gov/public_disc/ptr-pdfs/2025/20030891.pdf,accepted
20030891,Hon. Lisa McClain,"NNN REIT, Inc. Common Stock",NNN,ST,P,2025-06-17,1001.0,15000.0,"$1,001 - $15,000",,51,https://disclosures-clerk.house.gov/public_disc/ptr-pdfs/2025/20030891.pdf,accepted
20030891,Hon. Lisa McClain,Nokia Corporation Sponsored American Depositary Shares,NOK,ST,P,2025-06-11,1001.0,15000.0,"$1,001 - $15,000",,51,https://disclosures-clerk.house.gov/public_disc/ptr-pdfs/2025/20030891.pdf,accepted
20030891,Hon. Lisa McClain,"Northern Oil and Gas, Inc. Common Stock",NOG,ST,P,2025-07-16,1001.0,15000.0,"$1,001 - $15,000",,51,https://disclosures-clerk.house.gov/public_disc/ptr-pdfs/2025/20030891.pdf,accepted
20030891,Hon. Lisa McClain,Northern Trust Corporation - Common Stock,NTRS,ST,P,2025-06-17,1001.0,15000.0,"$1,001 - $15,000",,51,https://disclosures-clerk.house.gov/public_disc/ptr-pdfs/2025/20030891.pdf,accepted
20030891,Hon. Lisa McClain,Northrop Grumman Corporation Common Stock,NOC,ST,P,2025-06-17,1001.0,15000.0,"$1,001 - $15,000",,52,https://disclosures-clerk.house.gov/public_disc/ptr-pdfs/2025/20030891.pdf,accepted
20030891,Hon. Lisa McClain,"NorthWestern Energy Group, Inc. - Common Stock",NWE,ST,P,2025-06-09,1001.0,15000.0,"$1,001 - $15,000",,52,https://disclosures-clerk.house.gov/public_disc/ptr-pdfs/2025/20030891.pdf,accepted
20030891,Hon. Lisa McClain,Norwegian Cruise Line Holdings Ltd. Ordinary Shares,NCLH,ST,P,2025-06-17,1001.0,15000.0,"$1,001 - $15,000",,52,https://disclosures-clerk.house.gov/public_disc/ptr-pdfs/2025/20030891.pdf,accepted
20030891,Hon. Lisa McClain,NOV Inc. Common Stock,NOV,ST,P,2025-06-24,1001.0,15000.0,"$1,001 - $15,000",,52,https://disclosures-clerk.house.gov/public_disc/ptr-pdfs/2025/20030891.pdf,accepted
20030891,Hon. Lisa McClain,Novanta Inc. - Common Shares,NOVT,ST,P,2025-07-22,1001.0,15000.0,"$1,001 - $15,000",,52,https://disclosures-clerk.house.gov/public_disc/ptr-pdfs/2025/20030891.pdf,accepted
20030891,Hon. Lisa McClain,Novartis AG Common Stock,NVS,ST,P,2025-06-17,1001.0,15000.0,"$1,001 - $15,000",,53,https://disclosures-clerk.house.gov/public_disc/ptr-pdfs/2025/20030891.pdf,accepted
20030891,Hon. Lisa McClain,Novartis AG Common Stock,NVS,ST,P,2025-06-11,1001.0,15000.0,"$1,001 - $15,000",,53,https://disclosures-clerk.house.gov/public_disc/ptr-pdfs/2025/20030891.pdf,accepted
20030891,Hon. Lisa McClain,Novartis AG Common Stock,NVS,ST,P,2025-06-09,1001.0,15000.0,"$1,001 - $15,000",,53,https://disclosures-clerk.house.gov/public_disc/ptr-pdfs/2025/20030891.pdf,accepted
20030891,Hon. Lisa McClain,Novo Nordisk A/S Common Stock,NVO,ST,P,2025-06-09,1001.0,15000.0,"$1,001 - $15,000",,53,https://disclosures-clerk.house.gov/public_disc/ptr-pdfs/2025/20030891.pdf,accepted
20030891,Hon. Lisa McClain,NVIDIA Corporation - Common Stock,NVDA,ST,P,2025-06-09,1001.0,15000.0,"$1,001 - $15,000",,54,https://disclosures-clerk.house.gov/public_disc/ptr-pdfs/2025/20030891.pdf,accepted
20030891,Hon. Lisa McClain,NVIDIA Corporation - Common Stock,NVDA,ST,P,2025-06-11,1001.0,15000.0,"$1,001 - $15,000",,54,https://disclosures-clerk.house.gov/public_disc/ptr-pdfs/2025/20030891.pdf,accepted
20030891,Hon. Lisa McClain,NVIDIA Corporation - Common Stock,NVDA,ST,P,2025-06-17,1001.0,15000.0,"$1,001 - $15,000",,54,https://disclosures-clerk.house.gov/public_disc/ptr-pdfs/2025/20030891.pdf,accepted
20030891,Hon. Lisa McClain,"Okta, Inc. - Class A Common Stock",OKTA,ST,P,2025-06-17,1001.0,15000.0,"$1,001 - $15,000",,55,https://disclosures-clerk.house.gov/public_disc/ptr-pdfs/2025/20030891.pdf,accepted
20030891,Hon. Lisa McClain,Oracle Corporation Common Stock,ORCL,ST,P,2025-06-17,1001.0,15000.0,"$1,001 - $15,000",,55,https://disclosures-clerk.house.gov/public_disc/ptr-pdfs/2025/20030891.pdf,accepted
20030891,Hon. Lisa McClain,Ovintiv Inc.,OVV,ST,P,2025-06-24,1001.0,15000.0,"$1,001 - $15,000",,55,https://disclosures-clerk.house.gov/public_disc/ptr-pdfs/2025/20030891.pdf,accepted
20030891,Hon. Lisa McClain,Palantir Technologies Inc. - Class A Common Stock,PLTR,ST,P,2025-06-17,1001.0,15000.0,"$1,001 - $15,000",,55,https://disclosures-clerk.house.gov/public_disc/ptr-pdfs/2025/20030891.pdf,accepted
20030891,Hon. Lisa McClain,"Palo Alto Networks, Inc.",PANW,ST,P,2025-07-10,1001.0,15000.0,"$1,001 - $15,000",,56,https://disclosures-clerk.house.gov/public_disc/ptr-pdfs/2025/20030891.pdf,accepted
20030891,Hon. Lisa McClain,Park Hotels & Resorts Inc. Common Stock,PK,ST,P,2025-06-09,1001.0,15000.0,"$1,001 - $15,000",,56,https://disclosures-clerk.house.gov/public_disc/ptr-pdfs/2025/20030891.pdf,accepted
20030891,Hon. Lisa McClain,"Patrick Industries, Inc. - Common Stock",PATK,ST,P,2025-06-11,1001.0,15000.0,"$1,001 - $15,000",,57,https://disclosures-clerk.house.gov/public_disc/ptr-pdfs/2025/20030891.pdf,accepted
20030891,Hon. Lisa McClain,"Paychex, Inc. - Common Stock",PAYX,ST,P,2025-07-16,1001.0,15000.0,"$1,001 - $15,000",,57,https://disclosures-clerk.house.gov/public_disc/ptr-pdfs/2025/20030891.pdf,accepted
20030891,Hon. Lisa McClain,PDD Holdings Inc. - American Depositary Shares,PDD,ST,P,2025-07-16,1001.0,15000.0,"$1,001 - $15,000",,57,https://disclosures-clerk.house.gov/public_disc/ptr-pdfs/2025/20030891.pdf,accepted
20030891,Hon. Lisa McClain,PDD Holdings Inc. - American Depositary Shares,PDD,ST,P,2025-06-09,1001.0,15000.0,"$1,001 - $15,000",,57,https://disclosures-clerk.house.gov/public_disc/ptr-pdfs/2025/20030891.pdf,accepted
20030891,Hon. Lisa McClain,"Pepsico, Inc.",PEP,ST,P,2025-06-24,1001.0,15000.0,"$1,001 - $15,000",,57,https://disclosures-clerk.house.gov/public_disc/ptr-pdfs/2025/20030891.pdf,accepted
20030891,Hon. Lisa McClain,"Pfizer, Inc. Common Stock",PFE,ST,P,2025-07-16,1001.0,15000.0,"$1,001 - $15,000",,57,https://disclosures-clerk.house.gov/public_disc/ptr-pdfs/2025/20030891.pdf,accepted
20030891,Hon. Lisa McClain,Philip Morris International Inc Common Stock,PM,ST,P,2025-06-24,1001.0,15000.0,"$1,001 - $15,000",,58,https://disclosures-clerk.house.gov/public_disc/ptr-pdfs/2025/20030891.pdf,accepted
20030891,Hon. Lisa McClain,"Phillips Edison & Company, Inc. - Common Stock",PECO,ST,P,2025-07-16,1001.0,15000.0,"$1,001 - $15,000",,58,https://disclosures-clerk.house.gov/public_disc/ptr-pdfs/2025/20030891.pdf,accepted
20030891,Hon. Lisa McClain,PLDT Inc. Sponsored ADR,PHI,ST,P,2025-06-09,1001.0,15000.0,"$1,001 - $15,000",,58,https://disclosures-clerk.house.gov/public_disc/ptr-pdfs/2025/20030891.pdf,accepted
20030891,Hon. Lisa McClain,Polaris Inc. Common Stock,PII,ST,P,2025-06-17,1001.0,15000.0,"$1,001 - $15,000",,58,https://disclosures-clerk.house.gov/public_disc/ptr-pdfs/2025/20030891.pdf,accepted
20030891,Hon. Lisa McClain,Principal Financial Group Inc,PFG,ST,P,2025-06-17,1001.0,15000.0,"$1,001 - $15,000",,58,https://disclosures-clerk.house.gov/public_disc/ptr-pdfs/2025/20030891.pdf,accepted
20030891,Hon. Lisa McClain,Procter & Gamble Company,PG,ST,P,2025-06-24,1001.0,15000.0,"$1,001 - $15,000",,58,https://disclosures-clerk.house.gov/public_disc/ptr-pdfs/2025/20030891.pdf,accepted
20030891,Hon. Lisa McClain,Progress Software Corporation - Common Stock,PRGS,ST,P,2025-07-10,1001.0,15000.0,"$1,001 - $15,000",,59,https://disclosures-clerk.house.gov/public_disc/ptr-pdfs/2025/20030891.pdf,accepted
20030891,Hon. Lisa McClain,Progressive Corporation,PGR,ST,P,2025-07-10,1001.0,15000.0,"$1,001 - $15,000",,59,https://disclosures-clerk.house.gov/public_disc/ptr-pdfs/2025/20030891.pdf,accepted
20030891,Hon. Lisa McClain,"Pure Storage, Inc. Class A Common Stock",PSTG,ST,P,2025-06-17,1001.0,15000.0,"$1,001 - $15,000",,59,https://disclosures-clerk.house.gov/public_disc/ptr-pdfs/2025/20030891.pdf,accepted
20030891,Hon. Lisa McClain,"Quanta Services, Inc. Common Stock",PWR,ST,P,2025-07-10,1001.0,15000.0,"$1,001 - $15,000",,59,https://disclosures-clerk.house.gov/public_disc/ptr-pdfs/2025/20030891.pdf,accepted
20030891,Hon. Lisa McClain,Range Resources Corporation Common Stock,RRC,ST,P,2025-07-22,1001.0,15000.0,"$1,001 - $15,000",,59,https://disclosures-clerk.house.gov/public_disc/ptr-pdfs/2025/20030891.pdf,accepted
20030891,Hon. Lisa McClain,"RB Global, Inc. Common Stock",RBA,ST,P,2025-06-24,1001.0,15000.0,"$1,001 - $15,000",,59,https://disclosures-clerk.house.gov/public_disc/ptr-pdfs/2025/20030891.pdf,accepted
20030891,Hon. Lisa McClain,Regions Financial Corporation Common Stock,RF,ST,P,2025-06-17,1001.0,15000.0,"$1,001 - $15,000",,59,https://disclosures-clerk.house.gov/public_disc/ptr-pdfs/2025/20030891.pdf,accepted
20030891,Hon. Lisa McClain,"Reliance, Inc. Common Stock",RS,ST,P,2025-06-17,1001.0,15000.0,"$1,001 - $15,000",,59,https://disclosures-clerk.house.gov/public_disc/ptr-pdfs/2025/20030891.pdf,accepted
20030891,Hon. Lisa McClain,Repligen Corporation - Common Stock,RGEN,ST,P,2025-07-22,1001.0,15000.0,"$1,001 - $15,000",,60,https://disclosures-clerk.house.gov/public_disc/ptr-pdfs/2025/20030891.pdf,accepted
20030891,Hon. Lisa McClain,Repligen Corporation - Common Stock,RGEN,ST,P,2025-06-11,1001.0,15000.0,"$1,001 - $15,000",,60,https://disclosures-clerk.house.gov/public_disc/ptr-pdfs/2025/20030891.pdf,accepted
20030891,Hon. Lisa McClain,"Revvity, Inc. Common Stock",RVTY,ST,P,2025-06-17,1001.0,15000.0,"$1,001 - $15,000",,60,https://disclosures-clerk.house.gov/public_disc/ptr-pdfs/2025/20030891.pdf,accepted
20030891,Hon. Lisa McClain,Rio Tinto Plc Common Stock,RIO,ST,P,2025-06-24,1001.0,15000.0,"$1,001 - $15,000",,60,https://disclosures-clerk.house.gov/public_disc/ptr-pdfs/2025/20030891.pdf,accepted
20030891,Hon. Lisa McClain,RLI Corp. Common Stock,RLI,ST,P,2025-06-11,1001.0,15000.0,"$1,001 - $15,000",,60,https://disclosures-clerk.house.gov/public_disc/ptr-pdfs/2025/20030891.pdf,accepted
20030891,Hon. Lisa McClain,Roivant Sciences Ltd. - Common Shares,ROIV,ST,P,2025-06-17,1001.0,15000.0,"$1,001 - $15,000",,60,https://disclosures-clerk.house.gov/public_disc/ptr-pdfs/2025/20030891.pdf,accepted
20030891,Hon. Lisa McClain,"Roper Technologies, Inc.",ROP,ST,P,2025-07-22,1001.0,15000.0,"$1,001 - $15,000",,61,https://disclosures-clerk.house.gov/public_disc/ptr-pdfs/2025/20030891.pdf,accepted
20030891,Hon. Lisa McClain,"Ross Stores, Inc. - Common Stock",ROST,ST,P,2025-06-17,1001.0,15000.0,"$1,001 - $15,000",,61,https://disclosures-clerk.house.gov/public_disc/ptr-pdfs/2025/20030891.pdf,accepted
20030891,Hon. Lisa McClain,"Royal Gold, Inc. - Common Stock",RGLD,ST,P,2025-06-09,1001.0,15000.0,"$1,001 - $15,000",,61,https://disclosures-clerk.house.gov/public_disc/ptr-pdfs/2025/20030891.pdf,accepted
20030891,Hon. Lisa McClain,"Royal Gold, Inc. - Common Stock",RGLD,ST,P,2025-07-22,1001.0,15000.0,"$1,001 - $15,000",,61,https://disclosures-clerk.house.gov/public_disc/ptr-pdfs/2025/20030891.pdf,accepted
20030891,Hon. Lisa McClain,"Salesforce, Inc. Common Stock",CRM,ST,P,2025-06-17,1001.0,15000.0,"$1,001 - $15,000",,62,https://disclosures-clerk.house.gov/public_disc/ptr-pdfs/2025/20030891.pdf,accepted
20030891,Hon. Lisa McClain,Sanofi - American Depositary Shares,SNY,ST,P,2025-06-17,1001.0,15000.0,"$1,001 - $15,000",,62,https://disclosures-clerk.house.gov/public_disc/ptr-pdfs/2025/20030891.pdf,accepted
20030891,Hon. Lisa McClain,SAP SE ADS,SAP,ST,P,2025-07-16,1001.0,15000.0,"$1,001 - $15,000",,62,https://disclosures-clerk.house.gov/public_disc/ptr-pdfs/2025/20030891.pdf,accepted
20030891,Hon. Lisa McClain,SAP SE ADS,SAP,ST,P,2025-06-09,1001.0,15000.0,"$1,001 - $15,000",,63,https://disclosures-clerk.house.gov/public_disc/ptr-pdfs/2025/20030891.pdf,accepted
20030891,Hon. Lisa McClain,Schlumberger N.V. Common Stock,SLB,ST,P,2025-07-16,1001.0,15000.0,"$1,001 - $15,000",,63,https://disclosures-clerk.house.gov/public_disc/ptr-pdfs/2025/20030891.pdf,accepted
20030891,Hon. Lisa McClain,Science Applications International Corporation - Common Stock,SAIC,ST,P,2025-06-11,1001.0,15000.0,"$1,001 - $15,000",,63,https://disclosures-clerk.house.gov/public_disc/ptr-pdfs/2025/20030891.pdf,accepted
20030891,Hon. Lisa McClain,"Sea Limited American Depositary Shares, each representing one Class A Ordinary Share",SE,ST,P,2025-06-17,1001.0,15000.0,"$1,001 - $15,000",,63,https://disclosures-clerk.house.gov/public_disc/ptr-pdfs/2025/20030891.pdf,accepted
20030891,Hon. Lisa McClain,Seacoast Banking Corporation of Florida - Common Stock,SBCF,ST,P,2025-06-17,1001.0,15000.0,"$1,001 - $15,000",,63,https://disclosures-clerk.house.gov/public_disc/ptr-pdfs/2025/20030891.pdf,accepted
20030891,Hon. Lisa McClain,"Selective Insurance Group, Inc. - Common Stock",SIGI,ST,P,2025-06-11,1001.0,15000.0,"$1,001 - $15,000",,64,https://disclosures-clerk.house.gov/public_disc/ptr-pdfs/2025/20030891.pdf,accepted
20030891,Hon. Lisa McClain,Service Corporation International Common Stock,SCI,ST,P,2025-06-24,1001.0,15000.0,"$1,001 - $15,000",,64,https://disclosures-clerk.house.gov/public_disc/ptr-pdfs/2025/20030891.pdf,accepted
20030891,Hon. Lisa McClain,"ServiceNow, Inc. Common Stock",NOW,ST,P,2025-06-17,1001.0,15000.0,"$1,001 - $15,000",,64,https://disclosures-clerk.house.gov/public_disc/ptr-pdfs/2025/20030891.pdf,accepted
20030891,Hon. Lisa McClain,"ServiceNow, Inc. Common Stock",NOW,ST,P,2025-03-12,1001.0,15000.0,"$1,001 - $15,000",,64,https://disclosures-clerk.house.gov/public_disc/ptr-pdfs/2025/20030891.pdf,accepted
20030891,Hon. Lisa McClain,Shell PLC American Depositary Shares,SHEL,ST,P,2025-06-09,1001.0,15000.0,"$1,001 - $15,000",,65,https://disclosures-clerk.house.gov/public_disc/ptr-pdfs/2025/20030891.pdf,accepted
20030891,Hon. Lisa McClain,Sherwin-Williams Company,SHW,ST,P,2025-06-17,1001.0,15000.0,"$1,001 - $15,000",,65,https://disclosures-clerk.house.gov/public_disc/ptr-pdfs/2025/20030891.pdf,accepted
20030891,Hon. Lisa McClain,Six Flags Entertainment Corporation Common Stock New,FUN,ST,P,2025-07-16,1001.0,15000.0,"$1,001 - $15,000",,65,https://disclosures-clerk.house.gov/public_disc/ptr-pdfs/2025/20030891.pdf,accepted
20030891,Hon. Lisa McClain,"Smith & Nephew SNATS, Inc. Common Stock",SNN,ST,P,2025-06-09,1001.0,15000.0,"$1,001 - $15,000",,65,https://disclosures-clerk.house.gov/public_disc/ptr-pdfs/2025/20030891.pdf,accepted
20030891,Hon. Lisa McClain,Somnigroup International Inc. Common Stock,SGI,ST,P,2025-06-24,1001.0,15000.0,"$1,001 - $15,000",,66,https://disclosures-clerk.house.gov/public_disc/ptr-pdfs/2025/20030891.pdf,accepted
20030891,Hon. Lisa McClain,Sony Group Corporation American Depositary Shares,SONY,ST,P,2025-06-17,1001.0,15000.0,"$1,001 - $15,000",,66,https://disclosures-clerk.house.gov/public_disc/ptr-pdfs/2025/20030891.pdf,accepted
20030891,Hon. Lisa McClain,"Southside Bancshares, Inc. - Common Stock",SBSI,ST,P,2025-06-09,1001.0,15000.0,"$1,001 - $15,000",,66,https://disclosures-clerk.house.gov/public_disc/ptr-pdfs/2025/20030891.pdf,accepted
20030891,Hon. Lisa McClain,Spire Inc. Common Stock,SR,ST,P,2025-06-17,1001.0,15000.0,"$1,001 - $15,000",,66,https://disclosures-clerk.house.gov/public_disc/ptr-pdfs/2025/20030891.pdf,accepted
20030891,Hon. Lisa McClain,"Sprouts Farmers Market, Inc. - Common Stock",SFM,ST,P,2025-06-11,1001.0,15000.0,"$1,001 - $15,000",,66,https://disclosures-clerk.house.gov/public_disc/ptr-pdfs/2025/20030891.pdf,accepted
20030891,Hon. Lisa McClain,Starbucks Corporation - Common Stock,SBUX,ST,P,2025-07-22,1001.0,15000.0,"$1,001 - $15,000",,67,https://disclosures-clerk.house.gov/public_disc/ptr-pdfs/2025/20030891.pdf,accepted
20030891,Hon. Lisa McClain,Starbucks Corporation - Common Stock,SBUX,ST,P,2025-06-17,1001.0,15000.0,"$1,001 - $15,000",,67,https://disclosures-clerk.house.gov/public_disc/ptr-pdfs/2025/20030891.pdf,accepted
20030891,Hon. Lisa McClain,"STARWOOD PROPERTY TRUST, INC. Starwood Property Trust Inc.",STWD,ST,P,2025-06-11,1001.0,15000.0,"$1,001 - $15,000",,67,https://disclosures-clerk.house.gov/public_disc/ptr-pdfs/2025/20030891.pdf,accepted
20030891,Hon. Lisa McClain,Stifel Financial Corporation Common Stock,SF,ST,P,2025-06-17,1001.0,15000.0,"$1,001 - $15,000",,67,https://disclosures-clerk.house.gov/public_disc/ptr-pdfs/2025/20030891.pdf,accepted
20030891,Hon. Lisa McClain,Sysco Corporation Common Stock,SYY,ST,P,2025-03-20,1001.0,15000.0,"$1,001 - $15,000",,68,https://disclosures-clerk.house.gov/public_disc/ptr-pdfs/2025/20030891.pdf,accepted
20030891,Hon. Lisa McClain,Taiwan Semiconductor Manufacturing Company Ltd.,TSM,ST,P,2025-06-09,1001.0,15000.0,"$1,001 - $15,000",,68,https://disclosures-clerk.house.gov/public_disc/ptr-pdfs/2025/20030891.pdf,accepted
20030891,Hon. Lisa McClain,Taiwan Semiconductor Manufacturing Company Ltd.,TSM,ST,P,2025-06-17,1001.0,15000.0,"$1,001 - $15,000",,68,https://disclosures-clerk.house.gov/public_disc/ptr-pdfs/2025/20030891.pdf,accepted
20030891,Hon. Lisa McClain,"Targa Resources, Inc. Common Stock",TRGP,ST,P,2025-07-22,1001.0,15000.0,"$1,001 - $15,000",,68,https://disclosures-clerk.house.gov/public_disc/ptr-pdfs/2025/20030891.pdf,accepted
20030891,Hon. Lisa McClain,Taylor Morrison Home Corporation Common Stock,TMHC,ST,P,2025-06-17,1001.0,15000.0,"$1,001 - $15,000",,69,https://disclosures-clerk.house.gov/public_disc/ptr-pdfs/2025/20030891.pdf,accepted
20030891,Hon. Lisa McClain,Teleflex Incorporated Common Stock,TFX,ST,P,2025-07-16,1001.0,15000.0,"$1,001 - $15,000",,69,https://disclosures-clerk.house.gov/public_disc/ptr-pdfs/2025/20030891.pdf,accepted
20030891,Hon. Lisa McClain,Tenet Healthcare Corporation Common Stock,THC,ST,P,2025-06-11,1001.0,15000.0,"$1,001 - $15,000",,69,https://disclosures-clerk.house.gov/public_disc/ptr-pdfs/2025/20030891.pdf,accepted
20030891,Hon. Lisa McClain,"Teradyne, Inc.",TER,ST,P,2025-06-17,1001.0,15000.0,"$1,001 - $15,000",,69,https://disclosures-clerk.house.gov/public_disc/ptr-pdfs/2025/20030891.pdf,accepted
20030891,Hon. Lisa McClain,"Tesla, Inc. - Common Stock",TSLA,ST,P,2025-06-17,1001.0,15000.0,"$1,001 - $15,000",,69,https://disclosures-clerk.house.gov/public_disc/ptr-pdfs/2025/20030891.pdf,accepted
20030891,Hon. Lisa McClain,"Tesla, Inc. - Common Stock",TSLA,ST,P,2025-06-09,1001.0,15000.0,"$1,001 - $15,000",,69,https://disclosures-clerk.house.gov/public_disc/ptr-pdfs/2025/20030891.pdf,accepted
20030891,Hon. Lisa McClain,Texas Instruments Incorporated - Common Stock,TXN,ST,P,2025-06-17,1001.0,15000.0,"$1,001 - $15,000",,70,https://disclosures-clerk.house.gov/public_disc/ptr-pdfs/2025/20030891.pdf,accepted
20030891,Hon. Lisa McClain,Texas Pacific Land Corporation Common Stock,TPL,ST,P,2025-07-22,1001.0,15000.0,"$1,001 - $15,000",,70,https://disclosures-clerk.house.gov/public_disc/ptr-pdfs/2025/20030891.pdf,accepted
20030891,Hon. Lisa McClain,"Texas Roadhouse, Inc. - Common Stock",TXRH,ST,P,2025-06-17,1001.0,15000.0,"$1,001 - $15,000",,70,https://disclosures-clerk.house.gov/public_disc/ptr-pdfs/2025/20030891.pdf,accepted
20030891,Hon. Lisa McClain,The Bank of New York Mellon Corporation Common Stock,BK,ST,P,2025-06-17,1001.0,15000.0,"$1,001 - $15,000",,70,https://disclosures-clerk.house.gov/public_disc/ptr-pdfs/2025/20030891.pdf,accepted
20030891,Hon. Lisa McClain,The Campbell's Company - Common Stock,CPB,ST,P,2025-06-11,1001.0,15000.0,"$1,001 - $15,000",,70,https://disclosures-clerk.house.gov/public_disc/ptr-pdfs/2025/20030891.pdf,accepted
20030891,Hon. Lisa McClain,The J.M. Smucker Company Common Stock,SJM,ST,P,2025-06-24,1001.0,15000.0,"$1,001 - $15,000",,70,https://disclosures-clerk.house.gov/public_disc/ptr-pdfs/2025/20030891.pdf,accepted
20030891,Hon. Lisa McClain,The Middleby Corporation - Common Stock,MIDD,ST,P,2025-06-11,1001.0,15000.0,"$1,001 - $15,000",,70,https://disclosures-clerk.house.gov/public_disc/ptr-pdfs/2025/20030891.pdf,accepted
20030891,Hon. Lisa McClain,"The Trade Desk, Inc. - Class A Common Stock",TTD,ST,P,2025-03-28,1001.0,15000.0,"$1,001 - $15,000",,71,https://disclosures-clerk.house.gov/public_disc/ptr-pdfs/2025/20030891.pdf,accepted
20030891,Hon. Lisa McClain,Thermo Fisher Scientific Inc Common Stock,TMO,ST,P,2025-07-22,1001.0,15000.0,"$1,001 - $15,000",,71,https://disclosures-clerk.house.gov/public_disc/ptr-pdfs/2025/20030891.pdf,accepted
20030891,Hon. Lisa McClain,Timken Company,TKR,ST,P,2025-06-11,1001.0,15000.0,"$1,001 - $15,000",,71,https://disclosures-clerk.house.gov/public_disc/ptr-pdfs/2025/20030891.pdf,accepted
20030891,Hon. Lisa McClain,"T-Mobile US, Inc.",TMUS,ST,P,2025-06-17,1001.0,15000.0,"$1,001 - $15,000",,72,https://disclosures-clerk.house.gov/public_disc/ptr-pdfs/2025/20030891.pdf,accepted
20030891,Hon. Lisa McClain,Toro Company,TTC,ST,P,2025-06-09,1001.0,15000.0,"$1,001 - $15,000",,72,https://disclosures-clerk.house.gov/public_disc/ptr-pdfs/2025/20030891.pdf,accepted
20030891,Hon. Lisa McClain,TotalEnergies SE,TTE,ST,P,2025-06-17,1001.0,15000.0,"$1,001 - $15,000",,72,https://disclosures-clerk.house.gov/public_disc/ptr-pdfs/2025/20030891.pdf,accepted
20030891,Hon. Lisa McClain,Toyota Motor Corporation Common Stock,TM,ST,P,2025-06-17,1001.0,15000.0,"$1,001 - $15,000",,72,https://disclosures-clerk.house.gov/public_disc/ptr-pdfs/2025/20030891.pdf,accepted
20030891,Hon. Lisa McClain,Travel Leisure Co. Common Stock,TNL,ST,P,2025-06-11,1001.0,15000.0,"$1,001 - $15,000",,72,https://disclosures-clerk.house.gov/public_disc/ptr-pdfs/2025/20030891.pdf,accepted
20030891,Hon. Lisa McClain,"Trinity Industries, Inc. Common Stock",TRN,ST,P,2025-06-11,1001.0,15000.0,"$1,001 - $15,000",,73,https://disclosures-clerk.house.gov/public_disc/ptr-pdfs/2025/20030891.pdf,accepted
20030891,Hon. Lisa McClain,Trip.com Group Limited - American Depositary Shares,TCOM,ST,P,2025-06-24,1001.0,15000.0,"$1,001 - $15,000",,73,https://disclosures-clerk.house.gov/public_disc/ptr-pdfs/2025/20030891.pdf,accepted
20030891,Hon. Lisa McClain,"Uber Technologies, Inc. Common Stock",UBER,ST,P,2025-02-21,1001.0,15000.0,"$1,001 - $15,000",,73,https://disclosures-clerk.house.gov/public_disc/ptr-pdfs/2025/20030891.pdf,accepted
20030891,Hon. Lisa McClain,Unilever PLC Common Stock,UL,ST,P,2025-06-09,1001.0,15000.0,"$1,001 - $15,000",,73,https://disclosures-clerk.house.gov/public_disc/ptr-pdfs/2025/20030891.pdf,accepted
20030891,Hon. Lisa McClain,Unilever PLC Common Stock,UL,ST,P,2025-07-22,1001.0,15000.0,"$1,001 - $15,000",,73,https://disclosures-clerk.house.gov/public_disc/ptr-pdfs/2025/20030891.pdf,accepted
20030891,Hon. Lisa McClain,Union Pacific Corporation Common Stock,UNP,ST,P,2025-07-22,1001.0,15000.0,"$1,001 - $15,000",,74,https://disclosures-clerk.house.gov/public_disc/ptr-pdfs/2025/20030891.pdf,accepted
20030891,Hon. Lisa McClain,"United Bankshares, Inc. - Common Stock",UBSI,ST,P,2025-06-09,1001.0,15000.0,"$1,001 - $15,000",,74,https://disclosures-clerk.house.gov/public_disc/ptr-pdfs/2025/20030891.pdf,accepted
20030891,Hon. Lisa McClain,"United Bankshares, Inc. - Common Stock",UBSI,ST,P,2025-06-09,1001.0,15000.0,"$1,001 - $15,000",,74,https://disclosures-clerk.house.gov/public_disc/ptr-pdfs/2025/20030891.pdf,accepted
20030891,Hon. Lisa McClain,"United Parcel Service, Inc. Common Stock",UPS,ST,P,2025-06-17,1001.0,15000.0,"$1,001 - $15,000",,74,https://disclosures-clerk.house.gov/public_disc/ptr-pdfs/2025/20030891.pdf,accepted
20030891,Hon. Lisa McClain,United States Steel Corporation Common Stock,X,ST,P,2025-06-11,1001.0,15000.0,"$1,001 - $15,000",,74,https://disclosures-clerk.house.gov/public_disc/ptr-pdfs/2025/20030891.pdf,accepted
20030891,Hon. Lisa McClain,United Therapeutics Corporation - Common Stock,UTHR,ST,P,2025-06-11,1001.0,15000.0,"$1,001 - $15,000",,74,https://disclosures-clerk.house.gov/public_disc/ptr-pdfs/2025/20030891.pdf,accepted
20030891,Hon. Lisa McClain,UnitedHealth Group Incorporated Common Stock,UNH,ST,P,2025-06-17,1001.0,15000.0,"$1,001 - $15,000",,75,https://disclosures-clerk.house.gov/public_disc/ptr-pdfs/2025/20030891.pdf,accepted
20030891,Hon. Lisa McClain,Unum Group Common Stock,UNM,ST,P,2025-06-11,1001.0,15000.0,"$1,001 - $15,000",,75,https://disclosures-clerk.house.gov/public_disc/ptr-pdfs/2025/20030891.pdf,accepted
20030891,Hon. Lisa McClain,Urban Edge Properties Common Shares of Beneficial Interest,UE,ST,P,2025-06-17,1001.0,15000.0,"$1,001 - $15,000",,75,https://disclosures-clerk.house.gov/public_disc/ptr-pdfs/2025/20030891.pdf,accepted
20030891,Hon. Lisa McClain,US Foods Holding Corp. Common Stock,USFD,ST,P,2025-07-10,1001.0,15000.0,"$1,001 - $15,000",,75,https://disclosures-clerk.house.gov/public_disc/ptr-pdfs/2025/20030891.pdf,accepted
20030891,Hon. Lisa McClain,VALE S.A. American Depositary Shares Each Representing one common share,VALE,ST,P,2025-06-24,1001.0,15000.0,"$1,001 - $15,000",,75,https://disclosures-clerk.house.gov/public_disc/ptr-pdfs/2025/20030891.pdf,accepted
20030891,Hon. Lisa McClain,"Veris Residential, Inc. Common Stock",VRE,ST,P,2025-06-11,15001.0,50000.0,"$15,001 - $50,000",,75,https://disclosures-clerk.house.gov/public_disc/ptr-pdfs/2025/20030891.pdf,accepted
20030891,Hon. Lisa McClain,"VeriSign, Inc. - Common Stock",VRSN,ST,P,2025-06-17,1001.0,15000.0,"$1,001 - $15,000",,76,https://disclosures-clerk.house.gov/public_disc/ptr-pdfs/2025/20030891.pdf,accepted
20030891,Hon. Lisa McClain,Verizon Communications Inc. Common Stock,VZ,ST,P,2025-06-24,1001.0,15000.0,"$1,001 - $15,000",,76,https://disclosures-clerk.house.gov/public_disc/ptr-pdfs/2025/20030891.pdf,accepted
20030891,Hon. Lisa McClain,"Vertiv Holdings, LLC Class A Common Stock",VRT,ST,P,2025-03-20,1001.0,15000.0,"$1,001 - $15,000",,76,https://disclosures-clerk.house.gov/public_disc/ptr-pdfs/2025/20030891.pdf,accepted
20030891,Hon. Lisa McClain,"Viper Energy, Inc. - Class A Common Stock",VNOM,ST,P,2025-06-24,1001.0,15000.0,"$1,001 - $15,000",,77,https://disclosures-clerk.house.gov/public_disc/ptr-pdfs/2025/20030891.pdf,accepted
20030891,Hon. Lisa McClain,Vistra Corp. Common Stock,VST,ST,P,2025-06-17,1001.0,15000.0,"$1,001 - $15,000",,77,https://disclosures-clerk.house.gov/public_disc/ptr-pdfs/2025/20030891.pdf,accepted
20030891,Hon. Lisa McClain,Vontier Corporation Common Stock,VNT,ST,P,2025-06-09,1001.0,15000.0,"$1,001 - $15,000",,77,https://disclosures-clerk.house.gov/public_disc/ptr-pdfs/2025/20030891.pdf,accepted
20030891,Hon. Lisa McClain,"Voya Financial, Inc. Common Stock",VOYA,ST,P,2025-06-11,1001.0,15000.0,"$1,001 - $15,000",,77,https://disclosures-clerk.house.gov/public_disc/ptr-pdfs/2025/20030891.pdf,accepted
20030891,Hon. Lisa McClain,W. P. Carey Inc. REIT,WPC,ST,P,2025-07-10,1001.0,15000.0,"$1,001 - $15,000",,78,https://disclosures-clerk.house.gov/public_disc/ptr-pdfs/2025/20030891.pdf,accepted
20030891,Hon. Lisa McClain,W.R. Berkley Corporation Common Stock,WRB,ST,P,2025-07-16,1001.0,15000.0,"$1,001 - $15,000",,78,https://disclosures-clerk.house.gov/public_disc/ptr-pdfs/2025/20030891.pdf,accepted
20030891,Hon. Lisa McClain,Walmart Inc. Common Stock,WMT,ST,P,2025-06-17,1001.0,15000.0,"$1,001 - $15,000",,78,https://disclosures-clerk.house.gov/public_disc/ptr-pdfs/2025/20030891.pdf,accepted
20030891,Hon. Lisa McClain,"Waste Management, Inc. Common Stock",WM,ST,P,2025-06-17,1001.0,15000.0,"$1,001 - $15,000",,78,https://disclosures-clerk.house.gov/public_disc/ptr-pdfs/2025/20030891.pdf,accepted
20030891,Hon. Lisa McClain,Waters Corporation Common Stock,WAT,ST,P,2025-07-16,1001.0,15000.0,"$1,001 - $15,000",,78,https://disclosures-clerk.house.gov/public_disc/ptr-pdfs/2025/20030891.pdf,accepted
20030891,Hon. Lisa McClain,"Watsco, Inc. Common Stock",WSO,ST,P,2025-06-17,1001.0,15000.0,"$1,001 - $15,000",,78,https://disclosures-clerk.house.gov/public_disc/ptr-pdfs/2025/20030891.pdf,accepted
20030891,Hon. Lisa McClain,WD-40 Company - Common Stock,WDFC,ST,P,2025-07-16,1001.0,15000.0,"$1,001 - $15,000",,79,https://disclosures-clerk.house.gov/public_disc/ptr-pdfs/2025/20030891.pdf,accepted
20030891,Hon. Lisa McClain,"West Pharmaceutical Services, Inc. Common Stock",WST,ST,P,2025-06-17,1001.0,15000.0,"$1,001 - $15,000",,79,https://disclosures-clerk.house.gov/public_disc/ptr-pdfs/2025/20030891.pdf,accepted
20030891,Hon. Lisa McClain,Western Alliance Bancorporation Common Stock,WAL,ST,P,2025-07-16,1001.0,15000.0,"$1,001 - $15,000",,79,https://disclosures-clerk.house.gov/public_disc/ptr-pdfs/2025/20030891.pdf,accepted
20030891,Hon. Lisa McClain,Whirlpool Corporation Common Stock,WHR,ST,P,2025-07-22,1001.0,15000.0,"$1,001 - $15,000",,79,https://disclosures-clerk.house.gov/public_disc/ptr-pdfs/2025/20030891.pdf,accepted
20030891,Hon. Lisa McClain,"Williams Companies, Inc.",WMB,ST,P,2025-02-24,1001.0,15000.0,"$1,001 - $15,000",,79,https://disclosures-clerk.house.gov/public_disc/ptr-pdfs/2025/20030891.pdf,accepted
20030891,Hon. Lisa McClain,"Workday, Inc. - Class A Common Stock",WDAY,ST,P,2025-03-21,1001.0,15000.0,"$1,001 - $15,000",,79,https://disclosures-clerk.house.gov/public_disc/ptr-pdfs/2025/20030891.pdf,accepted
20030891,Hon. Lisa McClain,WSFS Financial Corporation - Common Stock,WSFS,ST,P,2025-06-17,1001.0,15000.0,"$1,001 - $15,000",,80,https://disclosures-clerk.house.gov/public_disc/ptr-pdfs/2025/20030891.pdf,accepted
20030891,Hon. Lisa McClain,"Wynn Resorts, Limited - Common Stock",WYNN,ST,P,2025-06-09,1001.0,15000.0,"$1,001 - $15,000",,80,https://disclosures-clerk.house.gov/public_disc/ptr-pdfs/2025/20030891.pdf,accepted
20030891,Hon. Lisa McClain,"XPO, Inc. Common Stock",XPO,ST,P,2025-07-22,1001.0,15000.0,"$1,001 - $15,000",,80,https://disclosures-clerk.house.gov/public_disc/ptr-pdfs/2025/20030891.pdf,accepted
20030891,Hon. Lisa McClain,"Yum! Brands, Inc.",YUM,ST,P,2025-06-24,1001.0,15000.0,"$1,001 - $15,000",,80,https://disclosures-clerk.house.gov/public_disc/ptr-pdfs/2025/20030891.pdf,accepted
20030891,Hon. Lisa McClain,Zoetis Inc. Class A Common Stock,ZTS,ST,P,2025-07-22,1001.0,15000.0,"$1,001 - $15,000",,81,https://disclosures-clerk.house.gov/public_disc/ptr-pdfs/2025/20030891.pdf,accepted
20030901,Hon. Gilbert Cisneros,"CoStar Group, Inc. - Common Stock",CSGP,ST,P,2025-07-31,1001.0,15000.0,"$1,001 - $15,000",,1,https://disclosures-clerk.house.gov/public_disc/ptr-pdfs/2025/20030901.pdf,accepted
20030901,Hon. Gilbert Cisneros,"CoStar Group, Inc. - Common Stock",CSGP,ST,P,2025-07-09,1001.0,15000.0,"$1,001 - $15,000",,1,https://disclosures-clerk.house.gov/public_disc/ptr-pdfs/2025/20030901.pdf,accepted
20030901,Hon. Gilbert Cisneros,"Dayforce, Inc. Common Stock",DAY,ST,P,2025-07-31,1001.0,15000.0,"$1,001 - $15,000",,2,https://disclosures-clerk.house.gov/public_disc/ptr-pdfs/2025/20030901.pdf,accepted
20030901,Hon. Gilbert Cisneros,"General Mills, Inc. Common Stock",GIS,ST,P,2025-07-03,1001.0,15000.0,"$1,001 - $15,000",,2,https://disclosures-clerk.house.gov/public_disc/ptr-pdfs/2025/20030901.pdf,accepted
20030901,Hon. Gilbert Cisneros,Gulfport Energy Corporation Common Shares,GPOR,ST,P,2025-07-07,1001.0,15000.0,"$1,001 - $15,000",,2,https://disclosures-clerk.house.gov/public_disc/ptr-pdfs/2025/20030901.pdf,accepted
20030901,Hon. Gilbert Cisneros,Gulfport Energy Corporation Common Shares,GPOR,ST,P,2025-07-18,1001.0,15000.0,"$1,001 - $15,000",,2,https://disclosures-clerk.house.gov/public_disc/ptr-pdfs/2025/20030901.pdf,accepted
20030901,Hon. Gilbert Cisneros,PTC Inc. - Common Stock,PTC,ST,P,2025-07-09,1001.0,15000.0,"$1,001 - $15,000",,3,https://disclosures-clerk.house.gov/public_disc/ptr-pdfs/2025/20030901.pdf,accepted
20030901,Hon. Gilbert Cisneros,"Revvity, Inc. Common Stock",RVTY,ST,P,2025-07-23,1001.0,15000.0,"$1,001 - $15,000",,3,https://disclosures-clerk.house.gov/public_disc/ptr-pdfs/2025/20030901.pdf,accepted
20030901,Hon. Gilbert Cisneros,"Robinhood Markets, Inc. - Class A Common Stock",HOOD,ST,P,2025-07-09,1001.0,15000.0,"$1,001 - $15,000",,3,https://disclosures-clerk.house.gov/public_disc/ptr-pdfs/2025/20030901.pdf,accepted
20030901,Hon. Gilbert Cisneros,SIEMENS ENERGY AG,SMEGF,ST,P,2025-07-03,1001.0,15000.0,"$1,001 - $15,000",,3,https://disclosures-clerk.house.gov/public_disc/ptr-pdfs/2025/20030901.pdf,accepted
20030901,Hon. Gilbert Cisneros,Southwest Airlines Company Common Stock,LUV,ST,P,2025-07-03,1001.0,15000.0,"$1,001 - $15,000",,3,https://disclosures-clerk.house.gov/public_disc/ptr-pdfs/2025/20030901.pdf,accepted
20030901,Hon. Gilbert Cisneros,Ultragenyx Pharmaceutical Inc. - Common Stock,RARE,ST,P,2025-07-15,1001.0,15000.0,"$1,001 - $15,000",,3,https://disclosures-clerk.house.gov/public_disc/ptr-pdfs/2025/20030901.pdf,accepted
20030909,Hon. Julie Johnson,Chevron Corporation Common Stock,CVX,ST,P,2025-07-25,1001.0,15000.0,"$1,001 - $15,000",,1,https://disclosures-clerk.house.gov/public_disc/ptr-pdfs/2025/20030909.pdf,accepted
20030909,Hon. Julie Johnson,CME Group Inc. - Class A Common Stock,CME,ST,P,2025-07-22,1001.0,15000.0,"$1,001 - $15,000",,1,https://disclosures-clerk.house.gov/public_disc/ptr-pdfs/2025/20030909.pdf,accepted
20030909,Hon. Julie Johnson,Packaging Corporation of America Common Stock,PKG,ST,P,2025-07-22,1001.0,15000.0,"$1,001 - $15,000",,2,https://disclosures-clerk.house.gov/public_disc/ptr-pdfs/2025/20030909.pdf,accepted
20030909,Hon. Julie Johnson,Packaging Corporation of America Common Stock,PKG,ST,P,2025-07-25,1001.0,15000.0,"$1,001 - $15,000",,2,https://disclosures-clerk.house.gov/public_disc/ptr-pdfs/2025/20030909.pdf,accepted
20030909,Hon. Julie Johnson,The Bank of New York Mellon Corporation Common Stock,BK,ST,P,2025-07-18,1001.0,15000.0,"$1,001 - $15,000",,2,https://disclosures-clerk.house.gov/public_disc/ptr-pdfs/2025/20030909.pdf,accepted
20030918,Hon. Scott Scott Franklin,Novo Nordisk A/S Common Stock,NVO,ST,P,2025-08-04,15001.0,50000.0,"$15,001 - $50,000",,1,https://disclosures-clerk.house.gov/public_disc/ptr-pdfs/2025/20030918.pdf,accepted
20030918,Hon. Scott Scott Franklin,Novo Nordisk A/S Common Stock,NVO,ST,P,2025-08-04,1001.0,15000.0,"$1,001 - $15,000",,1,https://disclosures-clerk.house.gov/public_disc/ptr-pdfs/2025/20030918.pdf,accepted
20030918,Hon. Scott Scott Franklin,Novo Nordisk A/S Common Stock,NVO,ST,P,2025-08-04,1001.0,15000.0,"$1,001 - $15,000",,1,https://disclosures-clerk.house.gov/public_disc/ptr-pdfs/2025/20030918.pdf,accepted
20030918,Hon. Scott Scott Franklin,Novo Nordisk A/S Common Stock,NVO,ST,P,2025-08-04,1001.0,15000.0,"$1,001 - $15,000",,2,https://disclosures-clerk.house.gov/public_disc/ptr-pdfs/2025/20030918.pdf,accepted
20030924,Hon. Marjorie Taylor Greene,AbbVie Inc. Common Stock,ABBV,ST,P,2025-08-04,1001.0,15000.0,"$1,001 - $15,000",,1,https://disclosures-clerk.house.gov/public_disc/ptr-pdfs/2025/20030924.pdf,accepted
20030924,Hon. Marjorie Taylor Greene,"United Parcel Service, Inc. Common Stock",UPS,ST,P,2025-08-04,1001.0,15000.0,"$1,001 - $15,000",,1,https://disclosures-clerk.house.gov/public_disc/ptr-pdfs/2025/20030924.pdf,accepted
20030924,Hon. Marjorie Taylor Greene,UnitedHealth Group Incorporated Common Stock,UNH,ST,P,2025-08-04,1001.0,15000.0,"$1,001 - $15,000",,1,https://disclosures-clerk.house.gov/public_disc/ptr-pdfs/2025/20030924.pdf,accepted
20030929,Hon. Debbie Wasserman Schultz,"Stratasys, Ltd. - Common Stock",SSYS,ST,P,2025-08-15,1001.0,15000.0,"$1,001 - $15,000",,1,https://disclosures-clerk.house.gov/public_disc/ptr-pdfs/2025/20030929.pdf,accepted
20030930,Hon. Ritchie John Torres,"Marvell Technology, Inc. - Common Stock",MRVL,ST,P,2025-06-06,1001.0,15000.0,"$1,001 - $15,000",,12,https://disclosures-clerk.house.gov/public_disc/ptr-pdfs/2025/20030930.pdf,accepted
20030930,Hon. Ritchie John Torres,"McCormick & Company, Incorporated Common Stock",MKC,ST,P,2025-01-07,1001.0,15000.0,"$1,001 - $15,000",,13,https://disclosures-clerk.house.gov/public_disc/ptr-pdfs/2025/20030930.pdf,accepted
20030930,Hon. Ritchie John Torres,TC Energy Corporation Common Stock,TRP,ST,P,2025-04-09,1001.0,15000.0,"$1,001 - $15,000",,20,https://disclosures-clerk.house.gov/public_disc/ptr-pdfs/2025/20030930.pdf,accepted
20030932,Hon. Lisa McClain,"ACI Worldwide, Inc. - Common Stock",ACIW,ST,P,2025-08-19,1001.0,15000.0,"$1,001 - $15,000",,1,https://disclosures-clerk.house.gov/public_disc/ptr-pdfs/2025/20030932.pdf,accepted
20030932,Hon. Lisa McClain,Agree Realty Corporation Common Stock,ADC,ST,P,2025-08-13,1001.0,15000.0,"$1,001 - $15,000",,1,https://disclosures-clerk.house.gov/public_disc/ptr-pdfs/2025/20030932.pdf,accepted
20030932,Hon. Lisa McClain,"Air Products and Chemicals, Inc. Common Stock",APD,ST,P,2025-08-04,1001.0,15000.0,"$1,001 - $15,000",,1,https://disclosures-clerk.house.gov/public_disc/ptr-pdfs/2025/20030932.pdf,accepted
20030932,Hon. Lisa McClain,"Akamai Technologies, Inc. - Common Stock",AKAM,ST,P,2025-08-13,1001.0,15000.0,"$1,001 - $15,000",,1,https://disclosures-clerk.house.gov/public_disc/ptr-pdfs/2025/20030932.pdf,accepted
20030932,Hon. Lisa McClain,"Align Technology, Inc. - Common Stock",ALGN,ST,P,2025-08-04,1001.0,15000.0,"$1,001 - $15,000",,1,https://disclosures-clerk.house.gov/public_disc/ptr-pdfs/2025/20030932.pdf,accepted
20030932,Hon. Lisa McClain,Alliant Energy Corporation,LNT,ST,P,2025-08-04,1001.0,15000.0,"$1,001 - $15,000",,2,https://disclosures-clerk.house.gov/public_disc/ptr-pdfs/2025/20030932.pdf,accepted
20030932,Hon. Lisa McClain,"AppFolio, Inc. - Class A Common Stock",APPF,ST,P,2025-08-13,1001.0,15000.0,"$1,001 - $15,000",,2,https://disclosures-clerk.house.gov/public_disc/ptr-pdfs/2025/20030932.pdf,accepted
20030932,Hon. Lisa McClain,"Arista Networks, Inc. Common Stock",ANET,ST,P,2025-08-13,1001.0,15000.0,"$1,001 - $15,000",,2,https://disclosures-clerk.house.gov/public_disc/ptr-pdfs/2025/20030932.pdf,accepted
20030932,Hon. Lisa McClain,"AvalonBay Communities, Inc. Common Stock",AVB,ST,P,2025-08-04,1001.0,15000.0,"$1,001 - $15,000",,2,https://disclosures-clerk.house.gov/public_disc/ptr-pdfs/2025/20030932.pdf,accepted
20030932,Hon. Lisa McClain,"Berkshire Hills Bancorp, Inc. Common Stock",BHLB,ST,P,2025-08-04,1001.0,15000.0,"$1,001 - $15,000",,2,https://disclosures-clerk.house.gov/public_disc/ptr-pdfs/2025/20030932.pdf,accepted
20030932,Hon. Lisa McClain,"BigBear.ai, Inc. Common Stock",BBAI,ST,P,2025-08-07,15001.0,50000.0,"$15,001 - $50,000",,3,https://disclosures-clerk.house.gov/public_disc/ptr-pdfs/2025/20030932.pdf,accepted
20030932,Hon. Lisa McClain,"BlackLine, Inc. - Common Stock",BL,ST,P,2025-08-13,1001.0,15000.0,"$1,001 - $15,000",,3,https://disclosures-clerk.house.gov/public_disc/ptr-pdfs/2025/20030932.pdf,accepted
20030932,Hon. Lisa McClain,"Boise Cascade, L.L.C. Common Stock",BCC,ST,P,2025-08-04,1001.0,15000.0,"$1,001 - $15,000",,3,https://disclosures-clerk.house.gov/public_disc/ptr-pdfs/2025/20030932.pdf,accepted
20030932,Hon. Lisa McClain,"British American Tobacco Industries, p.l.c. Common Stock ADR",BTI,ST,P,2025-08-04,1001.0,15000.0,"$1,001 - $15,000",,3,https://disclosures-clerk.house.gov/public_disc/ptr-pdfs/2025/20030932.pdf,accepted
20030932,Hon. Lisa McClain,"Brown & Brown, Inc. Common Stock",BRO,ST,P,2025-08-04,1001.0,15000.0,"$1,001 - $15,000",,3,https://disclosures-clerk.house.gov/public_disc/ptr-pdfs/2025/20030932.pdf,accepted
20030932,Hon. Lisa McClain,"Burlington Stores, Inc. Common Stock",BURL,ST,P,2025-08-13,1001.0,15000.0,"$1,001 - $15,000",,3,https://disclosures-clerk.house.gov/public_disc/ptr-pdfs/2025/20030932.pdf,accepted
20030932,Hon. Lisa McClain,Carrier Global Corporation Common Stock,CARR,ST,P,2025-08-04,1001.0,15000.0,"$1,001 - $15,000",,4,https://disclosures-clerk.house.gov/public_disc/ptr-pdfs/2025/20030932.pdf,accepted
20030932,Hon. Lisa McClain,"Church & Dwight Company, Inc. Common Stock",CHD,ST,P,2025-08-04,1001.0,15000.0,"$1,001 - $15,000",,4,https://disclosures-clerk.house.gov/public_disc/ptr-pdfs/2025/20030932.pdf,accepted
20030932,Hon. Lisa McClain,Colgate-Palmolive Company Common Stock,CL,ST,P,2025-08-13,1001.0,15000.0,"$1,001 - $15,000",,4,https://disclosures-clerk.house.gov/public_disc/ptr-pdfs/2025/20030932.pdf,accepted
20030932,Hon. Lisa McClain,"Commvault Systems, Inc. - Common Stock",CVLT,ST,P,2025-08-13,1001.0,15000.0,"$1,001 - $15,000",,4,https://disclosures-clerk.house.gov/public_disc/ptr-pdfs/2025/20030932.pdf,accepted
20030932,Hon. Lisa McClain,"CoStar Group, Inc. - Common Stock",CSGP,ST,P,2025-08-13,1001.0,15000.0,"$1,001 - $15,000",,4,https://disclosures-clerk.house.gov/public_disc/ptr-pdfs/2025/20030932.pdf,accepted
20030932,Hon. Lisa McClain,CubeSmart Common Shares,CUBE,ST,P,2025-08-04,1001.0,15000.0,"$1,001 - $15,000",,5,https://disclosures-clerk.house.gov/public_disc/ptr-pdfs/2025/20030932.pdf,accepted
20030932,Hon. Lisa McClain,"Datadog, Inc. - Class A Common Stock",DDOG,ST,P,2025-08-13,1001.0,15000.0,"$1,001 - $15,000",,5,https://disclosures-clerk.house.gov/public_disc/ptr-pdfs/2025/20030932.pdf,accepted
20030932,Hon. Lisa McClain,Domino's Pizza Inc - Common Stock,DPZ,ST,P,2025-08-13,1001.0,15000.0,"$1,001 - $15,000",,5,https://disclosures-clerk.house.gov/public_disc/ptr-pdfs/2025/20030932.pdf,accepted
20030932,Hon. Lisa McClain,"Duolingo, Inc. - Class A Common",DUOL,ST,P,2025-08-04,1001.0,15000.0,"$1,001 - $15,000",,5,https://disclosures-clerk.house.gov/public_disc/ptr-pdfs/2025/20030932.pdf,accepted
20030932,Hon. Lisa McClain,"Entegris, Inc. - Common Stock",ENTG,ST,P,2025-08-04,1001.0,15000.0,"$1,001 - $15,000",,6,https://disclosures-clerk.house.gov/public_disc/ptr-pdfs/2025/20030932.pdf,accepted
20030932,Hon. Lisa McClain,Equinor ASA,EQNR,ST,P,2025-08-04,1001.0,15000.0,"$1,001 - $15,000",,6,https://disclosures-clerk.house.gov/public_disc/ptr-pdfs/2025/20030932.pdf,accepted
20030932,Hon. Lisa McClain,"Exponent, Inc. - Common Stock",EXPO,ST,P,2025-08-13,1001.0,15000.0,"$1,001 - $15,000",,6,https://disclosures-clerk.house.gov/public_disc/ptr-pdfs/2025/20030932.pdf,accepted
20030932,Hon. Lisa McClain,Flex Ltd. - Ordinary Shares,FLEX,ST,P,2025-08-04,1001.0,15000.0,"$1,001 - $15,000",,7,https://disclosures-clerk.house.gov/public_disc/ptr-pdfs/2025/20030932.pdf,accepted
20030932,Hon. Lisa McClain,"Flowers Foods, Inc. Common Stock",FLO,ST,P,2025-08-04,1001.0,15000.0,"$1,001 - $15,000",,7,https://disclosures-clerk.house.gov/public_disc/ptr-pdfs/2025/20030932.pdf,accepted
20030932,Hon. Lisa McClain,"Fortinet, Inc. - Common Stock",FTNT,ST,P,2025-08-13,1001.0,15000.0,"$1,001 - $15,000",,7,https://disclosures-clerk.house.gov/public_disc/ptr-pdfs/2025/20030932.pdf,accepted
20030932,Hon. Lisa McClain,"Freeport-McMoRan, Inc. Common Stock",FCX,ST,P,2025-08-13,1001.0,15000.0,"$1,001 - $15,000",,7,https://disclosures-clerk.house.gov/public_disc/ptr-pdfs/2025/20030932.pdf,accepted
20030932,Hon. Lisa McClain,"FTI Consulting, Inc. Common Stock",FCN,ST,P,2025-08-13,1001.0,15000.0,"$1,001 - $15,000",,7,https://disclosures-clerk.house.gov/public_disc/ptr-pdfs/2025/20030932.pdf,accepted
20030932,Hon. Lisa McClain,GSK plc American Depositary Shares,GSK,ST,P,2025-08-04,1001.0,15000.0,"$1,001 - $15,000",,8,https://disclosures-clerk.house.gov/public_disc/ptr-pdfs/2025/20030932.pdf,accepted
20030932,Hon. Lisa McClain,"Guidewire Software, Inc. Common Stock",GWRE,ST,P,2025-08-04,1001.0,15000.0,"$1,001 - $15,000",,8,https://disclosures-clerk.house.gov/public_disc/ptr-pdfs/2025/20030932.pdf,accepted
20030932,Hon. Lisa McClain,"HCA Healthcare, Inc. Common Stock",HCA,ST,P,2025-08-19,1001.0,15000.0,"$1,001 - $15,000",,8,https://disclosures-clerk.house.gov/public_disc/ptr-pdfs/2025/20030932.pdf,accepted
20030932,Hon. Lisa McClain,"Hims & Hers Health, Inc. Class A Common Stock",HIMS,ST,P,2025-08-04,1001.0,15000.0,"$1,001 - $15,000",,8,https://disclosures-clerk.house.gov/public_disc/ptr-pdfs/2025/20030932.pdf,accepted
20030932,Hon. Lisa McClain,IDEX Corporation Common Stock,IEX,ST,P,2025-08-04,1001.0,15000.0,"$1,001 - $15,000",,9,https://disclosures-clerk.house.gov/public_disc/ptr-pdfs/2025/20030932.pdf,accepted
20030932,Hon. Lisa McClain,Infosys Limited American Depositary Shares,INFY,ST,P,2025-08-04,1001.0,15000.0,"$1,001 - $15,000",,9,https://disclosures-clerk.house.gov/public_disc/ptr-pdfs/2025/20030932.pdf,accepted
20030932,Hon. Lisa McClain,"Interactive Brokers Group, Inc. - Class A Common Stock",IBKR,ST,P,2025-08-13,1001.0,15000.0,"$1,001 - $15,000",,9,https://disclosures-clerk.house.gov/public_disc/ptr-pdfs/2025/20030932.pdf,accepted
20030932,Hon. Lisa McClain,Intuit Inc. - Common Stock,INTU,ST,P,2025-08-13,1001.0,15000.0,"$1,001 - $15,000",,9,https://disclosures-clerk.house.gov/public_disc/ptr-pdfs/2025/20030932.pdf,accepted
20030932,Hon. Lisa McClain,"JD.com, Inc. - American Depositary Shares",JD,ST,P,2025-08-13,1001.0,15000.0,"$1,001 - $15,000",,9,https://disclosures-clerk.house.gov/public_disc/ptr-pdfs/2025/20030932.pdf,accepted
20030932,Hon. Lisa McClain,Johnson & Johnson Common Stock,JNJ,ST,P,2025-08-04,1001.0,15000.0,"$1,001 - $15,000",,9,https://disclosures-clerk.house.gov/public_disc/ptr-pdfs/2025/20030932.pdf,accepted
20030932,Hon. Lisa McClain,Kite Realty Group Trust Common Stock,KRG,ST,P,2025-08-13,1001.0,15000.0,"$1,001 - $15,000",,9,https://disclosures-clerk.house.gov/public_disc/ptr-pdfs/2025/20030932.pdf,accepted
20030932,Hon. Lisa McClain,Li Auto Inc. - American Depositary Shares,LI,ST,P,2025-08-13,1001.0,15000.0,"$1,001 - $15,000",,10,https://disclosures-clerk.house.gov/public_disc/ptr-pdfs/2025/20030932.pdf,accepted
20030932,Hon. Lisa McClain,Magnolia Oil & Gas Corporation Class A Common Stock,MGY,ST,P,2025-08-04,1001.0,15000.0,"$1,001 - $15,000",,10,https://disclosures-clerk.house.gov/public_disc/ptr-pdfs/2025/20030932.pdf,accepted
20030932,Hon. Lisa McClain,Maplebear Inc. - Common Stock,CART,ST,P,2025-08-13,1001.0,15000.0,"$1,001 - $15,000",,10,https://disclosures-clerk.house.gov/public_disc/ptr-pdfs/2025/20030932.pdf,accepted
20030932,Hon. Lisa McClain,MKS Inc. - Common Stock,MKSI,ST,P,2025-08-04,1001.0,15000.0,"$1,001 - $15,000",,10,https://disclosures-clerk.house.gov/public_disc/ptr-pdfs/2025/20030932.pdf,accepted
20030932,Hon. Lisa McClain,"NatWest Group plc American Depositary Shares,",NWG,ST,P,2025-08-13,1001.0,15000.0,"$1,001 - $15,000",,11,https://disclosures-clerk.house.gov/public_disc/ptr-pdfs/2025/20030932.pdf,accepted
20030932,Hon. Lisa McClain,OGE Energy Corp Common Stock,OGE,ST,P,2025-08-13,1001.0,15000.0,"$1,001 - $15,000",,11,https://disclosures-clerk.house.gov/public_disc/ptr-pdfs/2025/20030932.pdf,accepted
20030932,Hon. Lisa McClain,Otis Worldwide Corporation Common Stock,OTIS,ST,P,2025-08-04,1001.0,15000.0,"$1,001 - $15,000",,12,https://disclosures-clerk.house.gov/public_disc/ptr-pdfs/2025/20030932.pdf,accepted
20030932,Hon. Lisa McClain,"PayPal Holdings, Inc. - Common Stock",PYPL,ST,P,2025-08-04,1001.0,15000.0,"$1,001 - $15,000",,12,https://disclosures-clerk.house.gov/public_disc/ptr-pdfs/2025/20030932.pdf,accepted
20030932,Hon. Lisa McClain,Performance Food Group Company Common Stock,PFGC,ST,P,2025-08-13,1001.0,15000.0,"$1,001 - $15,000",,12,https://disclosures-clerk.house.gov/public_disc/ptr-pdfs/2025/20030932.pdf,accepted
20030932,Hon. Lisa McClain,"Reliance, Inc. Common Stock",RS,ST,P,2025-08-04,1001.0,15000.0,"$1,001 - $15,000",,12,https://disclosures-clerk.house.gov/public_disc/ptr-pdfs/2025/20030932.pdf,accepted
20030932,Hon. Lisa McClain,"Ryman Hospitality Properties, Inc.",RHP,ST,P,2025-08-04,1001.0,15000.0,"$1,001 - $15,000",,13,https://disclosures-clerk.house.gov/public_disc/ptr-pdfs/2025/20030932.pdf,accepted
20030932,Hon. Lisa McClain,Sanofi - American Depositary Shares,SNY,ST,P,2025-08-04,1001.0,15000.0,"$1,001 - $15,000",,13,https://disclosures-clerk.house.gov/public_disc/ptr-pdfs/2025/20030932.pdf,accepted
20030932,Hon. Lisa McClain,SAP SE ADS,SAP,ST,P,2025-08-04,1001.0,15000.0,"$1,001 - $15,000",,13,https://disclosures-clerk.house.gov/public_disc/ptr-pdfs/2025/20030932.pdf,accepted
20030932,Hon. Lisa McClain,"ServiceNow, Inc. Common Stock",NOW,ST,P,2025-08-04,1001.0,15000.0,"$1,001 - $15,000",,13,https://disclosures-clerk.house.gov/public_disc/ptr-pdfs/2025/20030932.pdf,accepted
20030932,Hon. Lisa McClain,Sony Group Corporation American Depositary Shares,SONY,ST,P,2025-08-04,1001.0,15000.0,"$1,001 - $15,000",,14,https://disclosures-clerk.house.gov/public_disc/ptr-pdfs/2025/20030932.pdf,accepted
20030932,Hon. Lisa McClain,"Synopsys, Inc. - Common Stock",SNPS,ST,P,2025-08-13,1001.0,15000.0,"$1,001 - $15,000",,14,https://disclosures-clerk.house.gov/public_disc/ptr-pdfs/2025/20030932.pdf,accepted
20030932,Hon. Lisa McClain,"Texas Roadhouse, Inc. - Common Stock",TXRH,ST,P,2025-08-13,1001.0,15000.0,"$1,001 - $15,000",,14,https://disclosures-clerk.house.gov/public_disc/ptr-pdfs/2025/20030932.pdf,accepted
20030932,Hon. Lisa McClain,Textron Inc. Common Stock,TXT,ST,P,2025-08-04,1001.0,15000.0,"$1,001 - $15,000",,14,https://disclosures-clerk.house.gov/public_disc/ptr-pdfs/2025/20030932.pdf,accepted
20030932,Hon. Lisa McClain,TotalEnergies SE,TTE,ST,P,2025-08-13,1001.0,15000.0,"$1,001 - $15,000",,15,https://disclosures-clerk.house.gov/public_disc/ptr-pdfs/2025/20030932.pdf,accepted
20030932,Hon. Lisa McClain,Toyota Motor Corporation Common Stock,TM,ST,P,2025-08-13,1001.0,15000.0,"$1,001 - $15,000",,15,https://disclosures-clerk.house.gov/public_disc/ptr-pdfs/2025/20030932.pdf,accepted
20030932,Hon. Lisa McClain,"Tyler Technologies, Inc. Common Stock",TYL,ST,P,2025-08-13,1001.0,15000.0,"$1,001 - $15,000",,15,https://disclosures-clerk.house.gov/public_disc/ptr-pdfs/2025/20030932.pdf,accepted
20030932,Hon. Lisa McClain,"United Parcel Service, Inc. Common Stock",UPS,ST,P,2025-08-04,1001.0,15000.0,"$1,001 - $15,000",,15,https://disclosures-clerk.house.gov/public_disc/ptr-pdfs/2025/20030932.pdf,accepted
20030932,Hon. Lisa McClain,UnitedHealth Group Incorporated Common Stock,UNH,ST,P,2025-08-13,1001.0,15000.0,"$1,001 - $15,000",,15,https://disclosures-clerk.house.gov/public_disc/ptr-pdfs/2025/20030932.pdf,accepted
20030932,Hon. Lisa McClain,Unum Group Common Stock,UNM,ST,P,2025-08-04,1001.0,15000.0,"$1,001 - $15,000",,15,https://disclosures-clerk.house.gov/public_disc/ptr-pdfs/2025/20030932.pdf,accepted
20030932,Hon. Lisa McClain,"Verisk Analytics, Inc. - Common Stock",VRSK,ST,P,2025-08-04,1001.0,15000.0,"$1,001 - $15,000",,16,https://disclosures-clerk.house.gov/public_disc/ptr-pdfs/2025/20030932.pdf,accepted
20030944,Hon. Marjorie Taylor Greene,Novo Nordisk A/S Common Stock,NVO,ST,P,2025-08-19,15001.0,50000.0,"$15,001 - $50,000",,1,https://disclosures-clerk.house.gov/public_disc/ptr-pdfs/2025/20030944.pdf,accepted
20030946,Hon. Thomas H. Kean Jr,Abbott Laboratories Common Stock,ABT,ST,P,2025-07-21,1001.0,15000.0,"$1,001 - $15,000",,1,https://disclosures-clerk.house.gov/public_disc/ptr-pdfs/2025/20030946.pdf,accepted
20030946,Hon. Thomas H. Kean Jr,Check Point Software Technologies Ltd. - Ordinary Shares,CHKP,ST,P,2025-07-29,15001.0,50000.0,"$15,001 - $50,000",,1,https://disclosures-clerk.house.gov/public_disc/ptr-pdfs/2025/20030946.pdf,accepted
20030996,Hon. Marjorie Taylor Greene,Alphabet Inc. - Class C Capital Stock,GOOG,ST,P,2025-08-28,1001.0,15000.0,"$1,001 - $15,000",,1,https://disclosures-clerk.house.gov/public_disc/ptr-pdfs/2025/20030996.pdf,accepted
20030996,Hon. Marjorie Taylor Greene,Exelon Corporation,EXC,ST,P,2025-08-28,15001.0,50000.0,"$15,001 - $50,000",,1,https://disclosures-clerk.house.gov/public_disc/ptr-pdfs/2025/20030996.pdf,accepted
20030996,Hon. Marjorie Taylor Greene,FedEx Corporation Common Stock,FDX,ST,P,2025-08-28,15001.0,50000.0,"$15,001 - $50,000",,1,https://disclosures-clerk.house.gov/public_disc/ptr-pdfs/2025/20030996.pdf,accepted
20030996,Hon. Marjorie Taylor Greene,"MercadoLibre, Inc. - Common Stock",MELI,ST,P,2025-08-28,1001.0,15000.0,"$1,001 - $15,000",,1,https://disclosures-clerk.house.gov/public_disc/ptr-pdfs/2025/20030996.pdf,accepted
20030996,Hon. Marjorie Taylor Greene,"Merck & Company, Inc. Common Stock",MRK,ST,P,2025-08-28,1001.0,15000.0,"$1,001 - $15,000",,1,https://disclosures-clerk.house.gov/public_disc/ptr-pdfs/2025/20030996.pdf,accepted
20030996,Hon. Marjorie Taylor Greene,Morgan Stanley Common Stock,MS,ST,P,2025-08-28,1001.0,15000.0,"$1,001 - $15,000",,1,https://disclosures-clerk.house.gov/public_disc/ptr-pdfs/2025/20030996.pdf,accepted
20030996,Hon. Marjorie Taylor Greene,Novo Nordisk A/S Common Stock,NVO,ST,P,2025-08-28,1001.0,15000.0,"$1,001 - $15,000",,1,https://disclosures-clerk.house.gov/public_disc/ptr-pdfs/2025/20030996.pdf,accepted
20030996,Hon. Marjorie Taylor Greene,"Pepsico, Inc.",PEP,ST,P,2025-08-28,1001.0,15000.0,"$1,001 - $15,000",,1,https://disclosures-clerk.house.gov/public_disc/ptr-pdfs/2025/20030996.pdf,accepted
20030996,Hon. Marjorie Taylor Greene,"Ryman Hospitality Properties, Inc.",RHP,ST,P,2025-08-28,15001.0,50000.0,"$15,001 - $50,000",,2,https://disclosures-clerk.house.gov/public_disc/ptr-pdfs/2025/20030996.pdf,accepted
20030996,Hon. Marjorie Taylor Greene,Southern Company,SO,ST,P,2025-08-28,1001.0,15000.0,"$1,001 - $15,000",,2,https://disclosures-clerk.house.gov/public_disc/ptr-pdfs/2025/20030996.pdf,accepted
20030996,Hon. Marjorie Taylor Greene,"United Parcel Service, Inc. Common Stock",UPS,ST,P,2025-08-28,1001.0,15000.0,"$1,001 - $15,000",,2,https://disclosures-clerk.house.gov/public_disc/ptr-pdfs/2025/20030996.pdf,accepted
20030996,Hon. Marjorie Taylor Greene,UnitedHealth Group Incorporated Common Stock,UNH,ST,P,2025-08-28,1001.0,15000.0,"$1,001 - $15,000",,2,https://disclosures-clerk.house.gov/public_disc/ptr-pdfs/2025/20030996.pdf,accepted
20031001,Hon. Judy Chu,Astrana Health Inc. - Common Stock,ASTH,ST,P,2025-08-19,100001.0,250000.0,"$100,001 - $250,000",,1,https://disclosures-clerk.house.gov/public_disc/ptr-pdfs/2025/20031001.pdf,accepted
20031013,Hon. April McClain Delaney,"BJ's Wholesale Club Holdings, Inc. Common Stock",BJ,ST,P,2025-08-25,1001.0,15000.0,"$1,001 - $15,000",,1,https://disclosures-clerk.house.gov/public_disc/ptr-pdfs/2025/20031013.pdf,accepted
20031013,Hon. April McClain Delaney,Jones Lang LaSalle Incorporated Common Stock,JLL,ST,P,2025-08-07,1001.0,15000.0,"$1,001 - $15,000",,2,https://disclosures-clerk.house.gov/public_disc/ptr-pdfs/2025/20031013.pdf,accepted
20031013,Hon. April McClain Delaney,Markel Group Inc. Common Stock,MKL,ST,P,2025-08-07,1001.0,15000.0,"$1,001 - $15,000",,2,https://disclosures-clerk.house.gov/public_disc/ptr-pdfs/2025/20031013.pdf,accepted
20031013,Hon. April McClain Delaney,Markel Group Inc. Common Stock,MKL,ST,P,2025-08-01,15001.0,50000.0,"$15,001 - $50,000",,2,https://disclosures-clerk.house.gov/public_disc/ptr-pdfs/2025/20031013.pdf,accepted
20031013,Hon. April McClain Delaney,Markel Group Inc. Common Stock,MKL,ST,P,2025-08-21,15001.0,50000.0,"$15,001 - $50,000",,2,https://disclosures-clerk.house.gov/public_disc/ptr-pdfs/2025/20031013.pdf,accepted
20031013,Hon. April McClain Delaney,"Morningstar, Inc. - Common Stock",MORN,ST,P,2025-08-02,15001.0,50000.0,"$15,001 - $50,000",,2,https://disclosures-clerk.house.gov/public_disc/ptr-pdfs/2025/20031013.pdf,accepted
20031013,Hon. April McClain Delaney,PTC Inc. - Common Stock,PTC,ST,P,2025-08-01,15001.0,50000.0,"$15,001 - $50,000",,2,https://disclosures-clerk.house.gov/public_disc/ptr-pdfs/2025/20031013.pdf,accepted
20031017,Cleo Fields,"Advanced Micro Devices, Inc.",AMD,ST,P,2025-08-01,15001.0,50000.0,"$15,001 - $50,000",,1,https://disclosures-clerk.house.gov/public_disc/ptr-pdfs/2025/20031017.pdf,accepted
20031017,Cleo Fields,"Advanced Micro Devices, Inc.",AMD,ST,P,2025-08-15,15001.0,50000.0,"$15,001 - $50,000",,1,https://disclosures-clerk.house.gov/public_disc/ptr-pdfs/2025/20031017.pdf,accepted
20031017,Cleo Fields,Alphabet Inc. - Class C Capital Stock,GOOG,ST,P,2025-08-01,100001.0,250000.0,"$100,001 - $250,000",,1,https://disclosures-clerk.house.gov/public_disc/ptr-pdfs/2025/20031017.pdf,accepted
20031017,Cleo Fields,"Amazon.com, Inc. - Common Stock",AMZN,ST,P,2025-08-01,100001.0,250000.0,"$100,001 - $250,000",,1,https://disclosures-clerk.house.gov/public_disc/ptr-pdfs/2025/20031017.pdf,accepted
20031017,Cleo Fields,"Amazon.com, Inc. - Common Stock",AMZN,ST,P,2025-08-15,50001.0,100000.0,"$50,001 - $100,000",,1,https://disclosures-clerk.house.gov/public_disc/ptr-pdfs/2025/20031017.pdf,accepted
20031017,Cleo Fields,"Amazon.com, Inc. - Common Stock",AMZN,ST,P,2025-08-15,15001.0,50000.0,"$15,001 - $50,000",,1,https://disclosures-clerk.house.gov/public_disc/ptr-pdfs/2025/20031017.pdf,accepted
20031017,Cleo Fields,Apple Inc. - Common Stock,AAPL,ST,P,2025-08-14,1001.0,15000.0,"$1,001 - $15,000",,2,https://disclosures-clerk.house.gov/public_disc/ptr-pdfs/2025/20031017.pdf,accepted
20031017,Cleo Fields,Apple Inc. - Common Stock,AAPL,ST,P,2025-08-01,15001.0,50000.0,"$15,001 - $50,000",,2,https://disclosures-clerk.house.gov/public_disc/ptr-pdfs/2025/20031017.pdf,accepted
20031017,Cleo Fields,Broadcom Inc. - Common Stock,AVGO,ST,P,2025-08-13,50001.0,100000.0,"$50,001 - $100,000",,2,https://disclosures-clerk.house.gov/public_disc/ptr-pdfs/2025/20031017.pdf,accepted
20031017,Cleo Fields,Broadcom Inc. - Common Stock,AVGO,ST,P,2025-08-15,15001.0,50000.0,"$15,001 - $50,000",,2,https://disclosures-clerk.house.gov/public_disc/ptr-pdfs/2025/20031017.pdf,accepted
20031017,Cleo Fields,Broadcom Inc. - Common Stock,AVGO,ST,P,2025-08-15,15001.0,50000.0,"$15,001 - $50,000",,2,https://disclosures-clerk.house.gov/public_disc/ptr-pdfs/2025/20031017.pdf,accepted
20031017,Cleo Fields,"Meta Platforms, Inc. - Class A Common Stock",META,ST,P,2025-08-01,100001.0,250000.0,"$100,001 - $250,000",,2,https://disclosures-clerk.house.gov/public_disc/ptr-pdfs/2025/20031017.pdf,accepted
20031017,Cleo Fields,"Meta Platforms, Inc. - Class A Common Stock",META,ST,P,2025-08-01,100001.0,250000.0,"$100,001 - $250,000",,2,https://disclosures-clerk.house.gov/public_disc/ptr-pdfs/2025/20031017.pdf,accepted
20031017,Cleo Fields,"Meta Platforms, Inc. - Class A Common Stock",META,ST,P,2025-08-13,100001.0,250000.0,"$100,001 - $250,000",,3,https://disclosures-clerk.house.gov/public_disc/ptr-pdfs/2025/20031017.pdf,accepted
20031017,Cleo Fields,Microsoft Corporation - Common Stock,MSFT,ST,P,2025-08-01,100001.0,250000.0,"$100,001 - $250,000",,3,https://disclosures-clerk.house.gov/public_disc/ptr-pdfs/2025/20031017.pdf,accepted
20031017,Cleo Fields,Microsoft Corporation - Common Stock,MSFT,ST,P,2025-08-01,100001.0,250000.0,"$100,001 - $250,000",,3,https://disclosures-clerk.house.gov/public_disc/ptr-pdfs/2025/20031017.pdf,accepted
20031017,Cleo Fields,Microsoft Corporation - Common Stock,MSFT,ST,P,2025-08-01,50001.0,100000.0,"$50,001 - $100,000",,3,https://disclosures-clerk.house.gov/public_disc/ptr-pdfs/2025/20031017.pdf,accepted
20031017,Cleo Fields,NVIDIA Corporation - Common Stock,NVDA,ST,P,2025-08-06,50001.0,100000.0,"$50,001 - $100,000",,3,https://disclosures-clerk.house.gov/public_disc/ptr-pdfs/2025/20031017.pdf,accepted
20031017,Cleo Fields,NVIDIA Corporation - Common Stock,NVDA,ST,P,2025-08-01,50001.0,100000.0,"$50,001 - $100,000",,3,https://disclosures-clerk.house.gov/public_disc/ptr-pdfs/2025/20031017.pdf,accepted
20031017,Cleo Fields,NVIDIA Corporation - Common Stock,NVDA,ST,P,2025-08-01,100001.0,250000.0,"$100,001 - $250,000",,3,https://disclosures-clerk.house.gov/public_disc/ptr-pdfs/2025/20031017.pdf,accepted
20031017,Cleo Fields,NVIDIA Corporation - Common Stock,NVDA,ST,P,2025-08-13,100001.0,250000.0,"$100,001 - $250,000",,3,https://disclosures-clerk.house.gov/public_disc/ptr-pdfs/2025/20031017.pdf,accepted
20031017,Cleo Fields,NVIDIA Corporation - Common Stock,NVDA,ST,P,2025-08-13,100001.0,250000.0,"$100,001 - $250,000",,3,https://disclosures-clerk.house.gov/public_disc/ptr-pdfs/2025/20031017.pdf,accepted
20031017,Cleo Fields,NVIDIA Corporation - Common Stock,NVDA,ST,P,2025-08-13,100001.0,250000.0,"$100,001 - $250,000",,4,https://disclosures-clerk.house.gov/public_disc/ptr-pdfs/2025/20031017.pdf,accepted
20031017,Cleo Fields,NVIDIA Corporation - Common Stock,NVDA,ST,P,2025-08-15,100001.0,250000.0,"$100,001 - $250,000",,4,https://disclosures-clerk.house.gov/public_disc/ptr-pdfs/2025/20031017.pdf,accepted
20031017,Cleo Fields,NVIDIA Corporation - Common Stock,NVDA,ST,P,2025-08-15,15001.0,50000.0,"$15,001 - $50,000",,4,https://disclosures-clerk.house.gov/public_disc/ptr-pdfs/2025/20031017.pdf,accepted
20031017,Cleo Fields,NVIDIA Corporation - Common Stock,NVDA,ST,P,2025-08-20,15001.0,50000.0,"$15,001 - $50,000",,4,https://disclosures-clerk.house.gov/public_disc/ptr-pdfs/2025/20031017.pdf,accepted
20031017,Cleo Fields,NVIDIA Corporation - Common Stock,NVDA,ST,P,2025-08-22,15001.0,50000.0,"$15,001 - $50,000",,4,https://disclosures-clerk.house.gov/public_disc/ptr-pdfs/2025/20031017.pdf,accepted
20031017,Cleo Fields,NVIDIA Corporation - Common Stock,NVDA,ST,P,2025-08-22,15001.0,50000.0,"$15,001 - $50,000",,4,https://disclosures-clerk.house.gov/public_disc/ptr-pdfs/2025/20031017.pdf,accepted
20031017,Cleo Fields,Palantir Technologies Inc. - Class A Common Stock,PLTR,ST,P,2025-08-13,50001.0,100000.0,"$50,001 - $100,000",,4,https://disclosures-clerk.house.gov/public_disc/ptr-pdfs/2025/20031017.pdf,accepted
20031017,Cleo Fields,Taiwan Semiconductor Manufacturing Company Ltd.,TSM,ST,P,2025-08-13,1001.0,15000.0,"$1,001 - $15,000",,4,https://disclosures-clerk.house.gov/public_disc/ptr-pdfs/2025/20031017.pdf,accepted
20031017,Cleo Fields,Taiwan Semiconductor,TSM,ST,P,2025-08-13,50001.0,100000.0,"$50,001 - $100,000",,4,https://disclosures-clerk.house.gov/public_disc/ptr-pdfs/2025/20031017.pdf,accepted
20031017,Cleo Fields,Taiwan Semiconductor Manufacturing Company Ltd.,TSM,ST,P,2025-08-01,100001.0,250000.0,"$100,001 - $250,000",,5,https://disclosures-clerk.house.gov/public_disc/ptr-pdfs/2025/20031017.pdf,accepted
20031017,Cleo Fields,Taiwan Semiconductor Manufacturing Company Ltd.,TSM,ST,P,2025-08-13,250001.0,500000.0,"$250,001 - $500,000",,5,https://disclosures-clerk.house.gov/public_disc/ptr-pdfs/2025/20031017.pdf,accepted
20031017,Cleo Fields,Taiwan Semiconductor Manufacturing Company Ltd.,TSM,ST,P,2025-08-01,1001.0,15000.0,"$1,001 - $15,000",,5,https://disclosures-clerk.house.gov/public_disc/ptr-pdfs/2025/20031017.pdf,accepted
20031017,Cleo Fields,Taiwan Semiconductor Manufacturing Company Ltd.,TSM,ST,P,2025-08-15,15001.0,50000.0,"$15,001 - $50,000",,5,https://disclosures-clerk.house.gov/public_disc/ptr-pdfs/2025/20031017.pdf,accepted
20031017,Cleo Fields,Taiwan Semiconductor Manufacturing Company Ltd.,TSM,ST,P,2025-08-15,15001.0,50000.0,"$15,001 - $50,000",,5,https://disclosures-clerk.house.gov/public_disc/ptr-pdfs/2025/20031017.pdf,accepted
20031020,Hon. Tim Moore,Centene Corporation Common Stock,CNC,ST,P,2025-08-07,15001.0,50000.0,"$15,001 - $50,000",,1,https://disclosures-clerk.house.gov/public_disc/ptr-pdfs/2025/20031020.pdf,accepted
20031020,Hon. Tim Moore,Centene Corporation Common Stock,CNC,ST,P,2025-08-08,1001.0,15000.0,"$1,001 - $15,000",,1,https://disclosures-clerk.house.gov/public_disc/ptr-pdfs/2025/20031020.pdf,accepted
20031020,Hon. Tim Moore,"Hyster-Yale, Inc. Class A common stock",HY,ST,P,2025-08-12,15001.0,50000.0,"$15,001 - $50,000",,2,https://disclosures-clerk.house.gov/public_disc/ptr-pdfs/2025/20031020.pdf,accepted
20031020,Hon. Tim Moore,"Hyster-Yale, Inc. Class A common stock",HY,ST,P,2025-08-07,15001.0,50000.0,"$15,001 - $50,000",,2,https://disclosures-clerk.house.gov/public_disc/ptr-pdfs/2025/20031020.pdf,accepted
20031020,Hon. Tim Moore,Intel Corporation - Common Stock,INTC,ST,P,2025-08-08,15001.0,50000.0,"$15,001 - $50,000",,2,https://disclosures-clerk.house.gov/public_disc/ptr-pdfs/2025/20031020.pdf,accepted
20031020,Hon. Tim Moore,Intel Corporation - Common Stock,INTC,ST,P,2025-08-01,15001.0,50000.0,"$15,001 - $50,000",,2,https://disclosures-clerk.house.gov/public_disc/ptr-pdfs/2025/20031020.pdf,accepted
20031020,Hon. Tim Moore,Intel Corporation - Common Stock,INTC,ST,P,2025-08-11,15001.0,50000.0,"$15,001 - $50,000",,2,https://disclosures-clerk.house.gov/public_disc/ptr-pdfs/2025/20031020.pdf,accepted
20031020,Hon. Tim Moore,"Krispy Kreme, Inc. - Common Stock",DNUT,ST,P,2025-08-01,1001.0,15000.0,"$1,001 - $15,000",,2,https://disclosures-clerk.house.gov/public_disc/ptr-pdfs/2025/20031020.pdf,accepted
20031020,Hon. Tim Moore,"Krispy Kreme, Inc. - Common Stock",DNUT,ST,P,2025-08-04,1001.0,15000.0,"$1,001 - $15,000",,2,https://disclosures-clerk.house.gov/public_disc/ptr-pdfs/2025/20031020.pdf,accepted
20031020,Hon. Tim Moore,UnitedHealth Group Incorporated Common Stock,UNH,ST,P,2025-08-01,1001.0,15000.0,"$1,001 - $15,000",,2,https://disclosures-clerk.house.gov/public_disc/ptr-pdfs/2025/20031020.pdf,accepted
20031020,Hon. Tim Moore,UnitedHealth Group Incorporated Common Stock,UNH,ST,P,2025-08-08,15001.0,50000.0,"$15,001 - $50,000",,3,https://disclosures-clerk.house.gov/public_disc/ptr-pdfs/2025/20031020.pdf,accepted
20031022,Hon. Gilbert Cisneros,APA Corporation - Common Stock,APA,ST,P,2025-08-05,1001.0,15000.0,"$1,001 - $15,000",,1,https://disclosures-clerk.house.gov/public_disc/ptr-pdfs/2025/20031022.pdf,accepted
20031022,Hon. Gilbert Cisneros,APi Group Corporation Common Stock,APG,ST,P,2025-08-26,1001.0,15000.0,"$1,001 - $15,000",,1,https://disclosures-clerk.house.gov/public_disc/ptr-pdfs/2025/20031022.pdf,accepted
20031022,Hon. Gilbert Cisneros,Avient Corporation Common Stock,AVNT,ST,P,2025-09-02,1001.0,15000.0,"$1,001 - $15,000",,2,https://disclosures-clerk.house.gov/public_disc/ptr-pdfs/2025/20031022.pdf,accepted
20031022,Hon. Gilbert Cisneros,"BridgeBio Pharma, Inc. - Common Stock",BBIO,ST,P,2025-08-08,1001.0,15000.0,"$1,001 - $15,000",,2,https://disclosures-clerk.house.gov/public_disc/ptr-pdfs/2025/20031022.pdf,accepted
20031022,Hon. Gilbert Cisneros,"C.H. Robinson Worldwide, Inc. - Common Stock",CHRW,ST,P,2025-08-05,1001.0,15000.0,"$1,001 - $15,000",,2,https://disclosures-clerk.house.gov/public_disc/ptr-pdfs/2025/20031022.pdf,accepted
20031022,Hon. Gilbert Cisneros,Centene Corporation Common Stock,CNC,ST,P,2025-08-05,1001.0,15000.0,"$1,001 - $15,000",,2,https://disclosures-clerk.house.gov/public_disc/ptr-pdfs/2025/20031022.pdf,accepted
20031022,Hon. Gilbert Cisneros,"Commvault Systems, Inc. - Common Stock",CVLT,ST,P,2025-08-15,1001.0,15000.0,"$1,001 - $15,000",,3,https://disclosures-clerk.house.gov/public_disc/ptr-pdfs/2025/20031022.pdf,accepted
20031022,Hon. Gilbert Cisneros,"ConAgra Brands, Inc. Common Stock",CAG,ST,P,2025-08-05,1001.0,15000.0,"$1,001 - $15,000",,3,https://disclosures-clerk.house.gov/public_disc/ptr-pdfs/2025/20031022.pdf,accepted
20031022,Hon. Gilbert Cisneros,"Elevance Health, Inc. Common Stock",ELV,ST,P,2025-08-05,1001.0,15000.0,"$1,001 - $15,000",,3,https://disclosures-clerk.house.gov/public_disc/ptr-pdfs/2025/20031022.pdf,accepted
20031022,Hon. Gilbert Cisneros,Halliburton Company Common Stock,HAL,ST,P,2025-08-05,1001.0,15000.0,"$1,001 - $15,000",,3,https://disclosures-clerk.house.gov/public_disc/ptr-pdfs/2025/20031022.pdf,accepted
20031022,Hon. Gilbert Cisneros,Hermes Intl S A Ordinary Shares,HESAF,ST,P,2025-08-07,1001.0,15000.0,"$1,001 - $15,000",,3,https://disclosures-clerk.house.gov/public_disc/ptr-pdfs/2025/20031022.pdf,accepted
20031022,Hon. Gilbert Cisneros,Humana Inc. Common Stock,HUM,ST,P,2025-08-05,1001.0,15000.0,"$1,001 - $15,000",,4,https://disclosures-clerk.house.gov/public_disc/ptr-pdfs/2025/20031022.pdf,accepted
20031022,Hon. Gilbert Cisneros,"Intapp, Inc. - Common Stock",INTA,ST,P,2025-08-15,1001.0,15000.0,"$1,001 - $15,000",,4,https://disclosures-clerk.house.gov/public_disc/ptr-pdfs/2025/20031022.pdf,accepted
20031022,Hon. Gilbert Cisneros,"Intapp, Inc. - Common Stock",INTA,ST,P,2025-08-26,1001.0,15000.0,"$1,001 - $15,000",,4,https://disclosures-clerk.house.gov/public_disc/ptr-pdfs/2025/20031022.pdf,accepted
20031022,Hon. Gilbert Cisneros,Kellanova Common Stock,K,ST,P,2025-08-05,1001.0,15000.0,"$1,001 - $15,000",,4,https://disclosures-clerk.house.gov/public_disc/ptr-pdfs/2025/20031022.pdf,accepted
20031022,Hon. Gilbert Cisneros,LandBridge Company LLC Class A Shares Representing Limited Liability Company Interests,LB,ST,P,2025-08-06,50001.0,100000.0,"$50,001 - $100,000",,4,https://disclosures-clerk.house.gov/public_disc/ptr-pdfs/2025/20031022.pdf,accepted
20031022,Hon. Gilbert Cisneros,Lockheed Martin Corporation Common Stock,LMT,ST,P,2025-08-05,1001.0,15000.0,"$1,001 - $15,000",,4,https://disclosures-clerk.house.gov/public_disc/ptr-pdfs/2025/20031022.pdf,accepted
20031022,Hon. Gilbert Cisneros,"Merck & Company, Inc. Common Stock",MRK,ST,P,2025-08-05,1001.0,15000.0,"$1,001 - $15,000",,5,https://disclosures-clerk.house.gov/public_disc/ptr-pdfs/2025/20031022.pdf,accepted
20031022,Hon. Gilbert Cisneros,Microsoft Corporation - Common Stock,MSFT,ST,P,2025-08-05,1001.0,15000.0,"$1,001 - $15,000",,5,https://disclosures-clerk.house.gov/public_disc/ptr-pdfs/2025/20031022.pdf,accepted
20031022,Hon. Gilbert Cisneros,Mitsubishi UFJ Financial Group Inc Ordinary Shares,MBFJF,ST,P,2025-08-08,1001.0,15000.0,"$1,001 - $15,000",,5,https://disclosures-clerk.house.gov/public_disc/ptr-pdfs/2025/20031022.pdf,accepted
20031022,Hon. Gilbert Cisneros,Molina Healthcare Inc Common Stock,MOH,ST,P,2025-08-05,1001.0,15000.0,"$1,001 - $15,000",,5,https://disclosures-clerk.house.gov/public_disc/ptr-pdfs/2025/20031022.pdf,accepted
20031022,Hon. Gilbert Cisneros,Molson Coors Beverage Company Class B Common Stock,TAP,ST,P,2025-08-05,1001.0,15000.0,"$1,001 - $15,000",,5,https://disclosures-clerk.house.gov/public_disc/ptr-pdfs/2025/20031022.pdf,accepted
20031022,Hon. Gilbert Cisneros,Occidental Petroleum Corporation Common Stock,OXY,ST,P,2025-08-05,1001.0,15000.0,"$1,001 - $15,000",,5,https://disclosures-clerk.house.gov/public_disc/ptr-pdfs/2025/20031022.pdf,accepted
20031022,Hon. Gilbert Cisneros,Realty Income Corporation Common Stock,O,ST,P,2025-08-05,1001.0,15000.0,"$1,001 - $15,000",,6,https://disclosures-clerk.house.gov/public_disc/ptr-pdfs/2025/20031022.pdf,accepted
20031022,Hon. Gilbert Cisneros,"Revvity, Inc. Common Stock",RVTY,ST,P,2025-08-13,1001.0,15000.0,"$1,001 - $15,000",,6,https://disclosures-clerk.house.gov/public_disc/ptr-pdfs/2025/20031022.pdf,accepted
20031022,Hon. Gilbert Cisneros,Semtech Corporation - Common Stock,SMTC,ST,P,2025-09-02,1001.0,15000.0,"$1,001 - $15,000",,6,https://disclosures-clerk.house.gov/public_disc/ptr-pdfs/2025/20031022.pdf,accepted
20031022,Hon. Gilbert Cisneros,Semtech Corporation - Common Stock,SMTC,ST,P,2025-08-26,1001.0,15000.0,"$1,001 - $15,000",,6,https://disclosures-clerk.house.gov/public_disc/ptr-pdfs/2025/20031022.pdf,accepted
20031022,Hon. Gilbert Cisneros,"Solaris Energy Infrastructure, Inc.",SEI,ST,P,2025-09-02,1001.0,15000.0,"$1,001 - $15,000",,6,https://disclosures-clerk.house.gov/public_disc/ptr-pdfs/2025/20031022.pdf,accepted
20031022,Hon. Gilbert Cisneros,Strategy Inc - Variable Rate Series A Perpetual Stretch Preferred Stock,STRC,ST,P,2025-08-06,15001.0,50000.0,"$15,001 - $50,000",,7,https://disclosures-clerk.house.gov/public_disc/ptr-pdfs/2025/20031022.pdf,accepted
20031022,Hon. Gilbert Cisneros,"Tesla, Inc. - Common Stock",TSLA,ST,P,2025-08-05,1001.0,15000.0,"$1,001 - $15,000",,7,https://disclosures-clerk.house.gov/public_disc/ptr-pdfs/2025/20031022.pdf,accepted
20031022,Hon. Gilbert Cisneros,Ultragenyx Pharmaceutical Inc. - Common Stock,RARE,ST,P,2025-08-08,1001.0,15000.0,"$1,001 - $15,000",,7,https://disclosures-clerk.house.gov/public_disc/ptr-pdfs/2025/20031022.pdf,accepted
20031022,Hon. Gilbert Cisneros,Waters Corporation Common Stock,WAT,ST,P,2025-08-26,1001.0,15000.0,"$1,001 - $15,000",,8,https://disclosures-clerk.house.gov/public_disc/ptr-pdfs/2025/20031022.pdf,accepted
20031022,Hon. Gilbert Cisneros,Waters Corporation Common Stock,WAT,ST,P,2025-08-13,1001.0,15000.0,"$1,001 - $15,000",,8,https://disclosures-clerk.house.gov/public_disc/ptr-pdfs/2025/20031022.pdf,accepted
20031022,Hon. Gilbert Cisneros,Waters Corporation Common Stock,WAT,ST,P,2025-08-12,1001.0,15000.0,"$1,001 - $15,000",,8,https://disclosures-clerk.house.gov/public_disc/ptr-pdfs/2025/20031022.pdf,accepted
20031023,Hon. Jonathan Jackson,"Doximity, Inc. Class A Common Stock",DOCS,ST,P,2025-08-25,15001.0,50000.0,"$15,001 - $50,000",,1,https://disclosures-clerk.house.gov/public_disc/ptr-pdfs/2025/20031023.pdf,accepted
20031023,Hon. Jonathan Jackson,Lam Research Corporation - Common Stock,LRCX,ST,P,2025-08-13,1001.0,15000.0,"$1,001 - $15,000",,1,https://disclosures-clerk.house.gov/public_disc/ptr-pdfs/2025/20031023.pdf,accepted
20031032,Hon. Josh Gottheimer,"Natera, Inc. - Common Stock",NTRA,ST,P,2025-08-22,1001.0,15000.0,"$1,001 - $15,000",,1,https://disclosures-clerk.house.gov/public_disc/ptr-pdfs/2025/20031032.pdf,accepted
20032038,Hon. Byron Donalds,Lam Research Corporation - Common Stock,LRCX,ST,P,2025-08-07,1001.0,15000.0,"$1,001 - $15,000",,1,https://disclosures-clerk.house.gov/public_disc/ptr-pdfs/2025/20032038.pdf,accepted
20032038,Hon. Byron Donalds,Lam Research Corporation - Common Stock,LRCX,ST,P,2025-08-07,1001.0,15000.0,"$1,001 - $15,000",,1,https://disclosures-clerk.house.gov/public_disc/ptr-pdfs/2025/20032038.pdf,accepted
20032040,Hon. Virginia Foxx,"Alliance Resource Partners, L.P. - Common Units Representing Limited Partnership Interests",ARLP,ST,P,2025-08-14,1001.0,15000.0,"$1,001 - $15,000",,1,https://disclosures-clerk.house.gov/public_disc/ptr-pdfs/2025/20032040.pdf,accepted
20032040,Hon. Virginia Foxx,"Hercules Capital, Inc. Common Stock",HTGC,ST,P,2025-08-19,1001.0,15000.0,"$1,001 - $15,000",,1,https://disclosures-clerk.house.gov/public_disc/ptr-pdfs/2025/20032040.pdf,accepted
20032052,Hon. Richard W. Allen,Atmos Energy Corporation Common Stock,ATO,ST,P,2025-08-19,15001.0,50000.0,"$15,001 - $50,000",,1,https://disclosures-clerk.house.gov/public_disc/ptr-pdfs/2025/20032052.pdf,accepted
20032066,Hon. Julie Johnson,CME Group Inc. - Class A Common Stock,CME,ST,P,2025-08-11,1001.0,15000.0,"$1,001 - $15,000",,3,https://disclosures-clerk.house.gov/public_disc/ptr-pdfs/2025/20032066.pdf,accepted
20032066,Hon. Julie Johnson,Packaging Corporation of America Common Stock,PKG,ST,P,2025-08-04,1001.0,15000.0,"$1,001 - $15,000",,5,https://disclosures-clerk.house.gov/public_disc/ptr-pdfs/2025/20032066.pdf,accepted
20032070,Hon. Valerie Hoyle,Alphabet Inc. - Class A Common Stock,GOOGL,ST,P,2025-07-14,1001.0,15000.0,"$1,001 - $15,000",,1,https://disclosures-clerk.house.gov/public_disc/ptr-pdfs/2025/20032070.pdf,accepted
20032070,Hon. Valerie Hoyle,Alphabet Inc. - Class A Common Stock,GOOGL,ST,P,2025-07-02,1001.0,15000.0,"$1,001 - $15,000",,1,https://disclosures-clerk.house.gov/public_disc/ptr-pdfs/2025/20032070.pdf,accepted
20032070,Hon. Valerie Hoyle,Alphabet Inc. - Class A Common Stock,GOOGL,ST,P,2025-01-13,1001.0,15000.0,"$1,001 - $15,000",,1,https://disclosures-clerk.house.gov/public_disc/ptr-pdfs/2025/20032070.pdf,accepted
20032070,Hon. Valerie Hoyle,"Amazon.com, Inc. - Common Stock",AMZN,ST,P,2025-01-13,1001.0,15000.0,"$1,001 - $15,000",,2,https://disclosures-clerk.house.gov/public_disc/ptr-pdfs/2025/20032070.pdf,accepted
20032070,Hon. Valerie Hoyle,"Amazon.com, Inc. - Common Stock",AMZN,ST,P,2025-06-06,1001.0,15000.0,"$1,001 - $15,000",,2,https://disclosures-clerk.house.gov/public_disc/ptr-pdfs/2025/20032070.pdf,accepted
20032070,Hon. Valerie Hoyle,"Amazon.com, Inc. - Common Stock",AMZN,ST,P,2025-07-02,1001.0,15000.0,"$1,001 - $15,000",,2,https://disclosures-clerk.house.gov/public_disc/ptr-pdfs/2025/20032070.pdf,accepted
20032070,Hon. Valerie Hoyle,"Amazon.com, Inc. - Common Stock",AMZN,ST,P,2025-04-02,1001.0,15000.0,"$1,001 - $15,000",,2,https://disclosures-clerk.house.gov/public_disc/ptr-pdfs/2025/20032070.pdf,accepted
20032070,Hon. Valerie Hoyle,Amdocs Limited - Ordinary Shares,DOX,ST,P,2025-04-15,1001.0,15000.0,"$1,001 - $15,000",,2,https://disclosures-clerk.house.gov/public_disc/ptr-pdfs/2025/20032070.pdf,accepted
20032070,Hon. Valerie Hoyle,Apple Inc. - Common Stock,AAPL,ST,P,2025-06-06,1001.0,15000.0,"$1,001 - $15,000",,3,https://disclosures-clerk.house.gov/public_disc/ptr-pdfs/2025/20032070.pdf,accepted
20032070,Hon. Valerie Hoyle,"Arista Networks, Inc. Common Stock",ANET,ST,P,2025-07-14,1001.0,15000.0,"$1,001 - $15,000",,4,https://disclosures-clerk.house.gov/public_disc/ptr-pdfs/2025/20032070.pdf,accepted
20032070,Hon. Valerie Hoyle,Bank of America Corporation Common Stock,BAC,ST,P,2025-06-06,1001.0,15000.0,"$1,001 - $15,000",,4,https://disclosures-clerk.house.gov/public_disc/ptr-pdfs/2025/20032070.pdf,accepted
20032070,Hon. Valerie Hoyle,Blackstone Inc. Common Stock,BX,ST,P,2025-04-15,1001.0,15000.0,"$1,001 - $15,000",,5,https://disclosures-clerk.house.gov/public_disc/ptr-pdfs/2025/20032070.pdf,accepted
20032070,Hon. Valerie Hoyle,Broadcom Inc. - Common Stock,AVGO,ST,P,2025-06-06,1001.0,15000.0,"$1,001 - $15,000",,6,https://disclosures-clerk.house.gov/public_disc/ptr-pdfs/2025/20032070.pdf,accepted
20032070,Hon. Valerie Hoyle,"Brown & Brown, Inc. Common Stock",BRO,ST,P,2025-06-26,1001.0,15000.0,"$1,001 - $15,000",,6,https://disclosures-clerk.house.gov/public_disc/ptr-pdfs/2025/20032070.pdf,accepted
20032070,Hon. Valerie Hoyle,Brown Forman Inc Class B Common Stock,BF.B,ST,P,2025-07-14,1001.0,15000.0,"$1,001 - $15,000",,6,https://disclosures-clerk.house.gov/public_disc/ptr-pdfs/2025/20032070.pdf,accepted
20032070,Hon. Valerie Hoyle,Capital One Financial Corporation Common Stock,COF,ST,P,2025-06-06,1001.0,15000.0,"$1,001 - $15,000",,7,https://disclosures-clerk.house.gov/public_disc/ptr-pdfs/2025/20032070.pdf,accepted
20032070,Hon. Valerie Hoyle,CME Group Inc. - Class A Common Stock,CME,ST,P,2025-05-21,1001.0,15000.0,"$1,001 - $15,000",,7,https://disclosures-clerk.house.gov/public_disc/ptr-pdfs/2025/20032070.pdf,accepted
20032070,Hon. Valerie Hoyle,ConocoPhillips Common Stock,COP,ST,P,2025-04-29,1001.0,15000.0,"$1,001 - $15,000",,8,https://disclosures-clerk.house.gov/public_disc/ptr-pdfs/2025/20032070.pdf,accepted
20032070,Hon. Valerie Hoyle,"CoreWeave, Inc. - Class A Common Stock",CRWV,ST,P,2025-06-06,1001.0,15000.0,"$1,001 - $15,000",,8,https://disclosures-clerk.house.gov/public_disc/ptr-pdfs/2025/20032070.pdf,accepted
20032070,Hon. Valerie Hoyle,Emerson Electric Company Common Stock,EMR,ST,P,2025-07-14,1001.0,15000.0,"$1,001 - $15,000",,10,https://disclosures-clerk.house.gov/public_disc/ptr-pdfs/2025/20032070.pdf,accepted
20032070,Hon. Valerie Hoyle,JP Morgan Chase & Co. Common Stock,JPM,ST,P,2025-01-24,1001.0,15000.0,"$1,001 - $15,000",,13,https://disclosures-clerk.house.gov/public_disc/ptr-pdfs/2025/20032070.pdf,accepted
20032070,Hon. Valerie Hoyle,KKR & Co. Inc. Common Stock,KKR,ST,P,2025-04-02,1001.0,15000.0,"$1,001 - $15,000",,13,https://disclosures-clerk.house.gov/public_disc/ptr-pdfs/2025/20032070.pdf,accepted
20032070,Hon. Valerie Hoyle,KLA Corporation - Common Stock,KLAC,ST,P,2025-07-28,1001.0,15000.0,"$1,001 - $15,000",,14,https://disclosures-clerk.house.gov/public_disc/ptr-pdfs/2025/20032070.pdf,accepted
20032070,Hon. Valerie Hoyle,Knight-Swift Transportation Holdings Inc.,KNX,ST,P,2025-06-26,1001.0,15000.0,"$1,001 - $15,000",,14,https://disclosures-clerk.house.gov/public_disc/ptr-pdfs/2025/20032070.pdf,accepted
20032070,Hon. Valerie Hoyle,Kroger Company,KR,ST,P,2025-07-28,1001.0,15000.0,"$1,001 - $15,000",,14,https://disclosures-clerk.house.gov/public_disc/ptr-pdfs/2025/20032070.pdf,accepted
20032070,Hon. Valerie Hoyle,Lennar Corporation Class A Common Stock,LEN,ST,P,2025-06-26,1001.0,15000.0,"$1,001 - $15,000",,14,https://disclosures-clerk.house.gov/public_disc/ptr-pdfs/2025/20032070.pdf,accepted
20032070,Hon. Valerie Hoyle,LPL Financial Holdings Inc. - Common Stock,LPLA,ST,P,2025-03-03,1001.0,15000.0,"$1,001 - $15,000",,15,https://disclosures-clerk.house.gov/public_disc/ptr-pdfs/2025/20032070.pdf,accepted
20032070,Hon. Valerie Hoyle,"Marvell Technology, Inc. - Common Stock",MRVL,ST,P,2025-02-20,1001.0,15000.0,"$1,001 - $15,000",,15,https://disclosures-clerk.house.gov/public_disc/ptr-pdfs/2025/20032070.pdf,accepted
20032070,Hon. Valerie Hoyle,"MercadoLibre, Inc. - Common Stock",MELI,ST,P,2025-03-13,1001.0,15000.0,"$1,001 - $15,000",,16,https://disclosures-clerk.house.gov/public_disc/ptr-pdfs/2025/20032070.pdf,accepted
20032070,Hon. Valerie Hoyle,"Meta Platforms, Inc. - Class A Common Stock",META,ST,P,2025-06-06,1001.0,15000.0,"$1,001 - $15,000",,16,https://disclosures-clerk.house.gov/public_disc/ptr-pdfs/2025/20032070.pdf,accepted
20032070,Hon. Valerie Hoyle,Microsoft Corporation - Common Stock,MSFT,ST,P,2025-06-06,1001.0,15000.0,"$1,001 - $15,000",,16,https://disclosures-clerk.house.gov/public_disc/ptr-pdfs/2025/20032070.pdf,accepted
20032070,Hon. Valerie Hoyle,Microsoft Corporation - Common Stock,MSFT,ST,P,2025-06-09,1001.0,15000.0,"$1,001 - $15,000",,16,https://disclosures-clerk.house.gov/public_disc/ptr-pdfs/2025/20032070.pdf,accepted
20032070,Hon. Valerie Hoyle,Microsoft Corporation - Common Stock,MSFT,ST,P,2025-01-13,1001.0,15000.0,"$1,001 - $15,000",,16,https://disclosures-clerk.house.gov/public_disc/ptr-pdfs/2025/20032070.pdf,accepted
20032070,Hon. Valerie Hoyle,Morgan Stanley Common Stock,MS,ST,P,2025-01-24,1001.0,15000.0,"$1,001 - $15,000",,17,https://disclosures-clerk.house.gov/public_disc/ptr-pdfs/2025/20032070.pdf,accepted
20032070,Hon. Valerie Hoyle,"Netflix, Inc. - Common Stock",NFLX,ST,P,2025-02-04,1001.0,15000.0,"$1,001 - $15,000",,17,https://disclosures-clerk.house.gov/public_disc/ptr-pdfs/2025/20032070.pdf,accepted
20032070,Hon. Valerie Hoyle,Northern Trust Corporation - Common Stock,NTRS,ST,P,2025-07-28,1001.0,15000.0,"$1,001 - $15,000",,17,https://disclosures-clerk.house.gov/public_disc/ptr-pdfs/2025/20032070.pdf,accepted
20032070,Hon. Valerie Hoyle,NVIDIA Corporation - Common Stock,NVDA,ST,P,2025-01-14,1001.0,15000.0,"$1,001 - $15,000",,18,https://disclosures-clerk.house.gov/public_disc/ptr-pdfs/2025/20032070.pdf,accepted
20032070,Hon. Valerie Hoyle,NVIDIA Corporation - Common Stock,NVDA,ST,P,2025-01-13,1001.0,15000.0,"$1,001 - $15,000",,18,https://disclosures-clerk.house.gov/public_disc/ptr-pdfs/2025/20032070.pdf,accepted
20032070,Hon. Valerie Hoyle,NVIDIA Corporation - Common Stock,NVDA,ST,P,2025-06-09,1001.0,15000.0,"$1,001 - $15,000",,18,https://disclosures-clerk.house.gov/public_disc/ptr-pdfs/2025/20032070.pdf,accepted
20032070,Hon. Valerie Hoyle,NVIDIA Corporation - Common Stock,NVDA,ST,P,2025-06-06,1001.0,15000.0,"$1,001 - $15,000",,18,https://disclosures-clerk.house.gov/public_disc/ptr-pdfs/2025/20032070.pdf,accepted
20032070,Hon. Valerie Hoyle,"Palo Alto Networks, Inc.",PANW,ST,P,2025-03-13,1001.0,15000.0,"$1,001 - $15,000",,19,https://disclosures-clerk.house.gov/public_disc/ptr-pdfs/2025/20032070.pdf,accepted
20032070,Hon. Valerie Hoyle,Progressive Corporation,PGR,ST,P,2025-06-06,1001.0,15000.0,"$1,001 - $15,000",,19,https://disclosures-clerk.house.gov/public_disc/ptr-pdfs/2025/20032070.pdf,accepted
20032070,Hon. Valerie Hoyle,"Republic Services, Inc. Common Stock",RSG,ST,P,2025-06-06,1001.0,15000.0,"$1,001 - $15,000",,20,https://disclosures-clerk.house.gov/public_disc/ptr-pdfs/2025/20032070.pdf,accepted
20032070,Hon. Valerie Hoyle,"Salesforce, Inc. Common Stock",CRM,ST,P,2025-06-26,1001.0,15000.0,"$1,001 - $15,000",,20,https://disclosures-clerk.house.gov/public_disc/ptr-pdfs/2025/20032070.pdf,accepted
20032070,Hon. Valerie Hoyle,"ServiceNow, Inc. Common Stock",NOW,ST,P,2025-04-15,1001.0,15000.0,"$1,001 - $15,000",,21,https://disclosures-clerk.house.gov/public_disc/ptr-pdfs/2025/20032070.pdf,accepted
20032070,Hon. Valerie Hoyle,Snap Inc. Class A Common Stock,SNAP,ST,P,2025-02-04,1001.0,15000.0,"$1,001 - $15,000",,21,https://disclosures-clerk.house.gov/public_disc/ptr-pdfs/2025/20032070.pdf,accepted
20032070,Hon. Valerie Hoyle,Spotify Technology S.A. Ordinary Shares,SPOT,ST,P,2025-03-13,1001.0,15000.0,"$1,001 - $15,000",,22,https://disclosures-clerk.house.gov/public_disc/ptr-pdfs/2025/20032070.pdf,accepted
20032070,Hon. Valerie Hoyle,Taiwan Semiconductor Manufacturing Company Ltd.,TSM,ST,P,2025-05-06,1001.0,15000.0,"$1,001 - $15,000",,22,https://disclosures-clerk.house.gov/public_disc/ptr-pdfs/2025/20032070.pdf,accepted
20032070,Hon. Valerie Hoyle,Target Corporation Common Stock,TGT,ST,P,2025-02-04,1001.0,15000.0,"$1,001 - $15,000",,22,https://disclosures-clerk.house.gov/public_disc/ptr-pdfs/2025/20032070.pdf,accepted
20032070,Hon. Valerie Hoyle,The Bank of New York Mellon Corporation Common Stock,BK,ST,P,2025-06-06,1001.0,15000.0,"$1,001 - $15,000",,22,https://disclosures-clerk.house.gov/public_disc/ptr-pdfs/2025/20032070.pdf,accepted
20032070,Hon. Valerie Hoyle,"The Hartford Insurance Group, Inc. Common Stock",HIG,ST,P,2025-06-06,1001.0,15000.0,"$1,001 - $15,000",,22,https://disclosures-clerk.house.gov/public_disc/ptr-pdfs/2025/20032070.pdf,accepted
20032070,Hon. Valerie Hoyle,Thermo Fisher Scientific Inc Common Stock,TMO,ST,P,2025-06-06,1001.0,15000.0,"$1,001 - $15,000",,23,https://disclosures-clerk.house.gov/public_disc/ptr-pdfs/2025/20032070.pdf,accepted
20032070,Hon. Valerie Hoyle,"Tyler Technologies, Inc. Common Stock",TYL,ST,P,2025-06-06,1001.0,15000.0,"$1,001 - $15,000",,23,https://disclosures-clerk.house.gov/public_disc/ptr-pdfs/2025/20032070.pdf,accepted
20032070,Hon. Valerie Hoyle,"Tyler Technologies, Inc. Common Stock",TYL,ST,P,2025-08-07,1001.0,15000.0,"$1,001 - $15,000",,23,https://disclosures-clerk.house.gov/public_disc/ptr-pdfs/2025/20032070.pdf,accepted
20032070,Hon. Valerie Hoyle,"Uber Technologies, Inc. Common Stock",UBER,ST,P,2025-08-19,1001.0,15000.0,"$1,001 - $15,000",,24,https://disclosures-clerk.house.gov/public_disc/ptr-pdfs/2025/20032070.pdf,accepted
20032070,Hon. Valerie Hoyle,"United Rentals, Inc. Common Stock",URI,ST,P,2025-08-07,1001.0,15000.0,"$1,001 - $15,000",,24,https://disclosures-clerk.house.gov/public_disc/ptr-pdfs/2025/20032070.pdf,accepted
20032070,Hon. Valerie Hoyle,UnitedHealth Group Incorporated Common Stock,UNH,ST,P,2025-04-29,1001.0,15000.0,"$1,001 - $15,000",,24,https://disclosures-clerk.house.gov/public_disc/ptr-pdfs/2025/20032070.pdf,accepted
20032070,Hon. Valerie Hoyle,UnitedHealth Group Incorporated Common Stock,UNH,ST,P,2025-04-15,1001.0,15000.0,"$1,001 - $15,000",,24,https://disclosures-clerk.house.gov/public_disc/ptr-pdfs/2025/20032070.pdf,accepted
20032070,Hon. Valerie Hoyle,Wells Fargo & Company Common Stock,WFC,ST,P,2025-06-06,1001.0,15000.0,"$1,001 - $15,000",,26,https://disclosures-clerk.house.gov/public_disc/ptr-pdfs/2025/20032070.pdf,accepted
20032089,Hon. Thomas H. Kean Jr,Amcor plc Ordinary Shares,AMCR,ST,P,2025-08-15,1001.0,15000.0,"$1,001 - $15,000",,1,https://disclosures-clerk.house.gov/public_disc/ptr-pdfs/2025/20032089.pdf,accepted
20032089,Hon. Thomas H. Kean Jr,Canadian Pacific Kansas City Limited Common Shares,CP,ST,P,2025-08-22,1001.0,15000.0,"$1,001 - $15,000",,1,https://disclosures-clerk.house.gov/public_disc/ptr-pdfs/2025/20032089.pdf,accepted
20032089,Hon. Thomas H. Kean Jr,Check Point Software Technologies Ltd. - Ordinary Shares,CHKP,ST,P,2025-08-04,1001.0,15000.0,"$1,001 - $15,000",,1,https://disclosures-clerk.house.gov/public_disc/ptr-pdfs/2025/20032089.pdf,accepted
20032091,Hon. Dan Newhouse,"Advanced Micro Devices, Inc.",AMD,ST,P,2025-08-18,1001.0,15000.0,"$1,001 - $15,000",,1,https://disclosures-clerk.house.gov/public_disc/ptr-pdfs/2025/20032091.pdf,accepted
20032091,Hon. Dan Newhouse,"AMETEK, Inc.",AME,ST,P,2025-08-18,1001.0,15000.0,"$1,001 - $15,000",,1,https://disclosures-clerk.house.gov/public_disc/ptr-pdfs/2025/20032091.pdf,accepted
20032091,Hon. Dan Newhouse,"Applied Materials, Inc. - Common Stock",AMAT,ST,P,2025-08-18,1001.0,15000.0,"$1,001 - $15,000",,1,https://disclosures-clerk.house.gov/public_disc/ptr-pdfs/2025/20032091.pdf,accepted
20032091,Hon. Dan Newhouse,"Automatic Data Processing, Inc. - Common Stock",ADP,ST,P,2025-08-18,1001.0,15000.0,"$1,001 - $15,000",,1,https://disclosures-clerk.house.gov/public_disc/ptr-pdfs/2025/20032091.pdf,accepted
20032091,Hon. Dan Newhouse,"Brown & Brown, Inc. Common Stock",BRO,ST,P,2025-08-18,1001.0,15000.0,"$1,001 - $15,000",,1,https://disclosures-clerk.house.gov/public_disc/ptr-pdfs/2025/20032091.pdf,accepted
20032091,Hon. Dan Newhouse,ConocoPhillips Common Stock,COP,ST,P,2025-08-18,1001.0,15000.0,"$1,001 - $15,000",,2,https://disclosures-clerk.house.gov/public_disc/ptr-pdfs/2025/20032091.pdf,accepted
20032091,Hon. Dan Newhouse,Exxon Mobil Corporation Common Stock,XOM,ST,P,2025-08-18,1001.0,15000.0,"$1,001 - $15,000",,2,https://disclosures-clerk.house.gov/public_disc/ptr-pdfs/2025/20032091.pdf,accepted
20032091,Hon. Dan Newhouse,"General Mills, Inc. Common Stock",GIS,ST,P,2025-08-18,1001.0,15000.0,"$1,001 - $15,000",,2,https://disclosures-clerk.house.gov/public_disc/ptr-pdfs/2025/20032091.pdf,accepted
20032091,Hon. Dan Newhouse,"ONEOK, Inc. Common Stock",OKE,ST,P,2025-08-18,1001.0,15000.0,"$1,001 - $15,000",,2,https://disclosures-clerk.house.gov/public_disc/ptr-pdfs/2025/20032091.pdf,accepted
20032091,Hon. Dan Newhouse,"Prologis, Inc. Common Stock",PLD,ST,P,2025-08-18,1001.0,15000.0,"$1,001 - $15,000",,2,https://disclosures-clerk.house.gov/public_disc/ptr-pdfs/2025/20032091.pdf,accepted
20032091,Hon. Dan Newhouse,"Ross Stores, Inc. - Common Stock",ROST,ST,P,2025-08-18,1001.0,15000.0,"$1,001 - $15,000",,2,https://disclosures-clerk.house.gov/public_disc/ptr-pdfs/2025/20032091.pdf,accepted
20032091,Hon. Dan Newhouse,S&P Global Inc. Common Stock,SPGI,ST,P,2025-08-18,1001.0,15000.0,"$1,001 - $15,000",,2,https://disclosures-clerk.house.gov/public_disc/ptr-pdfs/2025/20032091.pdf,accepted
20032091,Hon. Dan Newhouse,Target Corporation Common Stock,TGT,ST,P,2025-08-18,1001.0,15000.0,"$1,001 - $15,000",,2,https://disclosures-clerk.house.gov/public_disc/ptr-pdfs/2025/20032091.pdf,accepted
20032091,Hon. Dan Newhouse,"United Parcel Service, Inc. Common Stock",UPS,ST,P,2025-08-18,1001.0,15000.0,"$1,001 - $15,000",,3,https://disclosures-clerk.house.gov/public_disc/ptr-pdfs/2025/20032091.pdf,accepted
20032094,Hon. David J. Taylor,"Salesforce, Inc. Common Stock",CRM,ST,P,2025-09-03,1001.0,15000.0,"$1,001 - $15,000",,1,https://disclosures-clerk.house.gov/public_disc/ptr-pdfs/2025/20032094.pdf,accepted
20032106,Cleo Fields,Alphabet Inc. - Class C Capital Stock,GOOG,ST,P,2025-09-17,15001.0,50000.0,"$15,001 - $50,000",,1,https://disclosures-clerk.house.gov/public_disc/ptr-pdfs/2025/20032106.pdf,accepted
20032106,Cleo Fields,Alphabet Inc. - Class C Capital Stock,GOOG,ST,P,2025-09-17,1001.0,15000.0,"$1,001 - $15,000",,1,https://disclosures-clerk.house.gov/public_disc/ptr-pdfs/2025/20032106.pdf,accepted
20032106,Cleo Fields,Alphabet Inc. - Class C Capital Stock,GOOG,ST,P,2025-09-17,15001.0,50000.0,"$15,001 - $50,000",,1,https://disclosures-clerk.house.gov/public_disc/ptr-pdfs/2025/20032106.pdf,accepted
20032106,Cleo Fields,Alphabet Inc. - Class C Capital Stock,GOOG,ST,P,2025-09-03,100001.0,250000.0,"$100,001 - $250,000",,1,https://disclosures-clerk.house.gov/public_disc/ptr-pdfs/2025/20032106.pdf,accepted
20032106,Cleo Fields,"Amazon.com, Inc. - Common Stock",AMZN,ST,P,2025-09-03,100001.0,250000.0,"$100,001 - $250,000",,1,https://disclosures-clerk.house.gov/public_disc/ptr-pdfs/2025/20032106.pdf,accepted
20032106,Cleo Fields,"Amazon.com, Inc. - Common Stock",AMZN,ST,P,2025-09-10,50001.0,100000.0,"$50,001 - $100,000",,1,https://disclosures-clerk.house.gov/public_disc/ptr-pdfs/2025/20032106.pdf,accepted
20032106,Cleo Fields,"Amazon.com, Inc. - Common Stock",AMZN,ST,P,2025-09-17,15001.0,50000.0,"$15,001 - $50,000",,2,https://disclosures-clerk.house.gov/public_disc/ptr-pdfs/2025/20032106.pdf,accepted
20032106,Cleo Fields,Apple Inc. - Common Stock,AAPL,ST,P,2025-09-10,50001.0,100000.0,"$50,001 - $100,000",,2,https://disclosures-clerk.house.gov/public_disc/ptr-pdfs/2025/20032106.pdf,accepted
20032106,Cleo Fields,Apple Inc. - Common Stock,AAPL,ST,P,2025-09-03,100001.0,250000.0,"$100,001 - $250,000",,2,https://disclosures-clerk.house.gov/public_disc/ptr-pdfs/2025/20032106.pdf,accepted
20032106,Cleo Fields,Broadcom Inc. - Common Stock,AVGO,ST,P,2025-09-17,15001.0,50000.0,"$15,001 - $50,000",,2,https://disclosures-clerk.house.gov/public_disc/ptr-pdfs/2025/20032106.pdf,accepted
20032106,Cleo Fields,McDonald's Corporation Common Stock,MCD,ST,P,2025-09-10,15001.0,50000.0,"$15,001 - $50,000",,2,https://disclosures-clerk.house.gov/public_disc/ptr-pdfs/2025/20032106.pdf,accepted
20032106,Cleo Fields,"Meta Platforms, Inc. - Class A Common Stock",META,ST,P,2025-09-10,50001.0,100000.0,"$50,001 - $100,000",,2,https://disclosures-clerk.house.gov/public_disc/ptr-pdfs/2025/20032106.pdf,accepted
20032106,Cleo Fields,"Meta Platforms, Inc. - Class A Common Stock",META,ST,P,2025-09-17,15001.0,50000.0,"$15,001 - $50,000",,2,https://disclosures-clerk.house.gov/public_disc/ptr-pdfs/2025/20032106.pdf,accepted
20032106,Cleo Fields,NVIDIA Corporation - Common Stock,NVDA,ST,P,2025-09-03,50001.0,100000.0,"$50,001 - $100,000",,2,https://disclosures-clerk.house.gov/public_disc/ptr-pdfs/2025/20032106.pdf,accepted
20032106,Cleo Fields,Opendoor Technologies Inc - Common Stock,OPEN,ST,P,2025-09-19,1001.0,15000.0,"$1,001 - $15,000",,3,https://disclosures-clerk.house.gov/public_disc/ptr-pdfs/2025/20032106.pdf,accepted
20032106,Cleo Fields,Oracle Corporation Common Stock,ORCL,ST,P,2025-09-23,15001.0,50000.0,"$15,001 - $50,000",,3,https://disclosures-clerk.house.gov/public_disc/ptr-pdfs/2025/20032106.pdf,accepted
20032106,Cleo Fields,Oracle Corporation Common Stock,ORCL,ST,P,2025-09-18,15001.0,50000.0,"$15,001 - $50,000",,3,https://disclosures-clerk.house.gov/public_disc/ptr-pdfs/2025/20032106.pdf,accepted
20032106,Cleo Fields,Oracle Corporation Common Stock,ORCL,ST,P,2025-09-17,50001.0,100000.0,"$50,001 - $100,000",,3,https://disclosures-clerk.house.gov/public_disc/ptr-pdfs/2025/20032106.pdf,accepted
20032106,Cleo Fields,QUALCOMM Incorporated - Common Stock,QCOM,ST,P,2025-09-10,15001.0,50000.0,"$15,001 - $50,000",,3,https://disclosures-clerk.house.gov/public_disc/ptr-pdfs/2025/20032106.pdf,accepted
20032106,Cleo Fields,"Uber Technologies, Inc. Common Stock",UBER,ST,P,2025-09-10,1001.0,15000.0,"$1,001 - $15,000",,3,https://disclosures-clerk.house.gov/public_disc/ptr-pdfs/2025/20032106.pdf,accepted
20032129,Hon. Lisa McClain,"Albertsons Companies, Inc. Class A Common Stock",ACI,ST,P,2025-09-11,1001.0,15000.0,"$1,001 - $15,000",,1,https://disclosures-clerk.house.gov/public_disc/ptr-pdfs/2025/20032129.pdf,accepted
20032129,Hon. Lisa McClain,"Amazon.com, Inc. - Common Stock",AMZN,ST,P,2025-09-11,1001.0,15000.0,"$1,001 - $15,000",,1,https://disclosures-clerk.house.gov/public_disc/ptr-pdfs/2025/20032129.pdf,accepted
20032129,Hon. Lisa McClain,American Homes 4 Rent Common Shares of Beneficial Interest,AMH,ST,P,2025-09-25,1001.0,15000.0,"$1,001 - $15,000",,2,https://disclosures-clerk.house.gov/public_disc/ptr-pdfs/2025/20032129.pdf,accepted
20032129,Hon. Lisa McClain,Apple Inc. - Common Stock,AAPL,ST,P,2025-09-11,1001.0,15000.0,"$1,001 - $15,000",,2,https://disclosures-clerk.house.gov/public_disc/ptr-pdfs/2025/20032129.pdf,accepted
20032129,Hon. Lisa McClain,ASML Holding N.V. - New York Registry Shares,ASML,ST,P,2025-09-25,1001.0,15000.0,"$1,001 - $15,000",,2,https://disclosures-clerk.house.gov/public_disc/ptr-pdfs/2025/20032129.pdf,accepted
20032129,Hon. Lisa McClain,Baxter International Inc. Common Stock,BAX,ST,P,2025-09-25,1001.0,15000.0,"$1,001 - $15,000",,2,https://disclosures-clerk.house.gov/public_disc/ptr-pdfs/2025/20032129.pdf,accepted
20032129,Hon. Lisa McClain,BHP Group Limited American Depositary Shares,BHP,ST,P,2025-09-11,1001.0,15000.0,"$1,001 - $15,000",,2,https://disclosures-clerk.house.gov/public_disc/ptr-pdfs/2025/20032129.pdf,accepted
20032129,Hon. Lisa McClain,Coca-Cola Company,KO,ST,P,2025-09-25,1001.0,15000.0,"$1,001 - $15,000",,3,https://disclosures-clerk.house.gov/public_disc/ptr-pdfs/2025/20032129.pdf,accepted
20032129,Hon. Lisa McClain,"Concentra Group Holdings Parent, Inc. Common Stock",CON,ST,P,2025-09-11,1001.0,15000.0,"$1,001 - $15,000",,3,https://disclosures-clerk.house.gov/public_disc/ptr-pdfs/2025/20032129.pdf,accepted
20032129,Hon. Lisa McClain,"Core & Main, Inc. Class A Common Stock",CNM,ST,P,2025-09-11,1001.0,15000.0,"$1,001 - $15,000",,4,https://disclosures-clerk.house.gov/public_disc/ptr-pdfs/2025/20032129.pdf,accepted
20032129,Hon. Lisa McClain,"Darden Restaurants, Inc. Common Stock",DRI,ST,P,2025-09-25,1001.0,15000.0,"$1,001 - $15,000",,4,https://disclosures-clerk.house.gov/public_disc/ptr-pdfs/2025/20032129.pdf,accepted
20032129,Hon. Lisa McClain,Diageo plc Common Stock,DEO,ST,P,2025-09-11,1001.0,15000.0,"$1,001 - $15,000",,4,https://disclosures-clerk.house.gov/public_disc/ptr-pdfs/2025/20032129.pdf,accepted
20032129,Hon. Lisa McClain,Dolby Laboratories Common Stock,DLB,ST,P,2025-09-11,1001.0,15000.0,"$1,001 - $15,000",,4,https://disclosures-clerk.house.gov/public_disc/ptr-pdfs/2025/20032129.pdf,accepted
20032129,Hon. Lisa McClain,"Dynatrace, Inc. Common Stock",DT,ST,P,2025-09-11,1001.0,15000.0,"$1,001 - $15,000",,5,https://disclosures-clerk.house.gov/public_disc/ptr-pdfs/2025/20032129.pdf,accepted
20032129,Hon. Lisa McClain,"Essential Utilities, Inc. Common Stock",WTRG,ST,P,2025-09-25,1001.0,15000.0,"$1,001 - $15,000",,5,https://disclosures-clerk.house.gov/public_disc/ptr-pdfs/2025/20032129.pdf,accepted
20032129,Hon. Lisa McClain,FMC Corporation Common Stock,FMC,ST,P,2025-09-25,1001.0,15000.0,"$1,001 - $15,000",,5,https://disclosures-clerk.house.gov/public_disc/ptr-pdfs/2025/20032129.pdf,accepted
20032129,Hon. Lisa McClain,"Gartner, Inc. Common Stock",IT,ST,P,2025-09-11,1001.0,15000.0,"$1,001 - $15,000",,5,https://disclosures-clerk.house.gov/public_disc/ptr-pdfs/2025/20032129.pdf,accepted
20032129,Hon. Lisa McClain,Getty Realty Corporation Common Stock,GTY,ST,P,2025-09-25,1001.0,15000.0,"$1,001 - $15,000",,6,https://disclosures-clerk.house.gov/public_disc/ptr-pdfs/2025/20032129.pdf,accepted
20032129,Hon. Lisa McClain,HDFC Bank Limited Common Stock,HDB,ST,P,2025-09-11,1001.0,15000.0,"$1,001 - $15,000",,6,https://disclosures-clerk.house.gov/public_disc/ptr-pdfs/2025/20032129.pdf,accepted
20032129,Hon. Lisa McClain,HDFC Bank Limited Common Stock,HDB,ST,P,2025-09-25,1001.0,15000.0,"$1,001 - $15,000",,6,https://disclosures-clerk.house.gov/public_disc/ptr-pdfs/2025/20032129.pdf,accepted
20032129,Hon. Lisa McClain,Hormel Foods Corporation Common Stock,HRL,ST,P,2025-09-11,1001.0,15000.0,"$1,001 - $15,000",,6,https://disclosures-clerk.house.gov/public_disc/ptr-pdfs/2025/20032129.pdf,accepted
20032129,Hon. Lisa McClain,Humana Inc. Common Stock,HUM,ST,P,2025-09-25,1001.0,15000.0,"$1,001 - $15,000",,6,https://disclosures-clerk.house.gov/public_disc/ptr-pdfs/2025/20032129.pdf,accepted
20032129,Hon. Lisa McClain,Ingredion Incorporated Common Stock,INGR,ST,P,2025-09-25,1001.0,15000.0,"$1,001 - $15,000",,6,https://disclosures-clerk.house.gov/public_disc/ptr-pdfs/2025/20032129.pdf,accepted
20032129,Hon. Lisa McClain,Kenvue Inc. Common Stock,KVUE,ST,P,2025-09-25,1001.0,15000.0,"$1,001 - $15,000",,7,https://disclosures-clerk.house.gov/public_disc/ptr-pdfs/2025/20032129.pdf,accepted
20032129,Hon. Lisa McClain,Louisiana-Pacific Corporation Common Stock,LPX,ST,P,2025-09-25,1001.0,15000.0,"$1,001 - $15,000",,7,https://disclosures-clerk.house.gov/public_disc/ptr-pdfs/2025/20032129.pdf,accepted
20032129,Hon. Lisa McClain,ManpowerGroup Common Stock,MAN,ST,P,2025-09-11,1001.0,15000.0,"$1,001 - $15,000",,7,https://disclosures-clerk.house.gov/public_disc/ptr-pdfs/2025/20032129.pdf,accepted
20032129,Hon. Lisa McClain,"MGP Ingredients, Inc. - Common Stock",MGPI,ST,P,2025-09-25,1001.0,15000.0,"$1,001 - $15,000",,8,https://disclosures-clerk.house.gov/public_disc/ptr-pdfs/2025/20032129.pdf,accepted
20032129,Hon. Lisa McClain,"NetEase, Inc. - American Depositary Shares, each representing 5 ordinary shares",NTES,ST,P,2025-09-25,1001.0,15000.0,"$1,001 - $15,000",,8,https://disclosures-clerk.house.gov/public_disc/ptr-pdfs/2025/20032129.pdf,accepted
20032129,Hon. Lisa McClain,Novartis AG Common Stock,NVS,ST,P,2025-09-11,1001.0,15000.0,"$1,001 - $15,000",,8,https://disclosures-clerk.house.gov/public_disc/ptr-pdfs/2025/20032129.pdf,accepted
20032129,Hon. Lisa McClain,Novo Nordisk A/S Common Stock,NVO,ST,P,2025-09-11,1001.0,15000.0,"$1,001 - $15,000",,8,https://disclosures-clerk.house.gov/public_disc/ptr-pdfs/2025/20032129.pdf,accepted
20032129,Hon. Lisa McClain,"Option Care Health, Inc. - Common Stock",OPCH,ST,P,2025-09-25,1001.0,15000.0,"$1,001 - $15,000",,8,https://disclosures-clerk.house.gov/public_disc/ptr-pdfs/2025/20032129.pdf,accepted
20032129,Hon. Lisa McClain,"Qualys, Inc. - Common Stock",QLYS,ST,P,2025-09-11,1001.0,15000.0,"$1,001 - $15,000",,9,https://disclosures-clerk.house.gov/public_disc/ptr-pdfs/2025/20032129.pdf,accepted
20032129,Hon. Lisa McClain,"Rollins, Inc. Common Stock",ROL,ST,P,2025-09-25,1001.0,15000.0,"$1,001 - $15,000",,9,https://disclosures-clerk.house.gov/public_disc/ptr-pdfs/2025/20032129.pdf,accepted
20032129,Hon. Lisa McClain,SAP SE ADS,SAP,ST,P,2025-09-25,1001.0,15000.0,"$1,001 - $15,000",,9,https://disclosures-clerk.house.gov/public_disc/ptr-pdfs/2025/20032129.pdf,accepted
20032129,Hon. Lisa McClain,SBA Communications Corporation - Class A Common Stock,SBAC,ST,P,2025-09-11,1001.0,15000.0,"$1,001 - $15,000",,9,https://disclosures-clerk.house.gov/public_disc/ptr-pdfs/2025/20032129.pdf,accepted
20032129,Hon. Lisa McClain,Schlumberger N.V. Common Stock,SLB,ST,P,2025-09-25,1001.0,15000.0,"$1,001 - $15,000",,10,https://disclosures-clerk.house.gov/public_disc/ptr-pdfs/2025/20032129.pdf,accepted
20032129,Hon. Lisa McClain,"Schneider National, Inc. Common Stock",SNDR,ST,P,2025-09-25,1001.0,15000.0,"$1,001 - $15,000",,10,https://disclosures-clerk.house.gov/public_disc/ptr-pdfs/2025/20032129.pdf,accepted
20032129,Hon. Lisa McClain,Science Applications International Corporation - Common Stock,SAIC,ST,P,2025-09-11,1001.0,15000.0,"$1,001 - $15,000",,10,https://disclosures-clerk.house.gov/public_disc/ptr-pdfs/2025/20032129.pdf,accepted
20032129,Hon. Lisa McClain,Seagate Technology Holdings PLC - Ordinary Shares,STX,ST,P,2025-09-08,15001.0,50000.0,"$15,001 - $50,000",,10,https://disclosures-clerk.house.gov/public_disc/ptr-pdfs/2025/20032129.pdf,accepted
20032129,Hon. Lisa McClain,"Sprouts Farmers Market, Inc. - Common Stock",SFM,ST,P,2025-09-25,1001.0,15000.0,"$1,001 - $15,000",,10,https://disclosures-clerk.house.gov/public_disc/ptr-pdfs/2025/20032129.pdf,accepted
20032129,Hon. Lisa McClain,"Tesla, Inc. - Common Stock",TSLA,ST,P,2025-09-11,1001.0,15000.0,"$1,001 - $15,000",,10,https://disclosures-clerk.house.gov/public_disc/ptr-pdfs/2025/20032129.pdf,accepted
20032129,Hon. Lisa McClain,Unilever PLC Common Stock,UL,ST,P,2025-09-11,1001.0,15000.0,"$1,001 - $15,000",,11,https://disclosures-clerk.house.gov/public_disc/ptr-pdfs/2025/20032129.pdf,accepted
20032174,Hon. Marjorie Taylor Greene,Adobe Inc. - Common Stock,ADBE,ST,P,2025-09-11,1001.0,15000.0,"$1,001 - $15,000",,1,https://disclosures-clerk.house.gov/public_disc/ptr-pdfs/2025/20032174.pdf,accepted
20032174,Hon. Marjorie Taylor Greene,Alphabet Inc. - Class C Capital Stock,GOOG,ST,P,2025-09-11,1001.0,15000.0,"$1,001 - $15,000",,1,https://disclosures-clerk.house.gov/public_disc/ptr-pdfs/2025/20032174.pdf,accepted
20032174,Hon. Marjorie Taylor Greene,Amgen Inc. - Common Stock,AMGN,ST,P,2025-09-11,1001.0,15000.0,"$1,001 - $15,000",,1,https://disclosures-clerk.house.gov/public_disc/ptr-pdfs/2025/20032174.pdf,accepted
20032174,Hon. Marjorie Taylor Greene,ASML Holding N.V. - New York Registry Shares,ASML,ST,P,2025-09-11,1001.0,15000.0,"$1,001 - $15,000",,1,https://disclosures-clerk.house.gov/public_disc/ptr-pdfs/2025/20032174.pdf,accepted
20032174,Hon. Marjorie Taylor Greene,"CrowdStrike Holdings, Inc. - Class A Common Stock",CRWD,ST,P,2025-09-11,1001.0,15000.0,"$1,001 - $15,000",,1,https://disclosures-clerk.house.gov/public_disc/ptr-pdfs/2025/20032174.pdf,accepted
20032174,Hon. Marjorie Taylor Greene,"Digital Realty Trust, Inc. Common Stock",DLR,ST,P,2025-09-11,1001.0,15000.0,"$1,001 - $15,000",,1,https://disclosures-clerk.house.gov/public_disc/ptr-pdfs/2025/20032174.pdf,accepted
20032174,Hon. Marjorie Taylor Greene,Duke Energy Corporation,DUK,ST,P,2025-09-11,1001.0,15000.0,"$1,001 - $15,000",,1,https://disclosures-clerk.house.gov/public_disc/ptr-pdfs/2025/20032174.pdf,accepted
20032174,Hon. Marjorie Taylor Greene,"Goldman Sachs Group, Inc.",GS,ST,P,2025-09-11,1001.0,15000.0,"$1,001 - $15,000",,1,https://disclosures-clerk.house.gov/public_disc/ptr-pdfs/2025/20032174.pdf,accepted
20032174,Hon. Marjorie Taylor Greene,iShares Bitcoin Trust ETF - iShares Bitcoin Trust ETF,IBIT,ST,P,2025-09-11,1001.0,15000.0,"$1,001 - $15,000",,2,https://disclosures-clerk.house.gov/public_disc/ptr-pdfs/2025/20032174.pdf,accepted
20032174,Hon. Marjorie Taylor Greene,Morgan Stanley Common Stock,MS,ST,P,2025-09-11,1001.0,15000.0,"$1,001 - $15,000",,2,https://disclosures-clerk.house.gov/public_disc/ptr-pdfs/2025/20032174.pdf,accepted
20032211,Hon. Valerie Hoyle,"Amazon.com, Inc. - Common Stock",AMZN,ST,P,2025-09-10,1001.0,15000.0,"$1,001 - $15,000",,1,https://disclosures-clerk.house.gov/public_disc/ptr-pdfs/2025/20032211.pdf,accepted
20032211,Hon. Valerie Hoyle,GoDaddy Inc. Class A Common Stock,GDDY,ST,P,2025-09-10,1001.0,15000.0,"$1,001 - $15,000",,7,https://disclosures-clerk.house.gov/public_disc/ptr-pdfs/2025/20032211.pdf,accepted
20032211,Hon. Valerie Hoyle,LVMH Moet Hennessy Louis Vuitton Unsponsored American Depositary Receipt,LVMUY,ST,P,2025-09-10,1001.0,15000.0,"$1,001 - $15,000",,10,https://disclosures-clerk.house.gov/public_disc/ptr-pdfs/2025/20032211.pdf,accepted
20032211,Hon. Valerie Hoyle,McKesson Corporation Common Stock,MCK,ST,P,2025-09-10,1001.0,15000.0,"$1,001 - $15,000",,11,https://disclosures-clerk.house.gov/public_disc/ptr-pdfs/2025/20032211.pdf,accepted
20032215,Hon. Virginia Foxx,Ellington Financial Inc. 7.00% Series D Cumulative Perpetual Redeemable Preferred Stock,EFC$D,ST,P,2025-09-30,1001.0,15000.0,"$1,001 - $15,000",,1,https://disclosures-clerk.house.gov/public_disc/ptr-pdfs/2025/20032215.pdf,accepted
20032232,Hon. Jonathan Jackson,"Robinhood Markets, Inc. - Class A Common Stock",HOOD,ST,P,2025-09-05,1001.0,15000.0,"$1,001 - $15,000",,1,https://disclosures-clerk.house.gov/public_disc/ptr-pdfs/2025/20032232.pdf,accepted
20032232,Hon. Jonathan Jackson,Tenet Healthcare Corporation Common Stock,THC,ST,P,2025-09-03,1001.0,15000.0,"$1,001 - $15,000",,1,https://disclosures-clerk.house.gov/public_disc/ptr-pdfs/2025/20032232.pdf,accepted
20032233,Hon. April McClain Delaney,"Brown & Brown, Inc. Common Stock",BRO,ST,P,2025-09-18,1001.0,15000.0,"$1,001 - $15,000",,1,https://disclosures-clerk.house.gov/public_disc/ptr-pdfs/2025/20032233.pdf,accepted
20032233,Hon. April McClain Delaney,Jones Lang LaSalle Incorporated Common Stock,JLL,ST,P,2025-09-18,1001.0,15000.0,"$1,001 - $15,000",,1,https://disclosures-clerk.house.gov/public_disc/ptr-pdfs/2025/20032233.pdf,accepted
20032233,Hon. April McClain Delaney,"Nasdaq, Inc. - Common Stock",NDAQ,ST,P,2025-09-19,15001.0,50000.0,"$15,001 - $50,000",,1,https://disclosures-clerk.house.gov/public_disc/ptr-pdfs/2025/20032233.pdf,accepted
20032233,Hon. April McClain Delaney,STERIS plc,STE,ST,P,2025-09-18,1001.0,15000.0,"$1,001 - $15,000",,1,https://disclosures-clerk.house.gov/public_disc/ptr-pdfs/2025/20032233.pdf,accepted
20032233,Hon. April McClain Delaney,STERIS plc,STE,ST,P,2025-09-11,1001.0,15000.0,"$1,001 - $15,000",,1,https://disclosures-clerk.house.gov/public_disc/ptr-pdfs/2025/20032233.pdf,accepted
20032234,Hon. Byron Donalds,"IDEXX Laboratories, Inc. - Common Stock",IDXX,ST,P,2025-09-04,1001.0,15000.0,"$1,001 - $15,000",,2,https://disclosures-clerk.house.gov/public_disc/ptr-pdfs/2025/20032234.pdf,accepted
20032234,Hon. Byron Donalds,"IDEXX Laboratories, Inc. - Common Stock",IDXX,ST,P,2025-09-04,1001.0,15000.0,"$1,001 - $15,000",,2,https://disclosures-clerk.house.gov/public_disc/ptr-pdfs/2025/20032234.pdf,accepted
20032236,Hon. David J. Taylor,"American Electric Power Company, Inc.",AEP,ST,P,2025-09-22,1001.0,15000.0,"$1,001 - $15,000",,1,https://disclosures-clerk.house.gov/public_disc/ptr-pdfs/2025/20032236.pdf,accepted
20032236,Hon. David J. Taylor,Kroger Company,KR,ST,P,2025-09-22,1001.0,15000.0,"$1,001 - $15,000",,1,https://disclosures-clerk.house.gov/public_disc/ptr-pdfs/2025/20032236.pdf,accepted
20032236,Hon. David J. Taylor,Kroger Company,KR,ST,P,2025-09-22,1001.0,15000.0,"$1,001 - $15,000",,1,https://disclosures-clerk.house.gov/public_disc/ptr-pdfs/2025/20032236.pdf,accepted
20032236,Hon. David J. Taylor,Procter & Gamble Company,PG,ST,P,2025-09-22,1001.0,15000.0,"$1,001 - $15,000",,1,https://disclosures-clerk.house.gov/public_disc/ptr-pdfs/2025/20032236.pdf,accepted
20032236,Hon. David J. Taylor,Procter & Gamble Company,PG,ST,P,2025-09-22,1001.0,15000.0,"$1,001 - $15,000",,1,https://disclosures-clerk.house.gov/public_disc/ptr-pdfs/2025/20032236.pdf,accepted
20032246,Hon. Josh Gottheimer,"Commvault Systems, Inc. - Common Stock",CVLT,ST,P,2025-09-23,1001.0,15000.0,"$1,001 - $15,000",,1,https://disclosures-clerk.house.gov/public_disc/ptr-pdfs/2025/20032246.pdf,accepted
20032246,Hon. Josh Gottheimer,"Independence Realty Trust, Inc. Common Stock",IRT,ST,P,2025-09-22,1001.0,15000.0,"$1,001 - $15,000",,1,https://disclosures-clerk.house.gov/public_disc/ptr-pdfs/2025/20032246.pdf,accepted
20032246,Hon. Josh Gottheimer,M3 INC UNSP/ADR,MTHRY,ST,P,2025-09-30,1001.0,15000.0,"$1,001 - $15,000",,1,https://disclosures-clerk.house.gov/public_disc/ptr-pdfs/2025/20032246.pdf,accepted
20032246,Hon. Josh Gottheimer,"Natera, Inc. - Common Stock",NTRA,ST,P,2025-09-22,1001.0,15000.0,"$1,001 - $15,000",,1,https://disclosures-clerk.house.gov/public_disc/ptr-pdfs/2025/20032246.pdf,accepted
20032246,Hon. Josh Gottheimer,SYSMEX CORP UNSP/ASDR,SSMXY,ST,P,2025-09-22,1001.0,15000.0,"$1,001 - $15,000",,2,https://disclosures-clerk.house.gov/public_disc/ptr-pdfs/2025/20032246.pdf,accepted
20032246,Hon. Josh Gottheimer,"Tandem Diabetes Care, Inc. - Common Stock",TNDM,ST,P,2025-09-22,1001.0,15000.0,"$1,001 - $15,000",,2,https://disclosures-clerk.house.gov/public_disc/ptr-pdfs/2025/20032246.pdf,accepted
20032248,Hon. Gilbert Cisneros,AJINOMOTO CO INC,AJINF,ST,P,2025-09-30,1001.0,15000.0,"$1,001 - $15,000",,1,https://disclosures-clerk.house.gov/public_disc/ptr-pdfs/2025/20032248.pdf,accepted
20032248,Hon. Gilbert Cisneros,APi Group Corporation Common Stock,APG,ST,P,2025-09-12,1001.0,15000.0,"$1,001 - $15,000",,1,https://disclosures-clerk.house.gov/public_disc/ptr-pdfs/2025/20032248.pdf,accepted
20032248,Hon. Gilbert Cisneros,APi Group Corporation Common Stock,APG,ST,P,2025-09-30,1001.0,15000.0,"$1,001 - $15,000",,2,https://disclosures-clerk.house.gov/public_disc/ptr-pdfs/2025/20032248.pdf,accepted
20032248,Hon. Gilbert Cisneros,Bloom Energy Corporation Class A Common Stock,BE,ST,P,2025-09-26,1001.0,15000.0,"$1,001 - $15,000",,2,https://disclosures-clerk.house.gov/public_disc/ptr-pdfs/2025/20032248.pdf,accepted
20032248,Hon. Gilbert Cisneros,"BridgeBio Pharma, Inc. - Common Stock",BBIO,ST,P,2025-09-22,1001.0,15000.0,"$1,001 - $15,000",,2,https://disclosures-clerk.house.gov/public_disc/ptr-pdfs/2025/20032248.pdf,accepted
20032248,Hon. Gilbert Cisneros,"Cloudflare, Inc. Class A Common Stock",NET,ST,P,2025-09-12,1001.0,15000.0,"$1,001 - $15,000",,3,https://disclosures-clerk.house.gov/public_disc/ptr-pdfs/2025/20032248.pdf,accepted
20032248,Hon. Gilbert Cisneros,"CoStar Group, Inc. - Common Stock",CSGP,ST,P,2025-09-30,1001.0,15000.0,"$1,001 - $15,000",,3,https://disclosures-clerk.house.gov/public_disc/ptr-pdfs/2025/20032248.pdf,accepted
20032248,Hon. Gilbert Cisneros,"CoStar Group, Inc. - Common Stock",CSGP,ST,P,2025-09-22,1001.0,15000.0,"$1,001 - $15,000",,3,https://disclosures-clerk.house.gov/public_disc/ptr-pdfs/2025/20032248.pdf,accepted
20032248,Hon. Gilbert Cisneros,Halliburton Company Common Stock,HAL,ST,P,2025-09-05,1001.0,15000.0,"$1,001 - $15,000",,4,https://disclosures-clerk.house.gov/public_disc/ptr-pdfs/2025/20032248.pdf,accepted
20032248,Hon. Gilbert Cisneros,"Home Depot, Inc.",HD,ST,P,2025-09-12,1001.0,15000.0,"$1,001 - $15,000",,4,https://disclosures-clerk.house.gov/public_disc/ptr-pdfs/2025/20032248.pdf,accepted
20032248,Hon. Gilbert Cisneros,Mitsubishi Heavy Industries Ltd Ordinary Shares,MHVYF,ST,P,2025-09-30,1001.0,15000.0,"$1,001 - $15,000",,5,https://disclosures-clerk.house.gov/public_disc/ptr-pdfs/2025/20032248.pdf,accepted
20032248,Hon. Gilbert Cisneros,"MongoDB, Inc. - Class A Common Stock",MDB,ST,P,2025-09-12,1001.0,15000.0,"$1,001 - $15,000",,5,https://disclosures-clerk.house.gov/public_disc/ptr-pdfs/2025/20032248.pdf,accepted
20032248,Hon. Gilbert Cisneros,PTC Inc. - Common Stock,PTC,ST,P,2025-09-30,1001.0,15000.0,"$1,001 - $15,000",,6,https://disclosures-clerk.house.gov/public_disc/ptr-pdfs/2025/20032248.pdf,accepted
20032248,Hon. Gilbert Cisneros,"Quanta Services, Inc. Common Stock",PWR,ST,P,2025-09-12,1001.0,15000.0,"$1,001 - $15,000",,6,https://disclosures-clerk.house.gov/public_disc/ptr-pdfs/2025/20032248.pdf,accepted
20032248,Hon. Gilbert Cisneros,"Revvity, Inc. Common Stock",RVTY,ST,P,2025-09-12,1001.0,15000.0,"$1,001 - $15,000",,6,https://disclosures-clerk.house.gov/public_disc/ptr-pdfs/2025/20032248.pdf,accepted
20032248,Hon. Gilbert Cisneros,Southwest Airlines Company Common Stock,LUV,ST,P,2025-09-05,1001.0,15000.0,"$1,001 - $15,000",,7,https://disclosures-clerk.house.gov/public_disc/ptr-pdfs/2025/20032248.pdf,accepted
20032248,Hon. Gilbert Cisneros,"StandardAero, Inc. Common Stock",SARO,ST,P,2025-10-01,1001.0,15000.0,"$1,001 - $15,000",,7,https://disclosures-clerk.house.gov/public_disc/ptr-pdfs/2025/20032248.pdf,accepted
20032248,Hon. Gilbert Cisneros,"StandardAero, Inc. Common Stock",SARO,ST,P,2025-09-30,1001.0,15000.0,"$1,001 - $15,000",,7,https://disclosures-clerk.house.gov/public_disc/ptr-pdfs/2025/20032248.pdf,accepted
20032248,Hon. Gilbert Cisneros,"Super Micro Computer, Inc. - Common Stock",SMCI,ST,P,2025-09-05,1001.0,15000.0,"$1,001 - $15,000",,7,https://disclosures-clerk.house.gov/public_disc/ptr-pdfs/2025/20032248.pdf,accepted
20032248,Hon. Gilbert Cisneros,"Thermon Group Holdings, Inc. Common Stock",THR,ST,P,2025-09-05,1001.0,15000.0,"$1,001 - $15,000",,7,https://disclosures-clerk.house.gov/public_disc/ptr-pdfs/2025/20032248.pdf,accepted
20032248,Hon. Gilbert Cisneros,"Thermon Group Holdings, Inc. Common Stock",THR,ST,P,2025-09-22,1001.0,15000.0,"$1,001 - $15,000",,7,https://disclosures-clerk.house.gov/public_disc/ptr-pdfs/2025/20032248.pdf,accepted
20032248,Hon. Gilbert Cisneros,UNICREDITO SPA ORD NEW,UNCFF,ST,P,2025-09-18,1001.0,15000.0,"$1,001 - $15,000",,8,https://disclosures-clerk.house.gov/public_disc/ptr-pdfs/2025/20032248.pdf,accepted
20032248,Hon. Gilbert Cisneros,UnitedHealth Group Incorporated Common Stock,UNH,ST,P,2025-09-05,1001.0,15000.0,"$1,001 - $15,000",,8,https://disclosures-clerk.house.gov/public_disc/ptr-pdfs/2025/20032248.pdf,accepted
20032248,Hon. Gilbert Cisneros,Waters Corporation Common Stock,WAT,ST,P,2025-09-30,1001.0,15000.0,"$1,001 - $15,000",,8,https://disclosures-clerk.house.gov/public_disc/ptr-pdfs/2025/20032248.pdf,accepted
20032248,Hon. Gilbert Cisneros,Wheaton Precious Metals Corp Common Shares,WPM,ST,P,2025-09-12,1001.0,15000.0,"$1,001 - $15,000",,8,https://disclosures-clerk.house.gov/public_disc/ptr-pdfs/2025/20032248.pdf,accepted
20032248,Hon. Gilbert Cisneros,"Workday, Inc. - Class A Common Stock",WDAY,ST,P,2025-09-22,15001.0,50000.0,"$15,001 - $50,000",,9,https://disclosures-clerk.house.gov/public_disc/ptr-pdfs/2025/20032248.pdf,accepted
20032256,Hon. Tim Moore,"Coinbase Global, Inc. - Class A Common Stock",COIN,ST,P,2025-09-11,15001.0,50000.0,"$15,001 - $50,000",,1,https://disclosures-clerk.house.gov/public_disc/ptr-pdfs/2025/20032256.pdf,accepted
20032256,Hon. Tim Moore,"Hyster-Yale, Inc. Class A common stock",HY,ST,P,2025-09-11,50001.0,100000.0,"$50,001 - $100,000",,1,https://disclosures-clerk.house.gov/public_disc/ptr-pdfs/2025/20032256.pdf,accepted
20032269,Hon. Thomas H. Kean Jr,Danaher Corporation Common Stock,DHR,ST,P,2025-09-03,1001.0,15000.0,"$1,001 - $15,000",,1,https://disclosures-clerk.house.gov/public_disc/ptr-pdfs/2025/20032269.pdf,accepted
20032269,Hon. Thomas H. Kean Jr,Franco-Nevada Corporation,FNV,ST,P,2025-09-03,1001.0,15000.0,"$1,001 - $15,000",,1,https://disclosures-clerk.house.gov/public_disc/ptr-pdfs/2025/20032269.pdf,accepted
20032269,Hon. Thomas H. Kean Jr,Intercontinental Exchange Inc. Common Stock,ICE,ST,P,2025-09-25,1001.0,15000.0,"$1,001 - $15,000",,1,https://disclosures-clerk.house.gov/public_disc/ptr-pdfs/2025/20032269.pdf,accepted
20032298,Hon. Rick Larsen,Abbott Laboratories Common Stock,ABT,ST,P,2025-10-06,1001.0,15000.0,"$1,001 - $15,000",,1,https://disclosures-clerk.house.gov/public_disc/ptr-pdfs/2025/20032298.pdf,accepted
20032298,Hon. Rick Larsen,"American Electric Power Company, Inc.",AEP,ST,P,2025-10-06,1001.0,15000.0,"$1,001 - $15,000",,1,https://disclosures-clerk.house.gov/public_disc/ptr-pdfs/2025/20032298.pdf,accepted
20032298,Hon. Rick Larsen,Walmart Inc. Common Stock,WMT,ST,P,2025-10-06,1001.0,15000.0,"$1,001 - $15,000",,1,https://disclosures-clerk.house.gov/public_disc/ptr-pdfs/2025/20032298.pdf,accepted
20033314,Hon. Marjorie Taylor Greene,Adobe Inc. - Common Stock,ADBE,ST,P,2025-10-15,1001.0,15000.0,"$1,001 - $15,000",,1,https://disclosures-clerk.house.gov/public_disc/ptr-pdfs/2025/20033314.pdf,accepted
20033314,Hon. Marjorie Taylor Greene,"Amazon.com, Inc. - Common Stock",AMZN,ST,P,2025-10-15,1001.0,15000.0,"$1,001 - $15,000",,1,https://disclosures-clerk.house.gov/public_disc/ptr-pdfs/2025/20033314.pdf,accepted
20033314,Hon. Marjorie Taylor Greene,"Amazon.com, Inc. - Common Stock",AMZN,ST,P,2025-10-09,1001.0,15000.0,"$1,001 - $15,000",,1,https://disclosures-clerk.house.gov/public_disc/ptr-pdfs/2025/20033314.pdf,accepted
20033314,Hon. Marjorie Taylor Greene,Exelon Corporation,EXC,ST,P,2025-10-15,1001.0,15000.0,"$1,001 - $15,000",,1,https://disclosures-clerk.house.gov/public_disc/ptr-pdfs/2025/20033314.pdf,accepted
20033314,Hon. Marjorie Taylor Greene,iShares Bitcoin Trust ETF - iShares Bitcoin Trust ETF,IBIT,ST,P,2025-10-15,1001.0,15000.0,"$1,001 - $15,000",,1,https://disclosures-clerk.house.gov/public_disc/ptr-pdfs/2025/20033314.pdf,accepted
20033314,Hon. Marjorie Taylor Greene,iShares Bitcoin Trust ETF - iShares Bitcoin Trust ETF,IBIT,ST,P,2025-10-09,1001.0,15000.0,"$1,001 - $15,000",,1,https://disclosures-clerk.house.gov/public_disc/ptr-pdfs/2025/20033314.pdf,accepted
20033314,Hon. Marjorie Taylor Greene,Novo Nordisk A/S Common Stock,NVO,ST,P,2025-10-15,1001.0,15000.0,"$1,001 - $15,000",,1,https://disclosures-clerk.house.gov/public_disc/ptr-pdfs/2025/20033314.pdf,accepted
20033314,Hon. Marjorie Taylor Greene,"Tesla, Inc. - Common Stock",TSLA,ST,P,2025-10-15,1001.0,15000.0,"$1,001 - $15,000",,1,https://disclosures-clerk.house.gov/public_disc/ptr-pdfs/2025/20033314.pdf,accepted
20033314,Hon. Marjorie Taylor Greene,"United Parcel Service, Inc. Common Stock",UPS,ST,P,2025-10-09,1001.0,15000.0,"$1,001 - $15,000",,2,https://disclosures-clerk.house.gov/public_disc/ptr-pdfs/2025/20033314.pdf,accepted
20033314,Hon. Marjorie Taylor Greene,Xemex Group Inc. Common stock,XMEX,ST,P,2025-10-15,1001.0,15000.0,"$1,001 - $15,000",,2,https://disclosures-clerk.house.gov/public_disc/ptr-pdfs/2025/20033314.pdf,accepted
20033326,Cleo Fields,Alphabet Inc. - Class A Common Stock,GOOGL,ST,P,2025-10-10,15001.0,50000.0,"$15,001 - $50,000",,1,https://disclosures-clerk.house.gov/public_disc/ptr-pdfs/2025/20033326.pdf,accepted
20033326,Cleo Fields,Alphabet Inc. - Class C Capital Stock,GOOG,ST,P,2025-10-10,15001.0,50000.0,"$15,001 - $50,000",,1,https://disclosures-clerk.house.gov/public_disc/ptr-pdfs/2025/20033326.pdf,accepted
20033326,Cleo Fields,"CoreWeave, Inc. - Class A Common Stock",CRWV,ST,P,2025-10-10,1001.0,15000.0,"$1,001 - $15,000",,1,https://disclosures-clerk.house.gov/public_disc/ptr-pdfs/2025/20033326.pdf,accepted
20033326,Cleo Fields,"CoreWeave, Inc. - Class A Common Stock",CRWV,ST,P,2025-10-09,1001.0,15000.0,"$1,001 - $15,000",,1,https://disclosures-clerk.house.gov/public_disc/ptr-pdfs/2025/20033326.pdf,accepted
20033326,Cleo Fields,IREN Limited - Ordinary Shares,IREN,ST,P,2025-10-10,1001.0,15000.0,"$1,001 - $15,000",,1,https://disclosures-clerk.house.gov/public_disc/ptr-pdfs/2025/20033326.pdf,accepted
20033326,Cleo Fields,IREN Limited - Ordinary Shares,IREN,ST,P,2025-10-10,1001.0,15000.0,"$1,001 - $15,000",,2,https://disclosures-clerk.house.gov/public_disc/ptr-pdfs/2025/20033326.pdf,accepted
20033326,Cleo Fields,Palantir Technologies Inc. - Class A Common Stock,PLTR,ST,P,2025-10-10,15001.0,50000.0,"$15,001 - $50,000",,2,https://disclosures-clerk.house.gov/public_disc/ptr-pdfs/2025/20033326.pdf,accepted
20033327,Hon. Scott Scott Franklin,Union Pacific Corporation Common Stock,UNP,ST,P,2025-10-14,50001.0,100000.0,"$50,001 - $100,000",,1,https://disclosures-clerk.house.gov/public_disc/ptr-pdfs/2025/20033327.pdf,accepted
20033327,Hon. Scott Scott Franklin,Union Pacific Corporation Common Stock,UNP,ST,P,2025-10-14,1001.0,15000.0,"$1,001 - $15,000",,1,https://disclosures-clerk.house.gov/public_disc/ptr-pdfs/2025/20033327.pdf,accepted
20033327,Hon. Scott Scott Franklin,Union Pacific Corporation Common Stock,UNP,ST,P,2025-10-14,1001.0,15000.0,"$1,001 - $15,000",,2,https://disclosures-clerk.house.gov/public_disc/ptr-pdfs/2025/20033327.pdf,accepted
20033346,Hon. Robert E. Latta,"Farmers & Merchants Bancorp, Inc.",FMAO,ST,P,2025-10-20,1001.0,15000.0,"$1,001 - $15,000",,1,https://disclosures-clerk.house.gov/public_disc/ptr-pdfs/2025/20033346.pdf,accepted
20033360,Hon. Marjorie Taylor Greene,"Amazon.com, Inc. - Common Stock",AMZN,ST,P,2025-10-24,1001.0,15000.0,"$1,001 - $15,000",,1,https://disclosures-clerk.house.gov/public_disc/ptr-pdfs/2025/20033360.pdf,accepted
20033360,Hon. Marjorie Taylor Greene,Amgen Inc. - Common Stock,AMGN,ST,P,2025-10-24,1001.0,15000.0,"$1,001 - $15,000",,1,https://disclosures-clerk.house.gov/public_disc/ptr-pdfs/2025/20033360.pdf,accepted
20033360,Hon. Marjorie Taylor Greene,Berkshire Hathaway Inc. New Common Stock,BRK.B,ST,P,2025-10-24,1001.0,15000.0,"$1,001 - $15,000",,1,https://disclosures-clerk.house.gov/public_disc/ptr-pdfs/2025/20033360.pdf,accepted
20033360,Hon. Marjorie Taylor Greene,Blackstone Inc. Common Stock,BX,ST,P,2025-10-24,1001.0,15000.0,"$1,001 - $15,000",,1,https://disclosures-clerk.house.gov/public_disc/ptr-pdfs/2025/20033360.pdf,accepted
20033360,Hon. Marjorie Taylor Greene,"Cardinal Health, Inc. Common Stock",CAH,ST,P,2025-10-24,1001.0,15000.0,"$1,001 - $15,000",,1,https://disclosures-clerk.house.gov/public_disc/ptr-pdfs/2025/20033360.pdf,accepted
20033360,Hon. Marjorie Taylor Greene,Chevron Corporation Common Stock,CVX,ST,P,2025-10-24,1001.0,15000.0,"$1,001 - $15,000",,1,https://disclosures-clerk.house.gov/public_disc/ptr-pdfs/2025/20033360.pdf,accepted
20033360,Hon. Marjorie Taylor Greene,"Home Depot, Inc.",HD,ST,P,2025-10-24,1001.0,15000.0,"$1,001 - $15,000",,1,https://disclosures-clerk.house.gov/public_disc/ptr-pdfs/2025/20033360.pdf,accepted
20033360,Hon. Marjorie Taylor Greene,iShares Bitcoin Trust ETF - iShares Bitcoin Trust ETF,IBIT,ST,P,2025-10-24,1001.0,15000.0,"$1,001 - $15,000",,1,https://disclosures-clerk.house.gov/public_disc/ptr-pdfs/2025/20033360.pdf,accepted
20033360,Hon. Marjorie Taylor Greene,"Kinder Morgan, Inc. Common Stock",KMI,ST,P,2025-10-24,1001.0,15000.0,"$1,001 - $15,000",,2,https://disclosures-clerk.house.gov/public_disc/ptr-pdfs/2025/20033360.pdf,accepted
20033360,Hon. Marjorie Taylor Greene,"MercadoLibre, Inc. - Common Stock",MELI,ST,P,2025-10-24,1001.0,15000.0,"$1,001 - $15,000",,2,https://disclosures-clerk.house.gov/public_disc/ptr-pdfs/2025/20033360.pdf,accepted
20033360,Hon. Marjorie Taylor Greene,Microsoft Corporation - Common Stock,MSFT,ST,P,2025-10-24,1001.0,15000.0,"$1,001 - $15,000",,2,https://disclosures-clerk.house.gov/public_disc/ptr-pdfs/2025/20033360.pdf,accepted
20033360,Hon. Marjorie Taylor Greene,"Netflix, Inc. - Common Stock",NFLX,ST,P,2025-10-24,1001.0,15000.0,"$1,001 - $15,000",,2,https://disclosures-clerk.house.gov/public_disc/ptr-pdfs/2025/20033360.pdf,accepted
20033360,Hon. Marjorie Taylor Greene,Occidental Petroleum Corporation Common Stock,OXY,ST,P,2025-10-24,1001.0,15000.0,"$1,001 - $15,000",,2,https://disclosures-clerk.house.gov/public_disc/ptr-pdfs/2025/20033360.pdf,accepted
20033360,Hon. Marjorie Taylor Greene,"Palo Alto Networks, Inc.",PANW,ST,P,2025-10-24,1001.0,15000.0,"$1,001 - $15,000",,2,https://disclosures-clerk.house.gov/public_disc/ptr-pdfs/2025/20033360.pdf,accepted
20033395,Hon. David J. Taylor,AT&T Inc.,T,ST,P,2025-10-30,1001.0,15000.0,"$1,001 - $15,000",,1,https://disclosures-clerk.house.gov/public_disc/ptr-pdfs/2025/20033395.pdf,accepted
20033395,Hon. David J. Taylor,AT&T Inc.,T,ST,P,2025-10-30,1001.0,15000.0,"$1,001 - $15,000",,1,https://disclosures-clerk.house.gov/public_disc/ptr-pdfs/2025/20033395.pdf,accepted
20033398,Hon. Josh Gottheimer,"NetEase, Inc. - American Depositary Shares, each representing 5 ordinary shares",NTES,ST,P,2025-10-17,1001.0,15000.0,"$1,001 - $15,000",,1,https://disclosures-clerk.house.gov/public_disc/ptr-pdfs/2025/20033398.pdf,accepted
20033398,Hon. Josh Gottheimer,NICE Ltd - American Depositary Shares each representing one Ordinary Share,NICE,ST,P,2025-10-17,1001.0,15000.0,"$1,001 - $15,000",,1,https://disclosures-clerk.house.gov/public_disc/ptr-pdfs/2025/20033398.pdf,accepted
20033408,Hon. April McClain Delaney,Bio-Techne Corp - Common Stock,TECH,ST,P,2025-10-22,1001.0,15000.0,"$1,001 - $15,000",,1,https://disclosures-clerk.house.gov/public_disc/ptr-pdfs/2025/20033408.pdf,accepted
20033408,Hon. April McClain Delaney,"BJ's Wholesale Club Holdings, Inc. Common Stock",BJ,ST,P,2025-10-16,1001.0,15000.0,"$1,001 - $15,000",,1,https://disclosures-clerk.house.gov/public_disc/ptr-pdfs/2025/20033408.pdf,accepted
20033408,Hon. April McClain Delaney,"BJ's Wholesale Club Holdings, Inc. Common Stock",BJ,ST,P,2025-10-15,1001.0,15000.0,"$1,001 - $15,000",,1,https://disclosures-clerk.house.gov/public_disc/ptr-pdfs/2025/20033408.pdf,accepted
20033408,Hon. April McClain Delaney,"Brown & Brown, Inc. Common Stock",BRO,ST,P,2025-10-29,1001.0,15000.0,"$1,001 - $15,000",,1,https://disclosures-clerk.house.gov/public_disc/ptr-pdfs/2025/20033408.pdf,accepted
20033408,Hon. April McClain Delaney,"Brown & Brown, Inc. Common Stock",BRO,ST,P,2025-10-31,1001.0,15000.0,"$1,001 - $15,000",,1,https://disclosures-clerk.house.gov/public_disc/ptr-pdfs/2025/20033408.pdf,accepted
20033408,Hon. April McClain Delaney,Labcorp Holdings Inc. Common Stock,LH,ST,P,2025-10-29,1001.0,15000.0,"$1,001 - $15,000",,2,https://disclosures-clerk.house.gov/public_disc/ptr-pdfs/2025/20033408.pdf,accepted
20033408,Hon. April McClain Delaney,Labcorp Holdings Inc. Common Stock,LH,ST,P,2025-10-31,1001.0,15000.0,"$1,001 - $15,000",,2,https://disclosures-clerk.house.gov/public_disc/ptr-pdfs/2025/20033408.pdf,accepted
20033408,Hon. April McClain Delaney,"Nasdaq, Inc. - Common Stock",NDAQ,ST,P,2025-10-09,1001.0,15000.0,"$1,001 - $15,000",,2,https://disclosures-clerk.house.gov/public_disc/ptr-pdfs/2025/20033408.pdf,accepted
20033408,Hon. April McClain Delaney,"Nasdaq, Inc. - Common Stock",NDAQ,ST,P,2025-10-22,15001.0,50000.0,"$15,001 - $50,000",,2,https://disclosures-clerk.house.gov/public_disc/ptr-pdfs/2025/20033408.pdf,accepted
20033408,Hon. April McClain Delaney,"Paychex, Inc. - Common Stock",PAYX,ST,P,2025-10-01,1001.0,15000.0,"$1,001 - $15,000",,2,https://disclosures-clerk.house.gov/public_disc/ptr-pdfs/2025/20033408.pdf,accepted
20033408,Hon. April McClain Delaney,Tractor Supply Company - Common Stock,TSCO,ST,P,2025-10-31,1001.0,15000.0,"$1,001 - $15,000",,2,https://disclosures-clerk.house.gov/public_disc/ptr-pdfs/2025/20033408.pdf,accepted
20033409,Hon. Jonathan Jackson,"Robinhood Markets, Inc. - Class A Common Stock",HOOD,ST,P,2025-10-08,15001.0,50000.0,"$15,001 - $50,000",,1,https://disclosures-clerk.house.gov/public_disc/ptr-pdfs/2025/20033409.pdf,accepted
20033409,Hon. Jonathan Jackson,Shopify Inc. - Class A Subordinate Voting Shares,SHOP,ST,P,2025-10-08,1001.0,15000.0,"$1,001 - $15,000",,1,https://disclosures-clerk.house.gov/public_disc/ptr-pdfs/2025/20033409.pdf,accepted
20033409,Hon. Jonathan Jackson,Shopify Inc. - Class A Subordinate Voting Shares,SHOP,ST,P,2025-10-06,15001.0,50000.0,"$15,001 - $50,000",,1,https://disclosures-clerk.house.gov/public_disc/ptr-pdfs/2025/20033409.pdf,accepted
20033413,Hon. Tim Moore,"Genprex, Inc. - Common Stock",GNPX,ST,P,2025-10-29,15001.0,50000.0,"$15,001 - $50,000",,1,https://disclosures-clerk.house.gov/public_disc/ptr-pdfs/2025/20033413.pdf,accepted
20033413,Hon. Tim Moore,"Hyster-Yale, Inc. Class A common stock",HY,ST,P,2025-10-08,50001.0,100000.0,"$50,001 - $100,000",,1,https://disclosures-clerk.house.gov/public_disc/ptr-pdfs/2025/20033413.pdf,accepted
20033413,Hon. Tim Moore,"Hyster-Yale, Inc. Class A common stock",HY,ST,P,2025-10-10,15001.0,50000.0,"$15,001 - $50,000",,1,https://disclosures-clerk.house.gov/public_disc/ptr-pdfs/2025/20033413.pdf,accepted
20033413,Hon. Tim Moore,"Hyster-Yale, Inc. Class A common stock",HY,ST,P,2025-10-14,15001.0,50000.0,"$15,001 - $50,000",,1,https://disclosures-clerk.house.gov/public_disc/ptr-pdfs/2025/20033413.pdf,accepted
20033413,Hon. Tim Moore,"LGI Homes, Inc. - Common Stock",LGIH,ST,P,2025-10-30,15001.0,50000.0,"$15,001 - $50,000",,2,https://disclosures-clerk.house.gov/public_disc/ptr-pdfs/2025/20033413.pdf,accepted
20033413,Hon. Tim Moore,Verizon Communications Inc. Common Stock,VZ,ST,P,2025-10-31,15001.0,50000.0,"$15,001 - $50,000",,2,https://disclosures-clerk.house.gov/public_disc/ptr-pdfs/2025/20033413.pdf,accepted
20033413,Hon. Tim Moore,Verizon Communications Inc. Common Stock,VZ,ST,P,2025-10-07,50001.0,100000.0,"$50,001 - $100,000",,2,https://disclosures-clerk.house.gov/public_disc/ptr-pdfs/2025/20033413.pdf,accepted
20033413,Hon. Tim Moore,Verizon Communications Inc. Common Stock,VZ,ST,P,2025-10-10,15001.0,50000.0,"$15,001 - $50,000",,2,https://disclosures-clerk.house.gov/public_disc/ptr-pdfs/2025/20033413.pdf,accepted
20033416,Hon. Michael Patrick Guest,"Monolithic Power Systems, Inc. - Common Stock",MPWR,ST,P,2025-10-20,1001.0,15000.0,"$1,001 - $15,000",,1,https://disclosures-clerk.house.gov/public_disc/ptr-pdfs/2025/20033416.pdf,accepted
20033420,Hon. Julie Johnson,Alphabet Inc. - Class C Capital Stock,GOOG,ST,P,2025-10-21,1001.0,15000.0,"$1,001 - $15,000",,1,https://disclosures-clerk.house.gov/public_disc/ptr-pdfs/2025/20033420.pdf,accepted
20033420,Hon. Julie Johnson,Alphabet Inc. - Class C Capital Stock,GOOG,ST,P,2025-10-27,1001.0,15000.0,"$1,001 - $15,000",,1,https://disclosures-clerk.house.gov/public_disc/ptr-pdfs/2025/20033420.pdf,accepted
20033420,Hon. Julie Johnson,Alphabet Inc. - Class C Capital Stock,GOOG,ST,P,2025-10-31,1001.0,15000.0,"$1,001 - $15,000",,1,https://disclosures-clerk.house.gov/public_disc/ptr-pdfs/2025/20033420.pdf,accepted
20033420,Hon. Julie Johnson,Carrier Global Corporation Common Stock,CARR,ST,P,2025-10-07,1001.0,15000.0,"$1,001 - $15,000",,1,https://disclosures-clerk.house.gov/public_disc/ptr-pdfs/2025/20033420.pdf,accepted
20033420,Hon. Julie Johnson,Danaher Corporation Common Stock,DHR,ST,P,2025-10-07,1001.0,15000.0,"$1,001 - $15,000",,2,https://disclosures-clerk.house.gov/public_disc/ptr-pdfs/2025/20033420.pdf,accepted
20033421,Hon. Jared Moskowitz,American Express Company Common Stock,AXP,ST,P,2025-10-10,1001.0,15000.0,"$1,001 - $15,000",,1,https://disclosures-clerk.house.gov/public_disc/ptr-pdfs/2025/20033421.pdf,accepted
20033421,Hon. Jared Moskowitz,American Express Company Common Stock,AXP,ST,P,2025-10-10,1001.0,15000.0,"$1,001 - $15,000",,1,https://disclosures-clerk.house.gov/public_disc/ptr-pdfs/2025/20033421.pdf,accepted
20033421,Hon. Jared Moskowitz,American Express Company Common Stock,AXP,ST,P,2025-10-10,15001.0,50000.0,"$15,001 - $50,000",,1,https://disclosures-clerk.house.gov/public_disc/ptr-pdfs/2025/20033421.pdf,accepted
20033421,Hon. Jared Moskowitz,Broadcom Inc. - Common Stock,AVGO,ST,P,2025-10-10,1001.0,15000.0,"$1,001 - $15,000",,1,https://disclosures-clerk.house.gov/public_disc/ptr-pdfs/2025/20033421.pdf,accepted
20033421,Hon. Jared Moskowitz,Broadcom Inc. - Common Stock,AVGO,ST,P,2025-10-10,1001.0,15000.0,"$1,001 - $15,000",,1,https://disclosures-clerk.house.gov/public_disc/ptr-pdfs/2025/20033421.pdf,accepted
20033421,Hon. Jared Moskowitz,Broadcom Inc. - Common Stock,AVGO,ST,P,2025-10-10,15001.0,50000.0,"$15,001 - $50,000",,1,https://disclosures-clerk.house.gov/public_disc/ptr-pdfs/2025/20033421.pdf,accepted
20033421,Hon. Jared Moskowitz,"Cisco Systems, Inc. - Common Stock",CSCO,ST,P,2025-10-10,1001.0,15000.0,"$1,001 - $15,000",,2,https://disclosures-clerk.house.gov/public_disc/ptr-pdfs/2025/20033421.pdf,accepted
20033421,Hon. Jared Moskowitz,"Cisco Systems, Inc. - Common Stock",CSCO,ST,P,2025-10-10,1001.0,15000.0,"$1,001 - $15,000",,2,https://disclosures-clerk.house.gov/public_disc/ptr-pdfs/2025/20033421.pdf,accepted
20033421,Hon. Jared Moskowitz,"Cisco Systems, Inc. - Common Stock",CSCO,ST,P,2025-10-10,15001.0,50000.0,"$15,001 - $50,000",,2,https://disclosures-clerk.house.gov/public_disc/ptr-pdfs/2025/20033421.pdf,accepted
20033421,Hon. Jared Moskowitz,Dell Technologies Inc. Class C Common Stock,DELL,ST,P,2025-10-10,1001.0,15000.0,"$1,001 - $15,000",,2,https://disclosures-clerk.house.gov/public_disc/ptr-pdfs/2025/20033421.pdf,accepted
20033421,Hon. Jared Moskowitz,Dell Technologies Inc. Class C Common Stock,DELL,ST,P,2025-10-10,1001.0,15000.0,"$1,001 - $15,000",,2,https://disclosures-clerk.house.gov/public_disc/ptr-pdfs/2025/20033421.pdf,accepted
20033421,Hon. Jared Moskowitz,Dell Technologies Inc. Class C Common Stock,DELL,ST,P,2025-10-10,15001.0,50000.0,"$15,001 - $50,000",,2,https://disclosures-clerk.house.gov/public_disc/ptr-pdfs/2025/20033421.pdf,accepted
20033421,Hon. Jared Moskowitz,"Goldman Sachs Group, Inc.",GS,ST,P,2025-10-10,1001.0,15000.0,"$1,001 - $15,000",,3,https://disclosures-clerk.house.gov/public_disc/ptr-pdfs/2025/20033421.pdf,accepted
20033421,Hon. Jared Moskowitz,"Goldman Sachs Group, Inc.",GS,ST,P,2025-10-10,1001.0,15000.0,"$1,001 - $15,000",,3,https://disclosures-clerk.house.gov/public_disc/ptr-pdfs/2025/20033421.pdf,accepted
20033421,Hon. Jared Moskowitz,"Goldman Sachs Group, Inc.",GS,ST,P,2025-10-10,15001.0,50000.0,"$15,001 - $50,000",,3,https://disclosures-clerk.house.gov/public_disc/ptr-pdfs/2025/20033421.pdf,accepted
20033421,Hon. Jared Moskowitz,McKesson Corporation Common Stock,MCK,ST,P,2025-10-10,1001.0,15000.0,"$1,001 - $15,000",,3,https://disclosures-clerk.house.gov/public_disc/ptr-pdfs/2025/20033421.pdf,accepted
20033421,Hon. Jared Moskowitz,Taiwan Semiconductor,TSM,ST,P,2025-10-10,1001.0,15000.0,"$1,001 - $15,000",,3,https://disclosures-clerk.house.gov/public_disc/ptr-pdfs/2025/20033421.pdf,accepted
20033421,Hon. Jared Moskowitz,Taiwan Semiconductor Manufacturing Company Ltd.,TSM,ST,P,2025-10-10,1001.0,15000.0,"$1,001 - $15,000",,4,https://disclosures-clerk.house.gov/public_disc/ptr-pdfs/2025/20033421.pdf,accepted
20033421,Hon. Jared Moskowitz,Taiwan Semiconductor Manufacturing Company Ltd.,TSM,ST,P,2025-10-10,1001.0,15000.0,"$1,001 - $15,000",,4,https://disclosures-clerk.house.gov/public_disc/ptr-pdfs/2025/20033421.pdf,accepted
20033424,Cleo Fields,Alphabet Inc. - Class A Common Stock,GOOGL,ST,P,2025-10-23,100001.0,250000.0,"$100,001 - $250,000",,1,https://disclosures-clerk.house.gov/public_disc/ptr-pdfs/2025/20033424.pdf,accepted
20033424,Cleo Fields,Alphabet Inc. - Class C Capital Stock,GOOG,ST,P,2025-10-29,50001.0,100000.0,"$50,001 - $100,000",,1,https://disclosures-clerk.house.gov/public_disc/ptr-pdfs/2025/20033424.pdf,accepted
20033424,Cleo Fields,Apple Inc. - Common Stock,AAPL,ST,P,2025-10-30,250001.0,500000.0,"$250,001 - $500,000",,1,https://disclosures-clerk.house.gov/public_disc/ptr-pdfs/2025/20033424.pdf,accepted
20033424,Cleo Fields,Apple Inc. - Common Stock,AAPL,ST,P,2025-10-23,100001.0,250000.0,"$100,001 - $250,000",,1,https://disclosures-clerk.house.gov/public_disc/ptr-pdfs/2025/20033424.pdf,accepted
20033424,Cleo Fields,"Celestica, Inc. Common Stock",CLS,ST,P,2025-10-31,15001.0,50000.0,"$15,001 - $50,000",,1,https://disclosures-clerk.house.gov/public_disc/ptr-pdfs/2025/20033424.pdf,accepted
20033424,Cleo Fields,"Netflix, Inc. - Common Stock",NFLX,ST,P,2025-10-31,100001.0,250000.0,"$100,001 - $250,000",,2,https://disclosures-clerk.house.gov/public_disc/ptr-pdfs/2025/20033424.pdf,accepted
20033424,Cleo Fields,NVIDIA Corporation - Common Stock,NVDA,ST,P,2025-10-30,100001.0,250000.0,"$100,001 - $250,000",,2,https://disclosures-clerk.house.gov/public_disc/ptr-pdfs/2025/20033424.pdf,accepted
20033424,Cleo Fields,NVIDIA Corporation - Common Stock,NVDA,ST,P,2025-10-30,15001.0,50000.0,"$15,001 - $50,000",,2,https://disclosures-clerk.house.gov/public_disc/ptr-pdfs/2025/20033424.pdf,accepted
20033424,Cleo Fields,Taiwan Semiconductor Manufacturing Company Ltd.,TSM,ST,P,2025-10-23,100001.0,250000.0,"$100,001 - $250,000",,2,https://disclosures-clerk.house.gov/public_disc/ptr-pdfs/2025/20033424.pdf,accepted
20033428,Hon. Marjorie Taylor Greene,Procter & Gamble Company,PG,ST,P,2025-11-06,15001.0,50000.0,"$15,001 - $50,000",,1,https://disclosures-clerk.house.gov/public_disc/ptr-pdfs/2025/20033428.pdf,accepted
20033446,Hon. Lisa McClain,AbbVie Inc. Common Stock,ABBV,ST,P,2025-10-30,1001.0,15000.0,"$1,001 - $15,000",,1,https://disclosures-clerk.house.gov/public_disc/ptr-pdfs/2025/20033446.pdf,accepted
20033446,Hon. Lisa McClain,"ACI Worldwide, Inc. - Common Stock",ACIW,ST,P,2025-10-30,1001.0,15000.0,"$1,001 - $15,000",,1,https://disclosures-clerk.house.gov/public_disc/ptr-pdfs/2025/20033446.pdf,accepted
20033446,Hon. Lisa McClain,"Advanced Micro Devices, Inc.",AMD,ST,P,2025-10-30,1001.0,15000.0,"$1,001 - $15,000",,2,https://disclosures-clerk.house.gov/public_disc/ptr-pdfs/2025/20033446.pdf,accepted
20033446,Hon. Lisa McClain,"Akamai Technologies, Inc. - Common Stock",AKAM,ST,P,2025-10-30,1001.0,15000.0,"$1,001 - $15,000",,2,https://disclosures-clerk.house.gov/public_disc/ptr-pdfs/2025/20033446.pdf,accepted
20033446,Hon. Lisa McClain,"Alexander & Baldwin, Inc. Common Stock REIT Holding Company",ALEX,ST,P,2025-10-30,1001.0,15000.0,"$1,001 - $15,000",,2,https://disclosures-clerk.house.gov/public_disc/ptr-pdfs/2025/20033446.pdf,accepted
20033446,Hon. Lisa McClain,Alibaba Group Holding Limited American Depositary Shares each representing eight Ordinary share,BABA,ST,P,2025-10-30,1001.0,15000.0,"$1,001 - $15,000",,3,https://disclosures-clerk.house.gov/public_disc/ptr-pdfs/2025/20033446.pdf,accepted
20033446,Hon. Lisa McClain,Allegion plc Ordinary Shares,ALLE,ST,P,2025-10-30,1001.0,15000.0,"$1,001 - $15,000",,3,https://disclosures-clerk.house.gov/public_disc/ptr-pdfs/2025/20033446.pdf,accepted
20033446,Hon. Lisa McClain,Alphabet Inc. - Class A Common Stock,GOOGL,ST,P,2025-10-30,1001.0,15000.0,"$1,001 - $15,000",,3,https://disclosures-clerk.house.gov/public_disc/ptr-pdfs/2025/20033446.pdf,accepted
20033446,Hon. Lisa McClain,Alphabet Inc. - Class C Capital Stock,GOOG,ST,P,2025-10-30,1001.0,15000.0,"$1,001 - $15,000",,4,https://disclosures-clerk.house.gov/public_disc/ptr-pdfs/2025/20033446.pdf,accepted
20033446,Hon. Lisa McClain,American Express Company Common Stock,AXP,ST,P,2025-10-30,1001.0,15000.0,"$1,001 - $15,000",,4,https://disclosures-clerk.house.gov/public_disc/ptr-pdfs/2025/20033446.pdf,accepted
20033446,Hon. Lisa McClain,American Homes 4 Rent Common Shares of Beneficial Interest,AMH,ST,P,2025-10-30,1001.0,15000.0,"$1,001 - $15,000",,5,https://disclosures-clerk.house.gov/public_disc/ptr-pdfs/2025/20033446.pdf,accepted
20033446,Hon. Lisa McClain,"AppFolio, Inc. - Class A Common Stock",APPF,ST,P,2025-10-30,1001.0,15000.0,"$1,001 - $15,000",,5,https://disclosures-clerk.house.gov/public_disc/ptr-pdfs/2025/20033446.pdf,accepted
20033446,Hon. Lisa McClain,Apple Inc. - Common Stock,AAPL,ST,P,2025-10-30,15001.0,50000.0,"$15,001 - $50,000",,5,https://disclosures-clerk.house.gov/public_disc/ptr-pdfs/2025/20033446.pdf,accepted
20033446,Hon. Lisa McClain,ASML Holding N.V. - New York Registry Shares,ASML,ST,P,2025-10-30,1001.0,15000.0,"$1,001 - $15,000",,6,https://disclosures-clerk.house.gov/public_disc/ptr-pdfs/2025/20033446.pdf,accepted
20033446,Hon. Lisa McClain,AstraZeneca PLC - American Depositary Shares,AZN,ST,P,2025-10-30,1001.0,15000.0,"$1,001 - $15,000",,6,https://disclosures-clerk.house.gov/public_disc/ptr-pdfs/2025/20033446.pdf,accepted
20033446,Hon. Lisa McClain,"AvalonBay Communities, Inc. Common Stock",AVB,ST,P,2025-10-30,1001.0,15000.0,"$1,001 - $15,000",,7,https://disclosures-clerk.house.gov/public_disc/ptr-pdfs/2025/20033446.pdf,accepted
20033446,Hon. Lisa McClain,Bank of America Corporation Common Stock,BAC,ST,P,2025-10-30,1001.0,15000.0,"$1,001 - $15,000",,7,https://disclosures-clerk.house.gov/public_disc/ptr-pdfs/2025/20033446.pdf,accepted
20033446,Hon. Lisa McClain,Barclays PLC Common Stock,BCS,ST,P,2025-10-30,1001.0,15000.0,"$1,001 - $15,000",,7,https://disclosures-clerk.house.gov/public_disc/ptr-pdfs/2025/20033446.pdf,accepted
20033446,Hon. Lisa McClain,Baxter International Inc. Common Stock,BAX,ST,P,2025-10-30,1001.0,15000.0,"$1,001 - $15,000",,8,https://disclosures-clerk.house.gov/public_disc/ptr-pdfs/2025/20033446.pdf,accepted
20033446,Hon. Lisa McClain,Berkshire Hathaway Inc. New Common Stock,BRK.B,ST,P,2025-10-30,1001.0,15000.0,"$1,001 - $15,000",,8,https://disclosures-clerk.house.gov/public_disc/ptr-pdfs/2025/20033446.pdf,accepted
20033446,Hon. Lisa McClain,BHP Group Limited American Depositary Shares,BHP,ST,P,2025-10-30,1001.0,15000.0,"$1,001 - $15,000",,8,https://disclosures-clerk.house.gov/public_disc/ptr-pdfs/2025/20033446.pdf,accepted
20033446,Hon. Lisa McClain,"BlackLine, Inc. - Common Stock",BL,ST,P,2025-10-30,1001.0,15000.0,"$1,001 - $15,000",,9,https://disclosures-clerk.house.gov/public_disc/ptr-pdfs/2025/20033446.pdf,accepted
20033446,Hon. Lisa McClain,Boston Scientific Corporation Common Stock,BSX,ST,P,2025-10-30,1001.0,15000.0,"$1,001 - $15,000",,9,https://disclosures-clerk.house.gov/public_disc/ptr-pdfs/2025/20033446.pdf,accepted
20033446,Hon. Lisa McClain,BP p.l.c. Common Stock,BP,ST,P,2025-10-30,1001.0,15000.0,"$1,001 - $15,000",,9,https://disclosures-clerk.house.gov/public_disc/ptr-pdfs/2025/20033446.pdf,accepted
20033446,Hon. Lisa McClain,Brinks Company,BCO,ST,P,2025-10-30,1001.0,15000.0,"$1,001 - $15,000",,10,https://disclosures-clerk.house.gov/public_disc/ptr-pdfs/2025/20033446.pdf,accepted
20033446,Hon. Lisa McClain,Broadcom Inc. - Common Stock,AVGO,ST,P,2025-10-30,1001.0,15000.0,"$1,001 - $15,000",,10,https://disclosures-clerk.house.gov/public_disc/ptr-pdfs/2025/20033446.pdf,accepted
20033446,Hon. Lisa McClain,"Brown & Brown, Inc. Common Stock",BRO,ST,P,2025-10-30,1001.0,15000.0,"$1,001 - $15,000",,10,https://disclosures-clerk.house.gov/public_disc/ptr-pdfs/2025/20033446.pdf,accepted
20033446,Hon. Lisa McClain,"BWX Technologies, Inc. Common Stock",BWXT,ST,P,2025-10-30,1001.0,15000.0,"$1,001 - $15,000",,11,https://disclosures-clerk.house.gov/public_disc/ptr-pdfs/2025/20033446.pdf,accepted
20033446,Hon. Lisa McClain,"CACI International, Inc. Class A Common Stock",CACI,ST,P,2025-10-30,1001.0,15000.0,"$1,001 - $15,000",,11,https://disclosures-clerk.house.gov/public_disc/ptr-pdfs/2025/20033446.pdf,accepted
20033446,Hon. Lisa McClain,"Caseys General Stores, Inc. - Common Stock",CASY,ST,P,2025-10-30,1001.0,15000.0,"$1,001 - $15,000",,11,https://disclosures-clerk.house.gov/public_disc/ptr-pdfs/2025/20033446.pdf,accepted
20033446,Hon. Lisa McClain,Chord Energy Corporation - Common Stock,CHRD,ST,P,2025-10-30,1001.0,15000.0,"$1,001 - $15,000",,12,https://disclosures-clerk.house.gov/public_disc/ptr-pdfs/2025/20033446.pdf,accepted
20033446,Hon. Lisa McClain,Ciena Corporation,CIEN,ST,P,2025-10-30,1001.0,15000.0,"$1,001 - $15,000",,12,https://disclosures-clerk.house.gov/public_disc/ptr-pdfs/2025/20033446.pdf,accepted
20033446,Hon. Lisa McClain,Clorox Company,CLX,ST,P,2025-10-30,1001.0,15000.0,"$1,001 - $15,000",,12,https://disclosures-clerk.house.gov/public_disc/ptr-pdfs/2025/20033446.pdf,accepted
20033446,Hon. Lisa McClain,Coca-Cola Company,KO,ST,P,2025-10-30,1001.0,15000.0,"$1,001 - $15,000",,13,https://disclosures-clerk.house.gov/public_disc/ptr-pdfs/2025/20033446.pdf,accepted
20033446,Hon. Lisa McClain,Coherent Corp.,COHR,ST,P,2025-10-30,1001.0,15000.0,"$1,001 - $15,000",,13,https://disclosures-clerk.house.gov/public_disc/ptr-pdfs/2025/20033446.pdf,accepted
20033446,Hon. Lisa McClain,ConocoPhillips Common Stock,COP,ST,P,2025-10-30,1001.0,15000.0,"$1,001 - $15,000",,13,https://disclosures-clerk.house.gov/public_disc/ptr-pdfs/2025/20033446.pdf,accepted
20033446,Hon. Lisa McClain,Constellation Energy Corporation - Common Stock,CEG,ST,P,2025-10-30,1001.0,15000.0,"$1,001 - $15,000",,14,https://disclosures-clerk.house.gov/public_disc/ptr-pdfs/2025/20033446.pdf,accepted
20033446,Hon. Lisa McClain,"Core & Main, Inc. Class A Common Stock",CNM,ST,P,2025-10-30,1001.0,15000.0,"$1,001 - $15,000",,14,https://disclosures-clerk.house.gov/public_disc/ptr-pdfs/2025/20033446.pdf,accepted
20033446,Hon. Lisa McClain,Cummins Inc. Common Stock,CMI,ST,P,2025-10-30,1001.0,15000.0,"$1,001 - $15,000",,14,https://disclosures-clerk.house.gov/public_disc/ptr-pdfs/2025/20033446.pdf,accepted
20033446,Hon. Lisa McClain,CVS Health Corporation Common Stock,CVS,ST,P,2025-10-30,1001.0,15000.0,"$1,001 - $15,000",,15,https://disclosures-clerk.house.gov/public_disc/ptr-pdfs/2025/20033446.pdf,accepted
20033446,Hon. Lisa McClain,"D.R. Horton, Inc. Common Stock",DHI,ST,P,2025-10-30,1001.0,15000.0,"$1,001 - $15,000",,15,https://disclosures-clerk.house.gov/public_disc/ptr-pdfs/2025/20033446.pdf,accepted
20033446,Hon. Lisa McClain,"Darden Restaurants, Inc. Common Stock",DRI,ST,P,2025-10-30,1001.0,15000.0,"$1,001 - $15,000",,15,https://disclosures-clerk.house.gov/public_disc/ptr-pdfs/2025/20033446.pdf,accepted
20033446,Hon. Lisa McClain,"Datadog, Inc. - Class A Common Stock",DDOG,ST,P,2025-10-30,1001.0,15000.0,"$1,001 - $15,000",,16,https://disclosures-clerk.house.gov/public_disc/ptr-pdfs/2025/20033446.pdf,accepted
20033446,Hon. Lisa McClain,DBA Sempra Common Stock,SRE,ST,P,2025-10-30,1001.0,15000.0,"$1,001 - $15,000",,16,https://disclosures-clerk.house.gov/public_disc/ptr-pdfs/2025/20033446.pdf,accepted
20033446,Hon. Lisa McClain,Dell Technologies Inc. Class C Common Stock,DELL,ST,P,2025-10-30,1001.0,15000.0,"$1,001 - $15,000",,16,https://disclosures-clerk.house.gov/public_disc/ptr-pdfs/2025/20033446.pdf,accepted
20033446,Hon. Lisa McClain,"Delta Air Lines, Inc. Common Stock",DAL,ST,P,2025-10-30,1001.0,15000.0,"$1,001 - $15,000",,17,https://disclosures-clerk.house.gov/public_disc/ptr-pdfs/2025/20033446.pdf,accepted
20033446,Hon. Lisa McClain,Dick's Sporting Goods Inc Common Stock,DKS,ST,P,2025-10-30,1001.0,15000.0,"$1,001 - $15,000",,17,https://disclosures-clerk.house.gov/public_disc/ptr-pdfs/2025/20033446.pdf,accepted
20033446,Hon. Lisa McClain,Duke Energy Corporation,DUK,ST,P,2025-10-30,1001.0,15000.0,"$1,001 - $15,000",,17,https://disclosures-clerk.house.gov/public_disc/ptr-pdfs/2025/20033446.pdf,accepted
20033446,Hon. Lisa McClain,"Eaton Corporation, PLC Ordinary Shares",ETN,ST,P,2025-10-30,1001.0,15000.0,"$1,001 - $15,000",,17,https://disclosures-clerk.house.gov/public_disc/ptr-pdfs/2025/20033446.pdf,accepted
20033446,Hon. Lisa McClain,EchoStar Corporation - Common stock,SATS,ST,P,2025-10-30,1001.0,15000.0,"$1,001 - $15,000",,18,https://disclosures-clerk.house.gov/public_disc/ptr-pdfs/2025/20033446.pdf,accepted
20033446,Hon. Lisa McClain,Ecolab Inc. Common Stock,ECL,ST,P,2025-10-30,1001.0,15000.0,"$1,001 - $15,000",,18,https://disclosures-clerk.house.gov/public_disc/ptr-pdfs/2025/20033446.pdf,accepted
20033446,Hon. Lisa McClain,"EMCOR Group, Inc. Common Stock",EME,ST,P,2025-10-30,1001.0,15000.0,"$1,001 - $15,000",,19,https://disclosures-clerk.house.gov/public_disc/ptr-pdfs/2025/20033446.pdf,accepted
20033446,Hon. Lisa McClain,Encompass Health Corporation Common Stock,EHC,ST,P,2025-10-30,1001.0,15000.0,"$1,001 - $15,000",,19,https://disclosures-clerk.house.gov/public_disc/ptr-pdfs/2025/20033446.pdf,accepted
20033446,Hon. Lisa McClain,"Entegris, Inc. - Common Stock",ENTG,ST,P,2025-10-30,1001.0,15000.0,"$1,001 - $15,000",,19,https://disclosures-clerk.house.gov/public_disc/ptr-pdfs/2025/20033446.pdf,accepted
20033446,Hon. Lisa McClain,"Essential Utilities, Inc. Common Stock",WTRG,ST,P,2025-10-30,1001.0,15000.0,"$1,001 - $15,000",,19,https://disclosures-clerk.house.gov/public_disc/ptr-pdfs/2025/20033446.pdf,accepted
20033446,Hon. Lisa McClain,Exelon Corporation,EXC,ST,P,2025-10-30,1001.0,15000.0,"$1,001 - $15,000",,20,https://disclosures-clerk.house.gov/public_disc/ptr-pdfs/2025/20033446.pdf,accepted
20033446,Hon. Lisa McClain,Exxon Mobil Corporation Common Stock,XOM,ST,P,2025-10-30,1001.0,15000.0,"$1,001 - $15,000",,20,https://disclosures-clerk.house.gov/public_disc/ptr-pdfs/2025/20033446.pdf,accepted
20033446,Hon. Lisa McClain,Fabrinet Ordinary Shares,FN,ST,P,2025-10-30,1001.0,15000.0,"$1,001 - $15,000",,21,https://disclosures-clerk.house.gov/public_disc/ptr-pdfs/2025/20033446.pdf,accepted
20033446,Hon. Lisa McClain,"Five Below, Inc. - Common Stock",FIVE,ST,P,2025-10-30,1001.0,15000.0,"$1,001 - $15,000",,21,https://disclosures-clerk.house.gov/public_disc/ptr-pdfs/2025/20033446.pdf,accepted
20033446,Hon. Lisa McClain,FMC Corporation Common Stock,FMC,ST,P,2025-10-30,1001.0,15000.0,"$1,001 - $15,000",,21,https://disclosures-clerk.house.gov/public_disc/ptr-pdfs/2025/20033446.pdf,accepted
20033446,Hon. Lisa McClain,"Fortinet, Inc. - Common Stock",FTNT,ST,P,2025-10-30,1001.0,15000.0,"$1,001 - $15,000",,22,https://disclosures-clerk.house.gov/public_disc/ptr-pdfs/2025/20033446.pdf,accepted
20033446,Hon. Lisa McClain,"Gartner, Inc. Common Stock",IT,ST,P,2025-10-30,1001.0,15000.0,"$1,001 - $15,000",,22,https://disclosures-clerk.house.gov/public_disc/ptr-pdfs/2025/20033446.pdf,accepted
20033446,Hon. Lisa McClain,Getty Realty Corporation Common Stock,GTY,ST,P,2025-10-30,1001.0,15000.0,"$1,001 - $15,000",,22,https://disclosures-clerk.house.gov/public_disc/ptr-pdfs/2025/20033446.pdf,accepted
20033446,Hon. Lisa McClain,"Goldman Sachs Group, Inc.",GS,ST,P,2025-10-30,1001.0,15000.0,"$1,001 - $15,000",,23,https://disclosures-clerk.house.gov/public_disc/ptr-pdfs/2025/20033446.pdf,accepted
20033446,Hon. Lisa McClain,GSK plc American Depositary Shares,GSK,ST,P,2025-10-30,1001.0,15000.0,"$1,001 - $15,000",,23,https://disclosures-clerk.house.gov/public_disc/ptr-pdfs/2025/20033446.pdf,accepted
20033446,Hon. Lisa McClain,"Hasbro, Inc. - Common Stock",HAS,ST,P,2025-10-30,1001.0,15000.0,"$1,001 - $15,000",,23,https://disclosures-clerk.house.gov/public_disc/ptr-pdfs/2025/20033446.pdf,accepted
20033446,Hon. Lisa McClain,HDFC Bank Limited Common Stock,HDB,ST,P,2025-10-30,1001.0,15000.0,"$1,001 - $15,000",,24,https://disclosures-clerk.house.gov/public_disc/ptr-pdfs/2025/20033446.pdf,accepted
20033446,Hon. Lisa McClain,Hewlett Packard Enterprise Company Common Stock,HPE,ST,P,2025-10-30,1001.0,15000.0,"$1,001 - $15,000",,24,https://disclosures-clerk.house.gov/public_disc/ptr-pdfs/2025/20033446.pdf,accepted
20033446,Hon. Lisa McClain,"Home BancShares, Inc. Common Stock",HOMB,ST,P,2025-10-30,1001.0,15000.0,"$1,001 - $15,000",,24,https://disclosures-clerk.house.gov/public_disc/ptr-pdfs/2025/20033446.pdf,accepted
20033446,Hon. Lisa McClain,"Honda Motor Company, Ltd. Common Stock",HMC,ST,P,2025-10-30,1001.0,15000.0,"$1,001 - $15,000",,25,https://disclosures-clerk.house.gov/public_disc/ptr-pdfs/2025/20033446.pdf,accepted
20033446,Hon. Lisa McClain,Howmet Aerospace Inc. Common Stock,HWM,ST,P,2025-10-30,1001.0,15000.0,"$1,001 - $15,000",,25,https://disclosures-clerk.house.gov/public_disc/ptr-pdfs/2025/20033446.pdf,accepted
20033446,Hon. Lisa McClain,Humana Inc. Common Stock,HUM,ST,P,2025-10-30,1001.0,15000.0,"$1,001 - $15,000",,25,https://disclosures-clerk.house.gov/public_disc/ptr-pdfs/2025/20033446.pdf,accepted
20033446,Hon. Lisa McClain,IDEX Corporation Common Stock,IEX,ST,P,2025-10-30,1001.0,15000.0,"$1,001 - $15,000",,26,https://disclosures-clerk.house.gov/public_disc/ptr-pdfs/2025/20033446.pdf,accepted
20033446,Hon. Lisa McClain,Illinois Tool Works Inc. Common Stock,ITW,ST,P,2025-10-30,1001.0,15000.0,"$1,001 - $15,000",,26,https://disclosures-clerk.house.gov/public_disc/ptr-pdfs/2025/20033446.pdf,accepted
20033446,Hon. Lisa McClain,"Illumina, Inc. - Common Stock",ILMN,ST,P,2025-10-30,1001.0,15000.0,"$1,001 - $15,000",,26,https://disclosures-clerk.house.gov/public_disc/ptr-pdfs/2025/20033446.pdf,accepted
20033446,Hon. Lisa McClain,"ING Group, N.V. Common Stock",ING,ST,P,2025-10-30,1001.0,15000.0,"$1,001 - $15,000",,27,https://disclosures-clerk.house.gov/public_disc/ptr-pdfs/2025/20033446.pdf,accepted
20033446,Hon. Lisa McClain,ITT Inc. Common Stock,ITT,ST,P,2025-10-30,1001.0,15000.0,"$1,001 - $15,000",,27,https://disclosures-clerk.house.gov/public_disc/ptr-pdfs/2025/20033446.pdf,accepted
20033446,Hon. Lisa McClain,"JD.com, Inc. - American Depositary Shares",JD,ST,P,2025-10-30,1001.0,15000.0,"$1,001 - $15,000",,28,https://disclosures-clerk.house.gov/public_disc/ptr-pdfs/2025/20033446.pdf,accepted
20033446,Hon. Lisa McClain,Johnson & Johnson Common Stock,JNJ,ST,P,2025-10-30,1001.0,15000.0,"$1,001 - $15,000",,28,https://disclosures-clerk.house.gov/public_disc/ptr-pdfs/2025/20033446.pdf,accepted
20033446,Hon. Lisa McClain,JP Morgan Chase & Co. Common Stock,JPM,ST,P,2025-10-30,1001.0,15000.0,"$1,001 - $15,000",,28,https://disclosures-clerk.house.gov/public_disc/ptr-pdfs/2025/20033446.pdf,accepted
20033446,Hon. Lisa McClain,Kenvue Inc. Common Stock,KVUE,ST,P,2025-10-30,1001.0,15000.0,"$1,001 - $15,000",,29,https://disclosures-clerk.house.gov/public_disc/ptr-pdfs/2025/20033446.pdf,accepted
20033446,Hon. Lisa McClain,Kite Realty Group Trust Common Stock,KRG,ST,P,2025-10-30,1001.0,15000.0,"$1,001 - $15,000",,29,https://disclosures-clerk.house.gov/public_disc/ptr-pdfs/2025/20033446.pdf,accepted
20033446,Hon. Lisa McClain,Loews Corporation Common Stock,L,ST,P,2025-10-30,1001.0,15000.0,"$1,001 - $15,000",,29,https://disclosures-clerk.house.gov/public_disc/ptr-pdfs/2025/20033446.pdf,accepted
20033446,Hon. Lisa McClain,Louisiana-Pacific Corporation Common Stock,LPX,ST,P,2025-10-30,1001.0,15000.0,"$1,001 - $15,000",,30,https://disclosures-clerk.house.gov/public_disc/ptr-pdfs/2025/20033446.pdf,accepted
20033446,Hon. Lisa McClain,Magnolia Oil & Gas Corporation Class A Common Stock,MGY,ST,P,2025-10-30,1001.0,15000.0,"$1,001 - $15,000",,30,https://disclosures-clerk.house.gov/public_disc/ptr-pdfs/2025/20033446.pdf,accepted
20033446,Hon. Lisa McClain,"MasTec, Inc. Common Stock",MTZ,ST,P,2025-10-30,1001.0,15000.0,"$1,001 - $15,000",,30,https://disclosures-clerk.house.gov/public_disc/ptr-pdfs/2025/20033446.pdf,accepted
20033446,Hon. Lisa McClain,McDonald's Corporation Common Stock,MCD,ST,P,2025-10-30,1001.0,15000.0,"$1,001 - $15,000",,31,https://disclosures-clerk.house.gov/public_disc/ptr-pdfs/2025/20033446.pdf,accepted
20033446,Hon. Lisa McClain,"Meta Platforms, Inc. - Class A Common Stock",META,ST,P,2025-10-30,1001.0,15000.0,"$1,001 - $15,000",,31,https://disclosures-clerk.house.gov/public_disc/ptr-pdfs/2025/20033446.pdf,accepted
20033446,Hon. Lisa McClain,"MGP Ingredients, Inc. - Common Stock",MGPI,ST,P,2025-10-30,1001.0,15000.0,"$1,001 - $15,000",,32,https://disclosures-clerk.house.gov/public_disc/ptr-pdfs/2025/20033446.pdf,accepted
20033446,Hon. Lisa McClain,Microsoft Corporation - Common Stock,MSFT,ST,P,2025-10-30,15001.0,50000.0,"$15,001 - $50,000",,32,https://disclosures-clerk.house.gov/public_disc/ptr-pdfs/2025/20033446.pdf,accepted
20033446,Hon. Lisa McClain,MKS Inc. - Common Stock,MKSI,ST,P,2025-10-30,1001.0,15000.0,"$1,001 - $15,000",,32,https://disclosures-clerk.house.gov/public_disc/ptr-pdfs/2025/20033446.pdf,accepted
20033446,Hon. Lisa McClain,"Netflix, Inc. - Common Stock",NFLX,ST,P,2025-10-30,1001.0,15000.0,"$1,001 - $15,000",,33,https://disclosures-clerk.house.gov/public_disc/ptr-pdfs/2025/20033446.pdf,accepted
20033446,Hon. Lisa McClain,Northern Trust Corporation - Common Stock,NTRS,ST,P,2025-10-30,1001.0,15000.0,"$1,001 - $15,000",,33,https://disclosures-clerk.house.gov/public_disc/ptr-pdfs/2025/20033446.pdf,accepted
20033446,Hon. Lisa McClain,Norwegian Cruise Line Holdings Ltd. Ordinary Shares,NCLH,ST,P,2025-10-30,1001.0,15000.0,"$1,001 - $15,000",,33,https://disclosures-clerk.house.gov/public_disc/ptr-pdfs/2025/20033446.pdf,accepted
20033446,Hon. Lisa McClain,Novartis AG Common Stock,NVS,ST,P,2025-10-30,1001.0,15000.0,"$1,001 - $15,000",,34,https://disclosures-clerk.house.gov/public_disc/ptr-pdfs/2025/20033446.pdf,accepted
20033446,Hon. Lisa McClain,Novo Nordisk A/S Common Stock,NVO,ST,P,2025-10-30,1001.0,15000.0,"$1,001 - $15,000",,34,https://disclosures-clerk.house.gov/public_disc/ptr-pdfs/2025/20033446.pdf,accepted
20033446,Hon. Lisa McClain,NVIDIA Corporation - Common Stock,NVDA,ST,P,2025-10-30,15001.0,50000.0,"$15,001 - $50,000",,34,https://disclosures-clerk.house.gov/public_disc/ptr-pdfs/2025/20033446.pdf,accepted
20033446,Hon. Lisa McClain,"Option Care Health, Inc. - Common Stock",OPCH,ST,P,2025-10-30,1001.0,15000.0,"$1,001 - $15,000",,35,https://disclosures-clerk.house.gov/public_disc/ptr-pdfs/2025/20033446.pdf,accepted
20033446,Hon. Lisa McClain,Oracle Corporation Common Stock,ORCL,ST,P,2025-10-30,1001.0,15000.0,"$1,001 - $15,000",,35,https://disclosures-clerk.house.gov/public_disc/ptr-pdfs/2025/20033446.pdf,accepted
20033446,Hon. Lisa McClain,"O'Reilly Automotive, Inc. - Common Stock",ORLY,ST,P,2025-10-30,1001.0,15000.0,"$1,001 - $15,000",,35,https://disclosures-clerk.house.gov/public_disc/ptr-pdfs/2025/20033446.pdf,accepted
20033446,Hon. Lisa McClain,Oshkosh Corporation,OSK,ST,P,2025-10-30,1001.0,15000.0,"$1,001 - $15,000",,36,https://disclosures-clerk.house.gov/public_disc/ptr-pdfs/2025/20033446.pdf,accepted
20033446,Hon. Lisa McClain,Otis Worldwide Corporation Common Stock,OTIS,ST,P,2025-10-30,1001.0,15000.0,"$1,001 - $15,000",,36,https://disclosures-clerk.house.gov/public_disc/ptr-pdfs/2025/20033446.pdf,accepted
20033446,Hon. Lisa McClain,Palantir Technologies Inc. - Class A Common Stock,PLTR,ST,P,2025-10-30,1001.0,15000.0,"$1,001 - $15,000",,36,https://disclosures-clerk.house.gov/public_disc/ptr-pdfs/2025/20033446.pdf,accepted
20033446,Hon. Lisa McClain,PDD Holdings Inc. - American Depositary Shares,PDD,ST,P,2025-10-30,1001.0,15000.0,"$1,001 - $15,000",,37,https://disclosures-clerk.house.gov/public_disc/ptr-pdfs/2025/20033446.pdf,accepted
20033446,Hon. Lisa McClain,"Pepsico, Inc.",PEP,ST,P,2025-10-30,1001.0,15000.0,"$1,001 - $15,000",,37,https://disclosures-clerk.house.gov/public_disc/ptr-pdfs/2025/20033446.pdf,accepted
20033446,Hon. Lisa McClain,Performance Food Group Company Common Stock,PFGC,ST,P,2025-10-30,1001.0,15000.0,"$1,001 - $15,000",,37,https://disclosures-clerk.house.gov/public_disc/ptr-pdfs/2025/20033446.pdf,accepted
20033446,Hon. Lisa McClain,Polaris Inc. Common Stock,PII,ST,P,2025-10-30,1001.0,15000.0,"$1,001 - $15,000",,38,https://disclosures-clerk.house.gov/public_disc/ptr-pdfs/2025/20033446.pdf,accepted
20033446,Hon. Lisa McClain,Principal Financial Group Inc,PFG,ST,P,2025-10-30,1001.0,15000.0,"$1,001 - $15,000",,38,https://disclosures-clerk.house.gov/public_disc/ptr-pdfs/2025/20033446.pdf,accepted
20033446,Hon. Lisa McClain,"Pure Storage, Inc. Class A Common Stock",PSTG,ST,P,2025-10-30,1001.0,15000.0,"$1,001 - $15,000",,38,https://disclosures-clerk.house.gov/public_disc/ptr-pdfs/2025/20033446.pdf,accepted
20033446,Hon. Lisa McClain,"Qualys, Inc. - Common Stock",QLYS,ST,P,2025-10-30,1001.0,15000.0,"$1,001 - $15,000",,39,https://disclosures-clerk.house.gov/public_disc/ptr-pdfs/2025/20033446.pdf,accepted
20033446,Hon. Lisa McClain,"Quanta Services, Inc. Common Stock",PWR,ST,P,2025-10-30,1001.0,15000.0,"$1,001 - $15,000",,39,https://disclosures-clerk.house.gov/public_disc/ptr-pdfs/2025/20033446.pdf,accepted
20033446,Hon. Lisa McClain,"RB Global, Inc. Common Stock",RBA,ST,P,2025-10-30,1001.0,15000.0,"$1,001 - $15,000",,39,https://disclosures-clerk.house.gov/public_disc/ptr-pdfs/2025/20033446.pdf,accepted
20033446,Hon. Lisa McClain,Regions Financial Corporation Common Stock,RF,ST,P,2025-10-30,1001.0,15000.0,"$1,001 - $15,000",,40,https://disclosures-clerk.house.gov/public_disc/ptr-pdfs/2025/20033446.pdf,accepted
20033446,Hon. Lisa McClain,Repligen Corporation - Common Stock,RGEN,ST,P,2025-10-30,1001.0,15000.0,"$1,001 - $15,000",,40,https://disclosures-clerk.house.gov/public_disc/ptr-pdfs/2025/20033446.pdf,accepted
20033446,Hon. Lisa McClain,Rio Tinto Plc Common Stock,RIO,ST,P,2025-10-30,1001.0,15000.0,"$1,001 - $15,000",,40,https://disclosures-clerk.house.gov/public_disc/ptr-pdfs/2025/20033446.pdf,accepted
20033446,Hon. Lisa McClain,Roivant Sciences Ltd. - Common Shares,ROIV,ST,P,2025-10-30,1001.0,15000.0,"$1,001 - $15,000",,41,https://disclosures-clerk.house.gov/public_disc/ptr-pdfs/2025/20033446.pdf,accepted
20033446,Hon. Lisa McClain,Sandisk Corporation - Common Stock,SNDK,ST,P,2025-10-30,1001.0,15000.0,"$1,001 - $15,000",,41,https://disclosures-clerk.house.gov/public_disc/ptr-pdfs/2025/20033446.pdf,accepted
20033446,Hon. Lisa McClain,SAP SE ADS,SAP,ST,P,2025-10-30,1001.0,15000.0,"$1,001 - $15,000",,41,https://disclosures-clerk.house.gov/public_disc/ptr-pdfs/2025/20033446.pdf,accepted
20033446,Hon. Lisa McClain,Science Applications International Corporation - Common Stock,SAIC,ST,P,2025-10-30,1001.0,15000.0,"$1,001 - $15,000",,42,https://disclosures-clerk.house.gov/public_disc/ptr-pdfs/2025/20033446.pdf,accepted
20033446,Hon. Lisa McClain,Seacoast Banking Corporation of Florida - Common Stock,SBCF,ST,P,2025-10-30,1001.0,15000.0,"$1,001 - $15,000",,42,https://disclosures-clerk.house.gov/public_disc/ptr-pdfs/2025/20033446.pdf,accepted
20033446,Hon. Lisa McClain,Sherwin-Williams Company,SHW,ST,P,2025-10-30,1001.0,15000.0,"$1,001 - $15,000",,43,https://disclosures-clerk.house.gov/public_disc/ptr-pdfs/2025/20033446.pdf,accepted
20033446,Hon. Lisa McClain,SLB Limited Common Shares,SLB,ST,P,2025-10-30,1001.0,15000.0,"$1,001 - $15,000",,43,https://disclosures-clerk.house.gov/public_disc/ptr-pdfs/2025/20033446.pdf,accepted
20033446,Hon. Lisa McClain,Somnigroup International Inc. Common Stock,SGI,ST,P,2025-10-30,1001.0,15000.0,"$1,001 - $15,000",,43,https://disclosures-clerk.house.gov/public_disc/ptr-pdfs/2025/20033446.pdf,accepted
20033446,Hon. Lisa McClain,Sony Group Corporation American Depositary Shares,SONY,ST,P,2025-10-30,1001.0,15000.0,"$1,001 - $15,000",,44,https://disclosures-clerk.house.gov/public_disc/ptr-pdfs/2025/20033446.pdf,accepted
20033446,Hon. Lisa McClain,Spire Inc. Common Stock,SR,ST,P,2025-10-30,1001.0,15000.0,"$1,001 - $15,000",,44,https://disclosures-clerk.house.gov/public_disc/ptr-pdfs/2025/20033446.pdf,accepted
20033446,Hon. Lisa McClain,"Sprouts Farmers Market, Inc. - Common Stock",SFM,ST,P,2025-10-30,1001.0,15000.0,"$1,001 - $15,000",,44,https://disclosures-clerk.house.gov/public_disc/ptr-pdfs/2025/20033446.pdf,accepted
20033446,Hon. Lisa McClain,Stifel Financial Corporation Common Stock,SF,ST,P,2025-10-30,1001.0,15000.0,"$1,001 - $15,000",,45,https://disclosures-clerk.house.gov/public_disc/ptr-pdfs/2025/20033446.pdf,accepted
20033446,Hon. Lisa McClain,Sysco Corporation Common Stock,SYY,ST,P,2025-10-30,1001.0,15000.0,"$1,001 - $15,000",,45,https://disclosures-clerk.house.gov/public_disc/ptr-pdfs/2025/20033446.pdf,accepted
20033446,Hon. Lisa McClain,Taiwan Semiconductor Manufacturing Company Ltd.,TSM,ST,P,2025-10-30,1001.0,15000.0,"$1,001 - $15,000",,45,https://disclosures-clerk.house.gov/public_disc/ptr-pdfs/2025/20033446.pdf,accepted
20033446,Hon. Lisa McClain,Taylor Morrison Home Corporation Common Stock,TMHC,ST,P,2025-10-30,1001.0,15000.0,"$1,001 - $15,000",,46,https://disclosures-clerk.house.gov/public_disc/ptr-pdfs/2025/20033446.pdf,accepted
20033446,Hon. Lisa McClain,"Teradyne, Inc.",TER,ST,P,2025-10-30,1001.0,15000.0,"$1,001 - $15,000",,46,https://disclosures-clerk.house.gov/public_disc/ptr-pdfs/2025/20033446.pdf,accepted
20033446,Hon. Lisa McClain,"Tesla, Inc. - Common Stock",TSLA,ST,P,2025-10-30,1001.0,15000.0,"$1,001 - $15,000",,46,https://disclosures-clerk.house.gov/public_disc/ptr-pdfs/2025/20033446.pdf,accepted
20033446,Hon. Lisa McClain,Textron Inc. Common Stock,TXT,ST,P,2025-10-30,1001.0,15000.0,"$1,001 - $15,000",,47,https://disclosures-clerk.house.gov/public_disc/ptr-pdfs/2025/20033446.pdf,accepted
20033446,Hon. Lisa McClain,The Bank of New York Mellon Corporation Common Stock,BK,ST,P,2025-10-30,1001.0,15000.0,"$1,001 - $15,000",,47,https://disclosures-clerk.house.gov/public_disc/ptr-pdfs/2025/20033446.pdf,accepted
20033446,Hon. Lisa McClain,The J.M. Smucker Company Common Stock,SJM,ST,P,2025-10-30,1001.0,15000.0,"$1,001 - $15,000",,47,https://disclosures-clerk.house.gov/public_disc/ptr-pdfs/2025/20033446.pdf,accepted
20033446,Hon. Lisa McClain,Thermo Fisher Scientific Inc Common Stock,TMO,ST,P,2025-10-30,1001.0,15000.0,"$1,001 - $15,000",,48,https://disclosures-clerk.house.gov/public_disc/ptr-pdfs/2025/20033446.pdf,accepted
20033446,Hon. Lisa McClain,"T-Mobile US, Inc.",TMUS,ST,P,2025-10-30,1001.0,15000.0,"$1,001 - $15,000",,48,https://disclosures-clerk.house.gov/public_disc/ptr-pdfs/2025/20033446.pdf,accepted
20033446,Hon. Lisa McClain,Trip.com Group Limited - American Depositary Shares,TCOM,ST,P,2025-10-30,1001.0,15000.0,"$1,001 - $15,000",,48,https://disclosures-clerk.house.gov/public_disc/ptr-pdfs/2025/20033446.pdf,accepted
20033446,Hon. Lisa McClain,"Uber Technologies, Inc. Common Stock",UBER,ST,P,2025-10-30,1001.0,15000.0,"$1,001 - $15,000",,49,https://disclosures-clerk.house.gov/public_disc/ptr-pdfs/2025/20033446.pdf,accepted
20033446,Hon. Lisa McClain,United Therapeutics Corporation - Common Stock,UTHR,ST,P,2025-10-30,1001.0,15000.0,"$1,001 - $15,000",,49,https://disclosures-clerk.house.gov/public_disc/ptr-pdfs/2025/20033446.pdf,accepted
20033446,Hon. Lisa McClain,UnitedHealth Group Incorporated Common Stock,UNH,ST,P,2025-10-30,1001.0,15000.0,"$1,001 - $15,000",,50,https://disclosures-clerk.house.gov/public_disc/ptr-pdfs/2025/20033446.pdf,accepted
20033446,Hon. Lisa McClain,Unum Group Common Stock,UNM,ST,P,2025-10-30,1001.0,15000.0,"$1,001 - $15,000",,50,https://disclosures-clerk.house.gov/public_disc/ptr-pdfs/2025/20033446.pdf,accepted
20033446,Hon. Lisa McClain,Urban Edge Properties Common Shares of Beneficial Interest,UE,ST,P,2025-10-30,1001.0,15000.0,"$1,001 - $15,000",,50,https://disclosures-clerk.house.gov/public_disc/ptr-pdfs/2025/20033446.pdf,accepted
20033446,Hon. Lisa McClain,VALE S.A. American Depositary Shares Each Representing one common share,VALE,ST,P,2025-10-30,1001.0,15000.0,"$1,001 - $15,000",,50,https://disclosures-clerk.house.gov/public_disc/ptr-pdfs/2025/20033446.pdf,accepted
20033446,Hon. Lisa McClain,"Vertiv Holdings, LLC Class A Common Stock",VRT,ST,P,2025-10-30,1001.0,15000.0,"$1,001 - $15,000",,51,https://disclosures-clerk.house.gov/public_disc/ptr-pdfs/2025/20033446.pdf,accepted
20033446,Hon. Lisa McClain,Visa Inc.,V,ST,P,2025-10-30,1001.0,15000.0,"$1,001 - $15,000",,51,https://disclosures-clerk.house.gov/public_disc/ptr-pdfs/2025/20033446.pdf,accepted
20033446,Hon. Lisa McClain,Vistra Corp. Common Stock,VST,ST,P,2025-10-30,1001.0,15000.0,"$1,001 - $15,000",,52,https://disclosures-clerk.house.gov/public_disc/ptr-pdfs/2025/20033446.pdf,accepted
20033446,Hon. Lisa McClain,W.R. Berkley Corporation Common Stock,WRB,ST,P,2025-10-30,1001.0,15000.0,"$1,001 - $15,000",,52,https://disclosures-clerk.house.gov/public_disc/ptr-pdfs/2025/20033446.pdf,accepted
20033446,Hon. Lisa McClain,Walmart Inc. Common Stock,WMT,ST,P,2025-10-30,1001.0,15000.0,"$1,001 - $15,000",,52,https://disclosures-clerk.house.gov/public_disc/ptr-pdfs/2025/20033446.pdf,accepted
20033446,Hon. Lisa McClain,WSFS Financial Corporation - Common Stock,WSFS,ST,P,2025-10-30,1001.0,15000.0,"$1,001 - $15,000",,52,https://disclosures-clerk.house.gov/public_disc/ptr-pdfs/2025/20033446.pdf,accepted
20033446,Hon. Lisa McClain,"Wynn Resorts, Limited - Common Stock",WYNN,ST,P,2025-10-30,1001.0,15000.0,"$1,001 - $15,000",,53,https://disclosures-clerk.house.gov/public_disc/ptr-pdfs/2025/20033446.pdf,accepted
20033455,Hon. Gilbert Cisneros,"AeroVironment, Inc. - Common Stock",AVAV,ST,P,2025-10-03,1001.0,15000.0,"$1,001 - $15,000",,1,https://disclosures-clerk.house.gov/public_disc/ptr-pdfs/2025/20033455.pdf,accepted
20033455,Hon. Gilbert Cisneros,AJINOMOTO CO INC,AJINF,ST,P,2025-10-21,1001.0,15000.0,"$1,001 - $15,000",,1,https://disclosures-clerk.house.gov/public_disc/ptr-pdfs/2025/20033455.pdf,accepted
20033455,Hon. Gilbert Cisneros,Alibaba Group Holding Limited American Depositary Shares each representing eight Ordinary share,BABA,ST,P,2025-10-14,15001.0,50000.0,"$15,001 - $50,000",,1,https://disclosures-clerk.house.gov/public_disc/ptr-pdfs/2025/20033455.pdf,accepted
20033455,Hon. Gilbert Cisneros,Alibaba Group Holding Limited American Depositary Shares each representing eight Ordinary share,BABA,ST,P,2025-10-17,15001.0,50000.0,"$15,001 - $50,000",,1,https://disclosures-clerk.house.gov/public_disc/ptr-pdfs/2025/20033455.pdf,accepted
20033455,Hon. Gilbert Cisneros,ALIBABA GROUP HOLDING LTD,BABAF,ST,P,2025-10-21,1001.0,15000.0,"$1,001 - $15,000",,1,https://disclosures-clerk.house.gov/public_disc/ptr-pdfs/2025/20033455.pdf,accepted
20033455,Hon. Gilbert Cisneros,Allianz SE ADS,AZSEY,ST,P,2025-10-21,1001.0,15000.0,"$1,001 - $15,000",,2,https://disclosures-clerk.house.gov/public_disc/ptr-pdfs/2025/20033455.pdf,accepted
20033455,Hon. Gilbert Cisneros,Alphabet Inc. - Class A Common Stock,GOOGL,ST,P,2025-10-17,1001.0,15000.0,"$1,001 - $15,000",,2,https://disclosures-clerk.house.gov/public_disc/ptr-pdfs/2025/20033455.pdf,accepted
20033455,Hon. Gilbert Cisneros,"Amazon.com, Inc. - Common Stock",AMZN,ST,P,2025-10-17,1001.0,15000.0,"$1,001 - $15,000",,2,https://disclosures-clerk.house.gov/public_disc/ptr-pdfs/2025/20033455.pdf,accepted
20033455,Hon. Gilbert Cisneros,APi Group Corporation Common Stock,APG,ST,P,2025-10-07,1001.0,15000.0,"$1,001 - $15,000",,2,https://disclosures-clerk.house.gov/public_disc/ptr-pdfs/2025/20033455.pdf,accepted
20033455,Hon. Gilbert Cisneros,APi Group Corporation Common Stock,APG,ST,P,2025-10-15,1001.0,15000.0,"$1,001 - $15,000",,2,https://disclosures-clerk.house.gov/public_disc/ptr-pdfs/2025/20033455.pdf,accepted
20033455,Hon. Gilbert Cisneros,Apple Inc. - Common Stock,AAPL,ST,P,2025-10-17,1001.0,15000.0,"$1,001 - $15,000",,2,https://disclosures-clerk.house.gov/public_disc/ptr-pdfs/2025/20033455.pdf,accepted
20033455,Hon. Gilbert Cisneros,Applovin Corporation - Class A Common Stock,APP,ST,P,2025-10-17,1001.0,15000.0,"$1,001 - $15,000",,2,https://disclosures-clerk.house.gov/public_disc/ptr-pdfs/2025/20033455.pdf,accepted
20033455,Hon. Gilbert Cisneros,Applovin Corporation - Class A Common Stock,APP,ST,P,2025-10-09,1001.0,15000.0,"$1,001 - $15,000",,2,https://disclosures-clerk.house.gov/public_disc/ptr-pdfs/2025/20033455.pdf,accepted
20033455,Hon. Gilbert Cisneros,"Arista Networks, Inc. Common Stock",ANET,ST,P,2025-10-17,1001.0,15000.0,"$1,001 - $15,000",,3,https://disclosures-clerk.house.gov/public_disc/ptr-pdfs/2025/20033455.pdf,accepted
20033455,Hon. Gilbert Cisneros,AstraZeneca PLC - American Depositary Shares,AZN,ST,P,2025-10-21,1001.0,15000.0,"$1,001 - $15,000",,3,https://disclosures-clerk.house.gov/public_disc/ptr-pdfs/2025/20033455.pdf,accepted
20033455,Hon. Gilbert Cisneros,"Azenta, Inc. - Common Stock",AZTA,ST,P,2025-10-09,1001.0,15000.0,"$1,001 - $15,000",,3,https://disclosures-clerk.house.gov/public_disc/ptr-pdfs/2025/20033455.pdf,accepted
20033455,Hon. Gilbert Cisneros,Barclays Plc Ord Ordinary Shares,BCLYF,ST,P,2025-10-21,1001.0,15000.0,"$1,001 - $15,000",,3,https://disclosures-clerk.house.gov/public_disc/ptr-pdfs/2025/20033455.pdf,accepted
20033455,Hon. Gilbert Cisneros,Berkshire Hathaway Inc. New Common Stock,BRK.B,ST,P,2025-10-17,1001.0,15000.0,"$1,001 - $15,000",,3,https://disclosures-clerk.house.gov/public_disc/ptr-pdfs/2025/20033455.pdf,accepted
20033455,Hon. Gilbert Cisneros,Bloom Energy Corporation Class A Common Stock,BE,ST,P,2025-10-17,1001.0,15000.0,"$1,001 - $15,000",,3,https://disclosures-clerk.house.gov/public_disc/ptr-pdfs/2025/20033455.pdf,accepted
20033455,Hon. Gilbert Cisneros,Boston Scientific Corporation Common Stock,BSX,ST,P,2025-10-17,1001.0,15000.0,"$1,001 - $15,000",,3,https://disclosures-clerk.house.gov/public_disc/ptr-pdfs/2025/20033455.pdf,accepted
20033455,Hon. Gilbert Cisneros,Broadcom Inc. - Common Stock,AVGO,ST,P,2025-10-17,1001.0,15000.0,"$1,001 - $15,000",,4,https://disclosures-clerk.house.gov/public_disc/ptr-pdfs/2025/20033455.pdf,accepted
20033455,Hon. Gilbert Cisneros,Cameco Corporation Common Stock,CCJ,ST,P,2025-10-17,1001.0,15000.0,"$1,001 - $15,000",,4,https://disclosures-clerk.house.gov/public_disc/ptr-pdfs/2025/20033455.pdf,accepted
20033455,Hon. Gilbert Cisneros,"Caterpillar, Inc. Common Stock",CAT,ST,P,2025-10-17,1001.0,15000.0,"$1,001 - $15,000",,4,https://disclosures-clerk.house.gov/public_disc/ptr-pdfs/2025/20033455.pdf,accepted
20033455,Hon. Gilbert Cisneros,Chevron Corporation Common Stock,CVX,ST,P,2025-10-17,1001.0,15000.0,"$1,001 - $15,000",,4,https://disclosures-clerk.house.gov/public_disc/ptr-pdfs/2025/20033455.pdf,accepted
20033455,Hon. Gilbert Cisneros,"Cloudflare, Inc. Class A Common Stock",NET,ST,P,2025-10-17,1001.0,15000.0,"$1,001 - $15,000",,4,https://disclosures-clerk.house.gov/public_disc/ptr-pdfs/2025/20033455.pdf,accepted
20033455,Hon. Gilbert Cisneros,Cohen & Steers Inc Common Stock,CNS,ST,P,2025-10-30,1001.0,15000.0,"$1,001 - $15,000",,4,https://disclosures-clerk.house.gov/public_disc/ptr-pdfs/2025/20033455.pdf,accepted
20033455,Hon. Gilbert Cisneros,"Coinbase Global, Inc. - Class A Common Stock",COIN,ST,P,2025-10-17,1001.0,15000.0,"$1,001 - $15,000",,4,https://disclosures-clerk.house.gov/public_disc/ptr-pdfs/2025/20033455.pdf,accepted
20033455,Hon. Gilbert Cisneros,"Coinbase Global, Inc. - Class A Common Stock",COIN,ST,P,2025-10-09,1001.0,15000.0,"$1,001 - $15,000",,5,https://disclosures-clerk.house.gov/public_disc/ptr-pdfs/2025/20033455.pdf,accepted
20033455,Hon. Gilbert Cisneros,"Columbia Banking System, Inc. - Common Stock",COLB,ST,P,2025-10-03,1001.0,15000.0,"$1,001 - $15,000",,5,https://disclosures-clerk.house.gov/public_disc/ptr-pdfs/2025/20033455.pdf,accepted
20033455,Hon. Gilbert Cisneros,"Commvault Systems, Inc. - Common Stock",CVLT,ST,P,2025-11-03,1001.0,15000.0,"$1,001 - $15,000",,5,https://disclosures-clerk.house.gov/public_disc/ptr-pdfs/2025/20033455.pdf,accepted
20033455,Hon. Gilbert Cisneros,"Commvault Systems, Inc. - Common Stock",CVLT,ST,P,2025-10-03,1001.0,15000.0,"$1,001 - $15,000",,5,https://disclosures-clerk.house.gov/public_disc/ptr-pdfs/2025/20033455.pdf,accepted
20033455,Hon. Gilbert Cisneros,"CoStar Group, Inc. - Common Stock",CSGP,ST,P,2025-10-15,1001.0,15000.0,"$1,001 - $15,000",,5,https://disclosures-clerk.house.gov/public_disc/ptr-pdfs/2025/20033455.pdf,accepted
20033455,Hon. Gilbert Cisneros,Costco Wholesale Corporation - Common Stock,COST,ST,P,2025-10-17,1001.0,15000.0,"$1,001 - $15,000",,5,https://disclosures-clerk.house.gov/public_disc/ptr-pdfs/2025/20033455.pdf,accepted
20033455,Hon. Gilbert Cisneros,Credo Technology Group Holding Ltd - Ordinary Shares,CRDO,ST,P,2025-10-30,1001.0,15000.0,"$1,001 - $15,000",,5,https://disclosures-clerk.house.gov/public_disc/ptr-pdfs/2025/20033455.pdf,accepted
20033455,Hon. Gilbert Cisneros,"Cytokinetics, Incorporated - Common Stock",CYTK,ST,P,2025-10-09,1001.0,15000.0,"$1,001 - $15,000",,6,https://disclosures-clerk.house.gov/public_disc/ptr-pdfs/2025/20033455.pdf,accepted
20033455,Hon. Gilbert Cisneros,Dbs Group Holdings Ltd Ord Ordinary Shares,DBSDF,ST,P,2025-10-22,1001.0,15000.0,"$1,001 - $15,000",,6,https://disclosures-clerk.house.gov/public_disc/ptr-pdfs/2025/20033455.pdf,accepted
20033455,Hon. Gilbert Cisneros,"Eaton Corporation, PLC Ordinary Shares",ETN,ST,P,2025-10-15,1001.0,15000.0,"$1,001 - $15,000",,6,https://disclosures-clerk.house.gov/public_disc/ptr-pdfs/2025/20033455.pdf,accepted
20033455,Hon. Gilbert Cisneros,Enerpac Tool Group Corp. Common Stock,EPAC,ST,P,2025-10-30,1001.0,15000.0,"$1,001 - $15,000",,6,https://disclosures-clerk.house.gov/public_disc/ptr-pdfs/2025/20033455.pdf,accepted
20033455,Hon. Gilbert Cisneros,Ferrari N.V. Common Shares,RACE,ST,P,2025-10-21,1001.0,15000.0,"$1,001 - $15,000",,6,https://disclosures-clerk.house.gov/public_disc/ptr-pdfs/2025/20033455.pdf,accepted
20033455,Hon. Gilbert Cisneros,"Freeport-McMoRan, Inc. Common Stock",FCX,ST,P,2025-10-17,1001.0,15000.0,"$1,001 - $15,000",,7,https://disclosures-clerk.house.gov/public_disc/ptr-pdfs/2025/20033455.pdf,accepted
20033455,Hon. Gilbert Cisneros,Hermes Intl S A Ordinary Shares,HESAF,ST,P,2025-10-21,1001.0,15000.0,"$1,001 - $15,000",,7,https://disclosures-clerk.house.gov/public_disc/ptr-pdfs/2025/20033455.pdf,accepted
20033455,Hon. Gilbert Cisneros,"Home Depot, Inc.",HD,ST,P,2025-10-17,1001.0,15000.0,"$1,001 - $15,000",,7,https://disclosures-clerk.house.gov/public_disc/ptr-pdfs/2025/20033455.pdf,accepted
20033455,Hon. Gilbert Cisneros,Iberdrola SA Bilbao Ordinary Shares,IBDSF,ST,P,2025-10-21,1001.0,15000.0,"$1,001 - $15,000",,7,https://disclosures-clerk.house.gov/public_disc/ptr-pdfs/2025/20033455.pdf,accepted
20033455,Hon. Gilbert Cisneros,JP Morgan Chase & Co. Common Stock,JPM,ST,P,2025-10-17,1001.0,15000.0,"$1,001 - $15,000",,8,https://disclosures-clerk.house.gov/public_disc/ptr-pdfs/2025/20033455.pdf,accepted
20033455,Hon. Gilbert Cisneros,KKR & Co. Inc. Common Stock,KKR,ST,P,2025-10-17,1001.0,15000.0,"$1,001 - $15,000",,8,https://disclosures-clerk.house.gov/public_disc/ptr-pdfs/2025/20033455.pdf,accepted
20033455,Hon. Gilbert Cisneros,Mastercard Incorporated Common Stock,MA,ST,P,2025-10-17,1001.0,15000.0,"$1,001 - $15,000",,8,https://disclosures-clerk.house.gov/public_disc/ptr-pdfs/2025/20033455.pdf,accepted
20033455,Hon. Gilbert Cisneros,"MercadoLibre, Inc. - Common Stock",MELI,ST,P,2025-10-17,1001.0,15000.0,"$1,001 - $15,000",,8,https://disclosures-clerk.house.gov/public_disc/ptr-pdfs/2025/20033455.pdf,accepted
20033455,Hon. Gilbert Cisneros,"Meta Platforms, Inc. - Class A Common Stock",META,ST,P,2025-10-17,1001.0,15000.0,"$1,001 - $15,000",,8,https://disclosures-clerk.house.gov/public_disc/ptr-pdfs/2025/20033455.pdf,accepted
20033455,Hon. Gilbert Cisneros,Microsoft Corporation - Common Stock,MSFT,ST,P,2025-10-09,1001.0,15000.0,"$1,001 - $15,000",,8,https://disclosures-clerk.house.gov/public_disc/ptr-pdfs/2025/20033455.pdf,accepted
20033455,Hon. Gilbert Cisneros,Mitsubishi Heavy Industries Ltd Ordinary Shares,MHVYF,ST,P,2025-10-21,1001.0,15000.0,"$1,001 - $15,000",,9,https://disclosures-clerk.house.gov/public_disc/ptr-pdfs/2025/20033455.pdf,accepted
20033455,Hon. Gilbert Cisneros,Mitsubishi UFJ Financial Group Inc Ordinary Shares,MBFJF,ST,P,2025-10-21,1001.0,15000.0,"$1,001 - $15,000",,9,https://disclosures-clerk.house.gov/public_disc/ptr-pdfs/2025/20033455.pdf,accepted
20033455,Hon. Gilbert Cisneros,"MongoDB, Inc. - Class A Common Stock",MDB,ST,P,2025-10-17,1001.0,15000.0,"$1,001 - $15,000",,9,https://disclosures-clerk.house.gov/public_disc/ptr-pdfs/2025/20033455.pdf,accepted
20033455,Hon. Gilbert Cisneros,Morgan Stanley Common Stock,MS,ST,P,2025-10-17,1001.0,15000.0,"$1,001 - $15,000",,9,https://disclosures-clerk.house.gov/public_disc/ptr-pdfs/2025/20033455.pdf,accepted
20033455,Hon. Gilbert Cisneros,"Netflix, Inc. - Common Stock",NFLX,ST,P,2025-10-17,1001.0,15000.0,"$1,001 - $15,000",,9,https://disclosures-clerk.house.gov/public_disc/ptr-pdfs/2025/20033455.pdf,accepted
20033455,Hon. Gilbert Cisneros,NINTENDO CO LTD ORD,NTDOF,ST,P,2025-10-21,1001.0,15000.0,"$1,001 - $15,000",,10,https://disclosures-clerk.house.gov/public_disc/ptr-pdfs/2025/20033455.pdf,accepted
20033455,Hon. Gilbert Cisneros,NVIDIA Corporation - Common Stock,NVDA,ST,P,2025-10-17,1001.0,15000.0,"$1,001 - $15,000",,10,https://disclosures-clerk.house.gov/public_disc/ptr-pdfs/2025/20033455.pdf,accepted
20033455,Hon. Gilbert Cisneros,NXP Semiconductors N.V. - Common Stock,NXPI,ST,P,2025-10-17,1001.0,15000.0,"$1,001 - $15,000",,10,https://disclosures-clerk.house.gov/public_disc/ptr-pdfs/2025/20033455.pdf,accepted
20033455,Hon. Gilbert Cisneros,Oracle Corporation Common Stock,ORCL,ST,P,2025-10-17,1001.0,15000.0,"$1,001 - $15,000",,10,https://disclosures-clerk.house.gov/public_disc/ptr-pdfs/2025/20033455.pdf,accepted
20033455,Hon. Gilbert Cisneros,Palantir Technologies Inc. - Class A Common Stock,PLTR,ST,P,2025-10-09,1001.0,15000.0,"$1,001 - $15,000",,10,https://disclosures-clerk.house.gov/public_disc/ptr-pdfs/2025/20033455.pdf,accepted
20033455,Hon. Gilbert Cisneros,"Phreesia, Inc. Common Stock",PHR,ST,P,2025-10-09,1001.0,15000.0,"$1,001 - $15,000",,10,https://disclosures-clerk.house.gov/public_disc/ptr-pdfs/2025/20033455.pdf,accepted
20033455,Hon. Gilbert Cisneros,Procter & Gamble Company,PG,ST,P,2025-10-17,1001.0,15000.0,"$1,001 - $15,000",,10,https://disclosures-clerk.house.gov/public_disc/ptr-pdfs/2025/20033455.pdf,accepted
20033455,Hon. Gilbert Cisneros,"Quanta Services, Inc. Common Stock",PWR,ST,P,2025-10-17,1001.0,15000.0,"$1,001 - $15,000",,10,https://disclosures-clerk.house.gov/public_disc/ptr-pdfs/2025/20033455.pdf,accepted
20033455,Hon. Gilbert Cisneros,Rheinmetall Ag Ordinary Shares,RNMBF,ST,P,2025-10-21,1001.0,15000.0,"$1,001 - $15,000",,11,https://disclosures-clerk.house.gov/public_disc/ptr-pdfs/2025/20033455.pdf,accepted
20033455,Hon. Gilbert Cisneros,"Robinhood Markets, Inc. - Class A Common Stock",HOOD,ST,P,2025-10-17,1001.0,15000.0,"$1,001 - $15,000",,11,https://disclosures-clerk.house.gov/public_disc/ptr-pdfs/2025/20033455.pdf,accepted
20033455,Hon. Gilbert Cisneros,SAP SE ADS,SAP,ST,P,2025-10-21,1001.0,15000.0,"$1,001 - $15,000",,11,https://disclosures-clerk.house.gov/public_disc/ptr-pdfs/2025/20033455.pdf,accepted
20033455,Hon. Gilbert Cisneros,SCHNEIDER ELECTRIC SA,SBGSF,ST,P,2025-10-21,1001.0,15000.0,"$1,001 - $15,000",,11,https://disclosures-clerk.house.gov/public_disc/ptr-pdfs/2025/20033455.pdf,accepted
20033455,Hon. Gilbert Cisneros,"ServiceNow, Inc. Common Stock",NOW,ST,P,2025-10-17,1001.0,15000.0,"$1,001 - $15,000",,11,https://disclosures-clerk.house.gov/public_disc/ptr-pdfs/2025/20033455.pdf,accepted
20033455,Hon. Gilbert Cisneros,SIEMENS ENERGY AG,SMEGF,ST,P,2025-10-21,1001.0,15000.0,"$1,001 - $15,000",,11,https://disclosures-clerk.house.gov/public_disc/ptr-pdfs/2025/20033455.pdf,accepted
20033455,Hon. Gilbert Cisneros,"Skyward Specialty Insurance Group, Inc. - Common Stock",SKWD,ST,P,2025-10-03,1001.0,15000.0,"$1,001 - $15,000",,11,https://disclosures-clerk.house.gov/public_disc/ptr-pdfs/2025/20033455.pdf,accepted
20033455,Hon. Gilbert Cisneros,Spotify Technology S.A. Ordinary,SPOT,ST,P,2025-10-17,1001.0,15000.0,"$1,001 - $15,000",,11,https://disclosures-clerk.house.gov/public_disc/ptr-pdfs/2025/20033455.pdf,accepted
20033455,Hon. Gilbert Cisneros,"StandardAero, Inc. Common Stock",SARO,ST,P,2025-10-14,1001.0,15000.0,"$1,001 - $15,000",,12,https://disclosures-clerk.house.gov/public_disc/ptr-pdfs/2025/20033455.pdf,accepted
20033455,Hon. Gilbert Cisneros,"StandardAero, Inc. Common Stock",SARO,ST,P,2025-10-02,1001.0,15000.0,"$1,001 - $15,000",,12,https://disclosures-clerk.house.gov/public_disc/ptr-pdfs/2025/20033455.pdf,accepted
20033455,Hon. Gilbert Cisneros,"StandardAero, Inc. Common Stock",SARO,ST,P,2025-10-07,1001.0,15000.0,"$1,001 - $15,000",,12,https://disclosures-clerk.house.gov/public_disc/ptr-pdfs/2025/20033455.pdf,accepted
20033455,Hon. Gilbert Cisneros,Stryker Corporation Common Stock,SYK,ST,P,2025-10-17,1001.0,15000.0,"$1,001 - $15,000",,12,https://disclosures-clerk.house.gov/public_disc/ptr-pdfs/2025/20033455.pdf,accepted
20033455,Hon. Gilbert Cisneros,Taiwan Semiconductor Manufacturing,TSM,ST,P,2025-10-17,1001.0,15000.0,"$1,001 - $15,000",,12,https://disclosures-clerk.house.gov/public_disc/ptr-pdfs/2025/20033455.pdf,accepted
20033455,Hon. Gilbert Cisneros,TENCENT HLDIGS LTD,TCTZF,ST,P,2025-10-21,1001.0,15000.0,"$1,001 - $15,000",,13,https://disclosures-clerk.house.gov/public_disc/ptr-pdfs/2025/20033455.pdf,accepted
20033455,Hon. Gilbert Cisneros,"Tesla, Inc. - Common Stock",TSLA,ST,P,2025-10-17,1001.0,15000.0,"$1,001 - $15,000",,13,https://disclosures-clerk.house.gov/public_disc/ptr-pdfs/2025/20033455.pdf,accepted
20033455,Hon. Gilbert Cisneros,Transdigm Group Incorporated Common Stock,TDG,ST,P,2025-10-17,1001.0,15000.0,"$1,001 - $15,000",,13,https://disclosures-clerk.house.gov/public_disc/ptr-pdfs/2025/20033455.pdf,accepted
20033455,Hon. Gilbert Cisneros,"Uber Technologies, Inc. Common Stock",UBER,ST,P,2025-10-17,1001.0,15000.0,"$1,001 - $15,000",,13,https://disclosures-clerk.house.gov/public_disc/ptr-pdfs/2025/20033455.pdf,accepted
20033455,Hon. Gilbert Cisneros,UNICREDITO SPA ORD NEW,UNCFF,ST,P,2025-10-21,1001.0,15000.0,"$1,001 - $15,000",,13,https://disclosures-clerk.house.gov/public_disc/ptr-pdfs/2025/20033455.pdf,accepted
20033455,Hon. Gilbert Cisneros,UnitedHealth Group Incorporated Common Stock,UNH,ST,P,2025-10-09,1001.0,15000.0,"$1,001 - $15,000",,14,https://disclosures-clerk.house.gov/public_disc/ptr-pdfs/2025/20033455.pdf,accepted
20033455,Hon. Gilbert Cisneros,"Vertiv Holdings, LLC Class A Common Stock",VRT,ST,P,2025-10-17,1001.0,15000.0,"$1,001 - $15,000",,14,https://disclosures-clerk.house.gov/public_disc/ptr-pdfs/2025/20033455.pdf,accepted
20033455,Hon. Gilbert Cisneros,Walmart Inc. Common Stock,WMT,ST,P,2025-10-17,1001.0,15000.0,"$1,001 - $15,000",,14,https://disclosures-clerk.house.gov/public_disc/ptr-pdfs/2025/20033455.pdf,accepted
20033455,Hon. Gilbert Cisneros,Wheaton Precious Metals Corp Common Shares,WPM,ST,P,2025-10-17,1001.0,15000.0,"$1,001 - $15,000",,14,https://disclosures-clerk.house.gov/public_disc/ptr-pdfs/2025/20033455.pdf,accepted
20033455,Hon. Gilbert Cisneros,"Workday, Inc. - Class A Common Stock",WDAY,ST,P,2025-10-14,1001.0,15000.0,"$1,001 - $15,000",,14,https://disclosures-clerk.house.gov/public_disc/ptr-pdfs/2025/20033455.pdf,accepted
20033455,Hon. Gilbert Cisneros,"Workday, Inc. - Class A Common Stock",WDAY,ST,P,2025-10-15,1001.0,15000.0,"$1,001 - $15,000",,14,https://disclosures-clerk.house.gov/public_disc/ptr-pdfs/2025/20033455.pdf,accepted
20033455,Hon. Gilbert Cisneros,"Workday, Inc. - Class A Common Stock",WDAY,ST,P,2025-10-07,1001.0,15000.0,"$1,001 - $15,000",,14,https://disclosures-clerk.house.gov/public_disc/ptr-pdfs/2025/20033455.pdf,accepted
20033455,Hon. Gilbert Cisneros,XIAOMI CORP,XIACF,ST,P,2025-10-21,1001.0,15000.0,"$1,001 - $15,000",,15,https://disclosures-clerk.house.gov/public_disc/ptr-pdfs/2025/20033455.pdf,accepted
20033462,Hon. Marjorie Taylor Greene,"Automatic Data Processing, Inc. - Common Stock",ADP,ST,P,2025-11-12,15001.0,50000.0,"$15,001 - $50,000",,1,https://disclosures-clerk.house.gov/public_disc/ptr-pdfs/2025/20033462.pdf,accepted
20033462,Hon. Marjorie Taylor Greene,"Paychex, Inc. - Common Stock",PAYX,ST,P,2025-11-12,15001.0,50000.0,"$15,001 - $50,000",,1,https://disclosures-clerk.house.gov/public_disc/ptr-pdfs/2025/20033462.pdf,accepted
20033476,Hon. Brandon Gill,iShares Bitcoin Trust ETF,IBIT,ST,P,2025-10-29,15001.0,50000.0,"$15,001 - $50,000",,1,https://disclosures-clerk.house.gov/public_disc/ptr-pdfs/2025/20033476.pdf,accepted
20033488,Hon. Peter Allen Stauber,Newell Brands Inc.,NWL,ST,P,2025-10-27,15001.0,50000.0,"$15,001 - $50,000",,1,https://disclosures-clerk.house.gov/public_disc/ptr-pdfs/2025/20033488.pdf,accepted
20033491,Hon. Byron Donalds,"Brown & Brown, Inc. Common Stock",BRO,ST,P,2025-10-09,1001.0,15000.0,"$1,001 - $15,000",,1,https://disclosures-clerk.house.gov/public_disc/ptr-pdfs/2025/20033491.pdf,accepted
20033491,Hon. Byron Donalds,"Brown & Brown, Inc. Common Stock",BRO,ST,P,2025-10-24,1001.0,15000.0,"$1,001 - $15,000",,1,https://disclosures-clerk.house.gov/public_disc/ptr-pdfs/2025/20033491.pdf,accepted
20033491,Hon. Byron Donalds,"Brown & Brown, Inc. Common Stock",BRO,ST,P,2025-10-09,1001.0,15000.0,"$1,001 - $15,000",,1,https://disclosures-clerk.house.gov/public_disc/ptr-pdfs/2025/20033491.pdf,accepted
20033491,Hon. Byron Donalds,Carnival Corporation Common Stock,CCL,ST,P,2025-10-09,1001.0,15000.0,"$1,001 - $15,000",,1,https://disclosures-clerk.house.gov/public_disc/ptr-pdfs/2025/20033491.pdf,accepted
20033491,Hon. Byron Donalds,Carnival Corporation Common Stock,CCL,ST,P,2025-10-09,1001.0,15000.0,"$1,001 - $15,000",,1,https://disclosures-clerk.house.gov/public_disc/ptr-pdfs/2025/20033491.pdf,accepted
20033491,Hon. Byron Donalds,"Chipotle Mexican Grill, Inc. Common Stock",CMG,ST,P,2025-10-09,1001.0,15000.0,"$1,001 - $15,000",,1,https://disclosures-clerk.house.gov/public_disc/ptr-pdfs/2025/20033491.pdf,accepted
20033491,Hon. Byron Donalds,"Chipotle Mexican Grill, Inc. Common Stock",CMG,ST,P,2025-10-09,1001.0,15000.0,"$1,001 - $15,000",,2,https://disclosures-clerk.house.gov/public_disc/ptr-pdfs/2025/20033491.pdf,accepted
20033491,Hon. Byron Donalds,"Fortinet, Inc. - Common Stock",FTNT,ST,P,2025-10-09,1001.0,15000.0,"$1,001 - $15,000",,2,https://disclosures-clerk.house.gov/public_disc/ptr-pdfs/2025/20033491.pdf,accepted
20033491,Hon. Byron Donalds,"Fortinet, Inc. - Common Stock",FTNT,ST,P,2025-10-09,1001.0,15000.0,"$1,001 - $15,000",,2,https://disclosures-clerk.house.gov/public_disc/ptr-pdfs/2025/20033491.pdf,accepted
20033491,Hon. Byron Donalds,Progressive Corporation,PGR,ST,P,2025-10-09,1001.0,15000.0,"$1,001 - $15,000",,2,https://disclosures-clerk.house.gov/public_disc/ptr-pdfs/2025/20033491.pdf,accepted
20033491,Hon. Byron Donalds,Progressive Corporation,PGR,ST,P,2025-10-09,1001.0,15000.0,"$1,001 - $15,000",,2,https://disclosures-clerk.house.gov/public_disc/ptr-pdfs/2025/20033491.pdf,accepted
20033491,Hon. Byron Donalds,Progressive Corporation,PGR,ST,P,2025-10-24,1001.0,15000.0,"$1,001 - $15,000",,2,https://disclosures-clerk.house.gov/public_disc/ptr-pdfs/2025/20033491.pdf,accepted
20033491,Hon. Byron Donalds,"The Trade Desk, Inc. - Class A Common Stock",TTD,ST,P,2025-10-09,1001.0,15000.0,"$1,001 - $15,000",,2,https://disclosures-clerk.house.gov/public_disc/ptr-pdfs/2025/20033491.pdf,accepted
20033491,Hon. Byron Donalds,"The Trade Desk, Inc. - Class A",TTD,ST,P,2025-10-09,1001.0,15000.0,"$1,001 - $15,000",,2,https://disclosures-clerk.house.gov/public_disc/ptr-pdfs/2025/20033491.pdf,accepted
20033491,Hon. Byron Donalds,Tradeweb Markets Inc. - Class A Common Stock,TW,ST,P,2025-10-09,1001.0,15000.0,"$1,001 - $15,000",,3,https://disclosures-clerk.house.gov/public_disc/ptr-pdfs/2025/20033491.pdf,accepted
20033491,Hon. Byron Donalds,Tradeweb Markets Inc. - Class A Common Stock,TW,ST,P,2025-10-09,1001.0,15000.0,"$1,001 - $15,000",,3,https://disclosures-clerk.house.gov/public_disc/ptr-pdfs/2025/20033491.pdf,accepted
20033491,Hon. Byron Donalds,Visa Inc.,V,ST,P,2025-10-24,1001.0,15000.0,"$1,001 - $15,000",,3,https://disclosures-clerk.house.gov/public_disc/ptr-pdfs/2025/20033491.pdf,accepted
20033493,Cleo Fields,Apple Inc. - Common Stock,AAPL,ST,P,2025-11-13,1001.0,15000.0,"$1,001 - $15,000",,1,https://disclosures-clerk.house.gov/public_disc/ptr-pdfs/2025/20033493.pdf,accepted
20033493,Cleo Fields,"Celestica, Inc. Common Stock",CLS,ST,P,2025-11-03,15001.0,50000.0,"$15,001 - $50,000",,1,https://disclosures-clerk.house.gov/public_disc/ptr-pdfs/2025/20033493.pdf,accepted
20033493,Cleo Fields,"Netflix, Inc. - Common Stock",NFLX,ST,P,2025-11-03,100001.0,250000.0,"$100,001 - $250,000",,1,https://disclosures-clerk.house.gov/public_disc/ptr-pdfs/2025/20033493.pdf,accepted
20033493,Cleo Fields,"Netflix, Inc. - Common Stock",NFLX,ST,P,2025-11-03,100001.0,250000.0,"$100,001 - $250,000",,1,https://disclosures-clerk.house.gov/public_disc/ptr-pdfs/2025/20033493.pdf,accepted
20033495,Hon. David J. Taylor,"Home Depot, Inc.",HD,ST,P,2025-11-11,1001.0,15000.0,"$1,001 - $15,000",,1,https://disclosures-clerk.house.gov/public_disc/ptr-pdfs/2025/20033495.pdf,accepted
20033495,Hon. David J. Taylor,"Installed Building Products, Inc. Common Stock",IBP,ST,P,2025-11-03,1001.0,15000.0,"$1,001 - $15,000",,1,https://disclosures-clerk.house.gov/public_disc/ptr-pdfs/2025/20033495.pdf,accepted
20033495,Hon. David J. Taylor,"Installed Building Products, Inc. Common Stock",IBP,ST,P,2025-11-03,1001.0,15000.0,"$1,001 - $15,000",,2,https://disclosures-clerk.house.gov/public_disc/ptr-pdfs/2025/20033495.pdf,accepted
20033495,Hon. David J. Taylor,Progressive Corporation,PGR,ST,P,2025-11-03,1001.0,15000.0,"$1,001 - $15,000",,2,https://disclosures-clerk.house.gov/public_disc/ptr-pdfs/2025/20033495.pdf,accepted
20033495,Hon. David J. Taylor,Progressive Corporation,PGR,ST,P,2025-11-03,1001.0,15000.0,"$1,001 - $15,000",,2,https://disclosures-clerk.house.gov/public_disc/ptr-pdfs/2025/20033495.pdf,accepted
20033495,Hon. David J. Taylor,RPM International Inc. Common Stock,RPM,ST,P,2025-11-11,1001.0,15000.0,"$1,001 - $15,000",,2,https://disclosures-clerk.house.gov/public_disc/ptr-pdfs/2025/20033495.pdf,accepted
20033495,Hon. David J. Taylor,Visa Inc.,V,ST,P,2025-11-12,1001.0,15000.0,"$1,001 - $15,000",,2,https://disclosures-clerk.house.gov/public_disc/ptr-pdfs/2025/20033495.pdf,accepted
20033553,Hon. Virginia Foxx,"Alliance Resource Partners, L.P. - Common Units Representing Limited Partnership Interests",ARLP,ST,P,2025-11-14,1001.0,15000.0,"$1,001 - $15,000",,1,https://disclosures-clerk.house.gov/public_disc/ptr-pdfs/2025/20033553.pdf,accepted
20033553,Hon. Virginia Foxx,"Alliance Resource Partners, L.P. - Common Units Representing Limited Partnership Interests",ARLP,ST,P,2025-11-17,1001.0,15000.0,"$1,001 - $15,000",,1,https://disclosures-clerk.house.gov/public_disc/ptr-pdfs/2025/20033553.pdf,accepted
20033553,Hon. Virginia Foxx,"Hercules Capital, Inc. Common Stock",HTGC,ST,P,2025-11-19,1001.0,15000.0,"$1,001 - $15,000",,1,https://disclosures-clerk.house.gov/public_disc/ptr-pdfs/2025/20033553.pdf,accepted
20033559,Cleo Fields,"Netflix, Inc. - Common Stock",NFLX,ST,P,2025-11-20,100001.0,250000.0,"$100,001 - $250,000",,1,https://disclosures-clerk.house.gov/public_disc/ptr-pdfs/2025/20033559.pdf,accepted
20033559,Cleo Fields,"Netflix, Inc. - Common Stock",NFLX,ST,P,2025-11-20,100001.0,250000.0,"$100,001 - $250,000",,1,https://disclosures-clerk.house.gov/public_disc/ptr-pdfs/2025/20033559.pdf,accepted
20033564,Hon. Tim Moore,"Cracker Barrel Old Country Store, Inc. - Common Stock",CBRL,ST,P,2025-11-20,15001.0,50000.0,"$15,001 - $50,000",,1,https://disclosures-clerk.house.gov/public_disc/ptr-pdfs/2025/20033564.pdf,accepted
20033564,Hon. Tim Moore,"Genprex, Inc. - Common Stock",GNPX,ST,P,2025-11-07,1001.0,15000.0,"$1,001 - $15,000",,1,https://disclosures-clerk.house.gov/public_disc/ptr-pdfs/2025/20033564.pdf,accepted
20033564,Hon. Tim Moore,"Harley-Davidson, Inc. Common Stock",HOG,ST,P,2025-11-21,15001.0,50000.0,"$15,001 - $50,000",,1,https://disclosures-clerk.house.gov/public_disc/ptr-pdfs/2025/20033564.pdf,accepted
20033564,Hon. Tim Moore,"Hyster-Yale, Inc. Class A common stock",HY,ST,P,2025-11-20,15001.0,50000.0,"$15,001 - $50,000",,1,https://disclosures-clerk.house.gov/public_disc/ptr-pdfs/2025/20033564.pdf,accepted
20033564,Hon. Tim Moore,"Hyster-Yale, Inc. Class A common stock",HY,ST,P,2025-11-12,50001.0,100000.0,"$50,001 - $100,000",,1,https://disclosures-clerk.house.gov/public_disc/ptr-pdfs/2025/20033564.pdf,accepted
20033564,Hon. Tim Moore,"Hyster-Yale, Inc. Class A common",HY,ST,P,2025-11-14,15001.0,50000.0,"$15,001 - $50,000",,1,https://disclosures-clerk.house.gov/public_disc/ptr-pdfs/2025/20033564.pdf,accepted
20033564,Hon. Tim Moore,"Hyster-Yale, Inc. Class A common stock",HY,ST,P,2025-11-03,50001.0,100000.0,"$50,001 - $100,000",,2,https://disclosures-clerk.house.gov/public_disc/ptr-pdfs/2025/20033564.pdf,accepted
20033564,Hon. Tim Moore,"Hyster-Yale, Inc. Class A common stock",HY,ST,P,2025-11-05,15001.0,50000.0,"$15,001 - $50,000",,2,https://disclosures-clerk.house.gov/public_disc/ptr-pdfs/2025/20033564.pdf,accepted
20033564,Hon. Tim Moore,"LGI Homes, Inc. - Common Stock",LGIH,ST,P,2025-11-04,15001.0,50000.0,"$15,001 - $50,000",,2,https://disclosures-clerk.house.gov/public_disc/ptr-pdfs/2025/20033564.pdf,accepted
20033564,Hon. Tim Moore,Verizon Communications Inc. Common Stock,VZ,ST,P,2025-11-05,15001.0,50000.0,"$15,001 - $50,000",,2,https://disclosures-clerk.house.gov/public_disc/ptr-pdfs/2025/20033564.pdf,accepted
20033566,Hon. Jonathan Jackson,"Robinhood Markets, Inc. - Class A Common Stock",HOOD,ST,P,2025-11-06,15001.0,50000.0,"$15,001 - $50,000",,1,https://disclosures-clerk.house.gov/public_disc/ptr-pdfs/2025/20033566.pdf,accepted
20033566,Hon. Jonathan Jackson,State Street Corporation Common Stock,STT,ST,P,2025-11-11,1001.0,15000.0,"$1,001 - $15,000",,1,https://disclosures-clerk.house.gov/public_disc/ptr-pdfs/2025/20033566.pdf,accepted
20033570,Hon. Marjorie Taylor Greene,iShares Bitcoin Trust ETF,IBIT,ST,P,2025-11-21,1001.0,15000.0,"$1,001 - $15,000",,1,https://disclosures-clerk.house.gov/public_disc/ptr-pdfs/2025/20033570.pdf,accepted
20033576,Hon. Josh Gottheimer,"CSW Industrials, Inc. Common Stock",CSW,ST,P,2025-11-17,1001.0,15000.0,"$1,001 - $15,000",,1,https://disclosures-clerk.house.gov/public_disc/ptr-pdfs/2025/20033576.pdf,accepted
20033590,Hon. David J. Taylor,Visa Inc.,V,ST,P,2025-12-03,1001.0,15000.0,"$1,001 - $15,000",,1,https://disclosures-clerk.house.gov/public_disc/ptr-pdfs/2025/20033590.pdf,accepted
20033604,Hon. April McClain Delaney,"Brown & Brown, Inc. Common Stock",BRO,ST,P,2025-11-20,1001.0,15000.0,"$1,001 - $15,000",,1,https://disclosures-clerk.house.gov/public_disc/ptr-pdfs/2025/20033604.pdf,accepted
20033604,Hon. April McClain Delaney,Labcorp Holdings Inc. Common Stock,LH,ST,P,2025-11-17,1001.0,15000.0,"$1,001 - $15,000",,1,https://disclosures-clerk.house.gov/public_disc/ptr-pdfs/2025/20033604.pdf,accepted
20033604,Hon. April McClain Delaney,Markel Group Inc. Common Stock,MKL,ST,P,2025-11-03,1001.0,15000.0,"$1,001 - $15,000",,1,https://disclosures-clerk.house.gov/public_disc/ptr-pdfs/2025/20033604.pdf,accepted
20033610,Hon. Richard Dean Dr McCormick,Abbott Laboratories Common Stock,ABT,ST,P,2025-11-05,1001.0,15000.0,"$1,001 - $15,000",,1,https://disclosures-clerk.house.gov/public_disc/ptr-pdfs/2025/20033610.pdf,accepted
20033610,Hon. Richard Dean Dr McCormick,"Air Products and Chemicals, Inc. Common Stock",APD,ST,P,2025-11-05,1001.0,15000.0,"$1,001 - $15,000",,1,https://disclosures-clerk.house.gov/public_disc/ptr-pdfs/2025/20033610.pdf,accepted
20033610,Hon. Richard Dean Dr McCormick,"American Water Works Company, Inc. Common Stock",AWK,ST,P,2025-11-05,1001.0,15000.0,"$1,001 - $15,000",,1,https://disclosures-clerk.house.gov/public_disc/ptr-pdfs/2025/20033610.pdf,accepted
20033610,Hon. Richard Dean Dr McCormick,"Analog Devices, Inc. - Common Stock",ADI,ST,P,2025-11-05,1001.0,15000.0,"$1,001 - $15,000",,1,https://disclosures-clerk.house.gov/public_disc/ptr-pdfs/2025/20033610.pdf,accepted
20033610,Hon. Richard Dean Dr McCormick,Apple Inc. - Common Stock,AAPL,ST,P,2025-11-05,1001.0,15000.0,"$1,001 - $15,000",,1,https://disclosures-clerk.house.gov/public_disc/ptr-pdfs/2025/20033610.pdf,accepted
20033610,Hon. Richard Dean Dr McCormick,"Automatic Data Processing, Inc. - Common Stock",ADP,ST,P,2025-11-05,1001.0,15000.0,"$1,001 - $15,000",,1,https://disclosures-clerk.house.gov/public_disc/ptr-pdfs/2025/20033610.pdf,accepted
20033610,Hon. Richard Dean Dr McCormick,Berkshire Hathaway Inc. New Common Stock,BRK.B,ST,P,2025-11-05,1001.0,15000.0,"$1,001 - $15,000",,1,https://disclosures-clerk.house.gov/public_disc/ptr-pdfs/2025/20033610.pdf,accepted
20033610,Hon. Richard Dean Dr McCormick,"BlackRock, Inc. Common Stock",BLK,ST,P,2025-11-05,1001.0,15000.0,"$1,001 - $15,000",,1,https://disclosures-clerk.house.gov/public_disc/ptr-pdfs/2025/20033610.pdf,accepted
20033610,Hon. Richard Dean Dr McCormick,"Cisco Systems, Inc. - Common Stock",CSCO,ST,P,2025-11-05,1001.0,15000.0,"$1,001 - $15,000",,2,https://disclosures-clerk.house.gov/public_disc/ptr-pdfs/2025/20033610.pdf,accepted
20033610,Hon. Richard Dean Dr McCormick,Costco Wholesale Corporation - Common Stock,COST,ST,P,2025-11-05,1001.0,15000.0,"$1,001 - $15,000",,2,https://disclosures-clerk.house.gov/public_disc/ptr-pdfs/2025/20033610.pdf,accepted
20033610,Hon. Richard Dean Dr McCormick,Emerson Electric Company Common Stock,EMR,ST,P,2025-11-05,1001.0,15000.0,"$1,001 - $15,000",,2,https://disclosures-clerk.house.gov/public_disc/ptr-pdfs/2025/20033610.pdf,accepted
20033610,Hon. Richard Dean Dr McCormick,"Home Depot, Inc.",HD,ST,P,2025-11-05,1001.0,15000.0,"$1,001 - $15,000",,2,https://disclosures-clerk.house.gov/public_disc/ptr-pdfs/2025/20033610.pdf,accepted
20033610,Hon. Richard Dean Dr McCormick,Illinois Tool Works Inc. Common Stock,ITW,ST,P,2025-11-05,1001.0,15000.0,"$1,001 - $15,000",,2,https://disclosures-clerk.house.gov/public_disc/ptr-pdfs/2025/20033610.pdf,accepted
20033610,Hon. Richard Dean Dr McCormick,Intercontinental Exchange Inc. Common Stock,ICE,ST,P,2025-11-05,1001.0,15000.0,"$1,001 - $15,000",,2,https://disclosures-clerk.house.gov/public_disc/ptr-pdfs/2025/20033610.pdf,accepted
20033610,Hon. Richard Dean Dr McCormick,Johnson & Johnson Common Stock,JNJ,ST,P,2025-11-05,1001.0,15000.0,"$1,001 - $15,000",,2,https://disclosures-clerk.house.gov/public_disc/ptr-pdfs/2025/20033610.pdf,accepted
20033610,Hon. Richard Dean Dr McCormick,"L3Harris Technologies, Inc. Common Stock",LHX,ST,P,2025-11-05,1001.0,15000.0,"$1,001 - $15,000",,2,https://disclosures-clerk.house.gov/public_disc/ptr-pdfs/2025/20033610.pdf,accepted
20033610,Hon. Richard Dean Dr McCormick,McDonald's Corporation Common Stock,MCD,ST,P,2025-11-05,1001.0,15000.0,"$1,001 - $15,000",,2,https://disclosures-clerk.house.gov/public_disc/ptr-pdfs/2025/20033610.pdf,accepted
20033610,Hon. Richard Dean Dr McCormick,Medtronic plc. Ordinary Shares,MDT,ST,P,2025-11-05,1001.0,15000.0,"$1,001 - $15,000",,2,https://disclosures-clerk.house.gov/public_disc/ptr-pdfs/2025/20033610.pdf,accepted
20033610,Hon. Richard Dean Dr McCormick,Microsoft Corporation - Common Stock,MSFT,ST,P,2025-11-05,1001.0,15000.0,"$1,001 - $15,000",,2,https://disclosures-clerk.house.gov/public_disc/ptr-pdfs/2025/20033610.pdf,accepted
20033610,Hon. Richard Dean Dr McCormick,"NextEra Energy, Inc. Common Stock",NEE,ST,P,2025-11-05,1001.0,15000.0,"$1,001 - $15,000",,3,https://disclosures-clerk.house.gov/public_disc/ptr-pdfs/2025/20033610.pdf,accepted
20033610,Hon. Richard Dean Dr McCormick,"Pepsico, Inc.",PEP,ST,P,2025-11-05,1001.0,15000.0,"$1,001 - $15,000",,3,https://disclosures-clerk.house.gov/public_disc/ptr-pdfs/2025/20033610.pdf,accepted
20033610,Hon. Richard Dean Dr McCormick,Procter & Gamble Company,PG,ST,P,2025-11-05,1001.0,15000.0,"$1,001 - $15,000",,3,https://disclosures-clerk.house.gov/public_disc/ptr-pdfs/2025/20033610.pdf,accepted
20033610,Hon. Richard Dean Dr McCormick,Realty Income Corporation Common Stock,O,ST,P,2025-11-05,1001.0,15000.0,"$1,001 - $15,000",,3,https://disclosures-clerk.house.gov/public_disc/ptr-pdfs/2025/20033610.pdf,accepted
20033610,Hon. Richard Dean Dr McCormick,UnitedHealth Group Incorporated Common Stock,UNH,ST,P,2025-11-05,1001.0,15000.0,"$1,001 - $15,000",,3,https://disclosures-clerk.house.gov/public_disc/ptr-pdfs/2025/20033610.pdf,accepted
20033610,Hon. Richard Dean Dr McCormick,Visa Inc.,V,ST,P,2025-11-05,1001.0,15000.0,"$1,001 - $15,000",,3,https://disclosures-clerk.house.gov/public_disc/ptr-pdfs/2025/20033610.pdf,accepted
20033610,Hon. Richard Dean Dr McCormick,Walmart Inc. Common Stock,WMT,ST,P,2025-11-05,1001.0,15000.0,"$1,001 - $15,000",,3,https://disclosures-clerk.house.gov/public_disc/ptr-pdfs/2025/20033610.pdf,accepted
20033616,Cleo Fields,Alphabet Inc. - Class A Common Stock,GOOGL,ST,P,2025-12-15,15001.0,50000.0,"$15,001 - $50,000",,1,https://disclosures-clerk.house.gov/public_disc/ptr-pdfs/2025/20033616.pdf,accepted
20033616,Cleo Fields,Alphabet Inc. - Class A Common Stock,GOOGL,ST,P,2025-12-11,100001.0,250000.0,"$100,001 - $250,000",,1,https://disclosures-clerk.house.gov/public_disc/ptr-pdfs/2025/20033616.pdf,accepted
20033616,Cleo Fields,Alphabet Inc. - Class A Common Stock,GOOGL,ST,P,2025-12-09,50001.0,100000.0,"$50,001 - $100,000",,1,https://disclosures-clerk.house.gov/public_disc/ptr-pdfs/2025/20033616.pdf,accepted
20033616,Cleo Fields,Alphabet Inc. - Class A Common Stock,GOOGL,ST,P,2025-12-01,50001.0,100000.0,"$50,001 - $100,000",,1,https://disclosures-clerk.house.gov/public_disc/ptr-pdfs/2025/20033616.pdf,accepted
20033616,Cleo Fields,Alphabet Inc. - Class C Capital Stock,GOOG,ST,P,2025-12-15,1001.0,15000.0,"$1,001 - $15,000",,1,https://disclosures-clerk.house.gov/public_disc/ptr-pdfs/2025/20033616.pdf,accepted
20033616,Cleo Fields,IREN Limited - Ordinary Shares,IREN,ST,P,2025-12-09,1001.0,15000.0,"$1,001 - $15,000",,2,https://disclosures-clerk.house.gov/public_disc/ptr-pdfs/2025/20033616.pdf,accepted
20033616,Cleo Fields,Microsoft Corporation - Common Stock,MSFT,ST,P,2025-12-11,1001.0,15000.0,"$1,001 - $15,000",,2,https://disclosures-clerk.house.gov/public_disc/ptr-pdfs/2025/20033616.pdf,accepted
20033616,Cleo Fields,Microsoft Corporation - Common Stock,MSFT,ST,P,2025-12-11,1001.0,15000.0,"$1,001 - $15,000",,2,https://disclosures-clerk.house.gov/public_disc/ptr-pdfs/2025/20033616.pdf,accepted
20033616,Cleo Fields,"Netflix, Inc. - Common Stock",NFLX,ST,P,2025-12-03,1001.0,15000.0,"$1,001 - $15,000",,2,https://disclosures-clerk.house.gov/public_disc/ptr-pdfs/2025/20033616.pdf,accepted
20033616,Cleo Fields,"Netflix, Inc. - Common Stock",NFLX,ST,P,2025-12-03,1001.0,15000.0,"$1,001 - $15,000",,2,https://disclosures-clerk.house.gov/public_disc/ptr-pdfs/2025/20033616.pdf,accepted
20033619,Hon. Gilbert Cisneros,Abbott Laboratories Common Stock,ABT,ST,P,2025-11-18,1001.0,15000.0,"$1,001 - $15,000",,1,https://disclosures-clerk.house.gov/public_disc/ptr-pdfs/2025/20033619.pdf,accepted
20033619,Hon. Gilbert Cisneros,"Advanced Micro Devices, Inc.",AMD,ST,P,2025-11-18,15001.0,50000.0,"$15,001 - $50,000",,1,https://disclosures-clerk.house.gov/public_disc/ptr-pdfs/2025/20033619.pdf,accepted
20033619,Hon. Gilbert Cisneros,"Alexandria Real Estate Equities, Inc. Common Stock",ARE,ST,P,2025-11-18,1001.0,15000.0,"$1,001 - $15,000",,1,https://disclosures-clerk.house.gov/public_disc/ptr-pdfs/2025/20033619.pdf,accepted
20033619,Hon. Gilbert Cisneros,Alibaba Group Holding Limited American Depositary Shares each representing eight Ordinary share,BABA,ST,P,2025-11-19,15001.0,50000.0,"$15,001 - $50,000",,1,https://disclosures-clerk.house.gov/public_disc/ptr-pdfs/2025/20033619.pdf,accepted
20033619,Hon. Gilbert Cisneros,ALIBABA GROUP HOLDING LTD,BABAF,ST,P,2025-11-19,1001.0,15000.0,"$1,001 - $15,000",,1,https://disclosures-clerk.house.gov/public_disc/ptr-pdfs/2025/20033619.pdf,accepted
20033619,Hon. Gilbert Cisneros,"Alkami Technology, Inc. - Common Stock",ALKT,ST,P,2025-11-13,1001.0,15000.0,"$1,001 - $15,000",,1,https://disclosures-clerk.house.gov/public_disc/ptr-pdfs/2025/20033619.pdf,accepted
20033619,Hon. Gilbert Cisneros,Allianz SE ADS,AZSEY,ST,P,2025-11-19,1001.0,15000.0,"$1,001 - $15,000",,2,https://disclosures-clerk.house.gov/public_disc/ptr-pdfs/2025/20033619.pdf,accepted
20033619,Hon. Gilbert Cisneros,Alphabet Inc. - Class A Common Stock,GOOGL,ST,P,2025-11-18,1001.0,15000.0,"$1,001 - $15,000",,2,https://disclosures-clerk.house.gov/public_disc/ptr-pdfs/2025/20033619.pdf,accepted
20033619,Hon. Gilbert Cisneros,"Amazon.com, Inc. - Common Stock",AMZN,ST,P,2025-11-18,15001.0,50000.0,"$15,001 - $50,000",,2,https://disclosures-clerk.house.gov/public_disc/ptr-pdfs/2025/20033619.pdf,accepted
20033619,Hon. Gilbert Cisneros,"Amazon.com, Inc. - Common Stock",AMZN,ST,P,2025-11-18,1001.0,15000.0,"$1,001 - $15,000",,2,https://disclosures-clerk.house.gov/public_disc/ptr-pdfs/2025/20033619.pdf,accepted
20033619,Hon. Gilbert Cisneros,Amcor plc Ordinary Shares,AMCR,ST,P,2025-11-18,1001.0,15000.0,"$1,001 - $15,000",,2,https://disclosures-clerk.house.gov/public_disc/ptr-pdfs/2025/20033619.pdf,accepted
20033619,Hon. Gilbert Cisneros,"Apollo Global Management, Inc.",APO,ST,P,2025-11-18,1001.0,15000.0,"$1,001 - $15,000",,2,https://disclosures-clerk.house.gov/public_disc/ptr-pdfs/2025/20033619.pdf,accepted
20033619,Hon. Gilbert Cisneros,Apple Inc. - Common Stock,AAPL,ST,P,2025-11-18,1001.0,15000.0,"$1,001 - $15,000",,2,https://disclosures-clerk.house.gov/public_disc/ptr-pdfs/2025/20033619.pdf,accepted
20033619,Hon. Gilbert Cisneros,Applovin Corporation - Class A Common Stock,APP,ST,P,2025-11-18,1001.0,15000.0,"$1,001 - $15,000",,3,https://disclosures-clerk.house.gov/public_disc/ptr-pdfs/2025/20033619.pdf,accepted
20033619,Hon. Gilbert Cisneros,"Arista Networks, Inc. Common Stock",ANET,ST,P,2025-11-18,1001.0,15000.0,"$1,001 - $15,000",,3,https://disclosures-clerk.house.gov/public_disc/ptr-pdfs/2025/20033619.pdf,accepted
20033619,Hon. Gilbert Cisneros,AstraZeneca PLC - American Depositary Shares,AZN,ST,P,2025-11-19,1001.0,15000.0,"$1,001 - $15,000",,3,https://disclosures-clerk.house.gov/public_disc/ptr-pdfs/2025/20033619.pdf,accepted
20033619,Hon. Gilbert Cisneros,"AutoZone, Inc. Common Stock",AZO,ST,P,2025-11-18,1001.0,15000.0,"$1,001 - $15,000",,3,https://disclosures-clerk.house.gov/public_disc/ptr-pdfs/2025/20033619.pdf,accepted
20033619,Hon. Gilbert Cisneros,Barclays Plc Ord Ordinary Shares,BCLYF,ST,P,2025-11-19,1001.0,15000.0,"$1,001 - $15,000",,3,https://disclosures-clerk.house.gov/public_disc/ptr-pdfs/2025/20033619.pdf,accepted
20033619,Hon. Gilbert Cisneros,Berkshire Hathaway Inc. New Common Stock,BRK.B,ST,P,2025-11-18,1001.0,15000.0,"$1,001 - $15,000",,3,https://disclosures-clerk.house.gov/public_disc/ptr-pdfs/2025/20033619.pdf,accepted
20033619,Hon. Gilbert Cisneros,"BioCryst Pharmaceuticals, Inc. - Common Stock",BCRX,ST,P,2025-11-13,1001.0,15000.0,"$1,001 - $15,000",,3,https://disclosures-clerk.house.gov/public_disc/ptr-pdfs/2025/20033619.pdf,accepted
20033619,Hon. Gilbert Cisneros,"Block, Inc. Class A Common Stock,",SQ,ST,P,2025-11-18,1001.0,15000.0,"$1,001 - $15,000",,3,https://disclosures-clerk.house.gov/public_disc/ptr-pdfs/2025/20033619.pdf,accepted
20033619,Hon. Gilbert Cisneros,Bloom Energy Corporation Class A Common Stock,BE,ST,P,2025-11-18,1001.0,15000.0,"$1,001 - $15,000",,4,https://disclosures-clerk.house.gov/public_disc/ptr-pdfs/2025/20033619.pdf,accepted
20033619,Hon. Gilbert Cisneros,Booking Holdings Inc. - Common Stock,BKNG,ST,P,2025-11-18,1001.0,15000.0,"$1,001 - $15,000",,4,https://disclosures-clerk.house.gov/public_disc/ptr-pdfs/2025/20033619.pdf,accepted
20033619,Hon. Gilbert Cisneros,Boston Scientific Corporation Common Stock,BSX,ST,P,2025-11-18,1001.0,15000.0,"$1,001 - $15,000",,4,https://disclosures-clerk.house.gov/public_disc/ptr-pdfs/2025/20033619.pdf,accepted
20033619,Hon. Gilbert Cisneros,Bristol-Myers Squibb Company Common Stock,BMY,ST,P,2025-11-12,1001.0,15000.0,"$1,001 - $15,000",,4,https://disclosures-clerk.house.gov/public_disc/ptr-pdfs/2025/20033619.pdf,accepted
20033619,Hon. Gilbert Cisneros,Broadcom Inc. - Common Stock,AVGO,ST,P,2025-11-18,1001.0,15000.0,"$1,001 - $15,000",,4,https://disclosures-clerk.house.gov/public_disc/ptr-pdfs/2025/20033619.pdf,accepted
20033619,Hon. Gilbert Cisneros,"Brown & Brown, Inc. Common Stock",BRO,ST,P,2025-11-18,1001.0,15000.0,"$1,001 - $15,000",,4,https://disclosures-clerk.house.gov/public_disc/ptr-pdfs/2025/20033619.pdf,accepted
20033619,Hon. Gilbert Cisneros,"BXP, Inc. Common Stock",BXP,ST,P,2025-11-18,1001.0,15000.0,"$1,001 - $15,000",,4,https://disclosures-clerk.house.gov/public_disc/ptr-pdfs/2025/20033619.pdf,accepted
20033619,Hon. Gilbert Cisneros,Cameco Corporation Common Stock,CCJ,ST,P,2025-11-18,1001.0,15000.0,"$1,001 - $15,000",,4,https://disclosures-clerk.house.gov/public_disc/ptr-pdfs/2025/20033619.pdf,accepted
20033619,Hon. Gilbert Cisneros,Canadian Pacific Kansas City Limited Common Shares,CP,ST,P,2025-11-12,15001.0,50000.0,"$15,001 - $50,000",,5,https://disclosures-clerk.house.gov/public_disc/ptr-pdfs/2025/20033619.pdf,accepted
20033619,Hon. Gilbert Cisneros,Canadian Pacific Kansas City Limited Common Shares,CP,ST,P,2025-11-17,1001.0,15000.0,"$1,001 - $15,000",,5,https://disclosures-clerk.house.gov/public_disc/ptr-pdfs/2025/20033619.pdf,accepted
20033619,Hon. Gilbert Cisneros,"Caterpillar, Inc. Common Stock",CAT,ST,P,2025-11-18,1001.0,15000.0,"$1,001 - $15,000",,5,https://disclosures-clerk.house.gov/public_disc/ptr-pdfs/2025/20033619.pdf,accepted
20033619,Hon. Gilbert Cisneros,"Cboe Global Markets, Inc.",CBOE,ST,P,2025-11-12,1001.0,15000.0,"$1,001 - $15,000",,5,https://disclosures-clerk.house.gov/public_disc/ptr-pdfs/2025/20033619.pdf,accepted
20033619,Hon. Gilbert Cisneros,Chevron Corporation Common Stock,CVX,ST,P,2025-11-18,1001.0,15000.0,"$1,001 - $15,000",,5,https://disclosures-clerk.house.gov/public_disc/ptr-pdfs/2025/20033619.pdf,accepted
20033619,Hon. Gilbert Cisneros,"Chipotle Mexican Grill, Inc. Common Stock",CMG,ST,P,2025-11-18,1001.0,15000.0,"$1,001 - $15,000",,5,https://disclosures-clerk.house.gov/public_disc/ptr-pdfs/2025/20033619.pdf,accepted
20033619,Hon. Gilbert Cisneros,"Cloudflare, Inc. Class A Common Stock",NET,ST,P,2025-11-18,1001.0,15000.0,"$1,001 - $15,000",,5,https://disclosures-clerk.house.gov/public_disc/ptr-pdfs/2025/20033619.pdf,accepted
20033619,Hon. Gilbert Cisneros,"Coinbase Global, Inc. - Class A Common Stock",COIN,ST,P,2025-11-18,1001.0,15000.0,"$1,001 - $15,000",,5,https://disclosures-clerk.house.gov/public_disc/ptr-pdfs/2025/20033619.pdf,accepted
20033619,Hon. Gilbert Cisneros,"ConAgra Brands, Inc. Common Stock",CAG,ST,P,2025-11-12,1001.0,15000.0,"$1,001 - $15,000",,6,https://disclosures-clerk.house.gov/public_disc/ptr-pdfs/2025/20033619.pdf,accepted
20033619,Hon. Gilbert Cisneros,"Constellation Brands, Inc. Common Stock",STZ,ST,P,2025-11-18,1001.0,15000.0,"$1,001 - $15,000",,6,https://disclosures-clerk.house.gov/public_disc/ptr-pdfs/2025/20033619.pdf,accepted
20033619,Hon. Gilbert Cisneros,Coterra Energy Inc. Common Stock,CTRA,ST,P,2025-11-18,1001.0,15000.0,"$1,001 - $15,000",,6,https://disclosures-clerk.house.gov/public_disc/ptr-pdfs/2025/20033619.pdf,accepted
20033619,Hon. Gilbert Cisneros,"CSW Industrials, Inc. Common Stock",CSW,ST,P,2025-11-06,1001.0,15000.0,"$1,001 - $15,000",,6,https://disclosures-clerk.house.gov/public_disc/ptr-pdfs/2025/20033619.pdf,accepted
20033619,Hon. Gilbert Cisneros,"CSW Industrials, Inc. Common Stock",CSW,ST,P,2025-11-18,1001.0,15000.0,"$1,001 - $15,000",,6,https://disclosures-clerk.house.gov/public_disc/ptr-pdfs/2025/20033619.pdf,accepted
20033619,Hon. Gilbert Cisneros,"D.R. Horton, Inc. Common Stock",DHI,ST,P,2025-11-18,1001.0,15000.0,"$1,001 - $15,000",,6,https://disclosures-clerk.house.gov/public_disc/ptr-pdfs/2025/20033619.pdf,accepted
20033619,Hon. Gilbert Cisneros,DBS GROUP HLDGS LTD ORD,DBSDF,ST,P,2025-11-20,1001.0,15000.0,"$1,001 - $15,000",,6,https://disclosures-clerk.house.gov/public_disc/ptr-pdfs/2025/20033619.pdf,accepted
20033619,Hon. Gilbert Cisneros,Deckers Outdoor Corporation,DECK,ST,P,2025-11-18,1001.0,15000.0,"$1,001 - $15,000",,7,https://disclosures-clerk.house.gov/public_disc/ptr-pdfs/2025/20033619.pdf,accepted
20033619,Hon. Gilbert Cisneros,"DoorDash, Inc. - Common Stock",DASH,ST,P,2025-11-18,1001.0,15000.0,"$1,001 - $15,000",,7,https://disclosures-clerk.house.gov/public_disc/ptr-pdfs/2025/20033619.pdf,accepted
20033619,Hon. Gilbert Cisneros,"DoorDash, Inc. - Common Stock",DASH,ST,P,2025-11-17,1001.0,15000.0,"$1,001 - $15,000",,7,https://disclosures-clerk.house.gov/public_disc/ptr-pdfs/2025/20033619.pdf,accepted
20033619,Hon. Gilbert Cisneros,Dow Inc. Common Stock,DOW,ST,P,2025-11-18,1001.0,15000.0,"$1,001 - $15,000",,7,https://disclosures-clerk.house.gov/public_disc/ptr-pdfs/2025/20033619.pdf,accepted
20033619,Hon. Gilbert Cisneros,"Eaton Corporation, PLC Ordinary Shares",ETN,ST,P,2025-11-18,1001.0,15000.0,"$1,001 - $15,000",,7,https://disclosures-clerk.house.gov/public_disc/ptr-pdfs/2025/20033619.pdf,accepted
20033619,Hon. Gilbert Cisneros,Eli Lilly and Company Common Stock,LLY,ST,P,2025-11-18,1001.0,15000.0,"$1,001 - $15,000",,7,https://disclosures-clerk.house.gov/public_disc/ptr-pdfs/2025/20033619.pdf,accepted
20033619,Hon. Gilbert Cisneros,"Everest Group, Ltd. Common Stock",EG,ST,P,2025-11-18,1001.0,15000.0,"$1,001 - $15,000",,7,https://disclosures-clerk.house.gov/public_disc/ptr-pdfs/2025/20033619.pdf,accepted
20033619,Hon. Gilbert Cisneros,Expand Energy Corporation - Common Stock,EXE,ST,P,2025-11-18,1001.0,15000.0,"$1,001 - $15,000",,7,https://disclosures-clerk.house.gov/public_disc/ptr-pdfs/2025/20033619.pdf,accepted
20033619,Hon. Gilbert Cisneros,FactSet Research Systems Inc. Common Stock,FDS,ST,P,2025-11-18,1001.0,15000.0,"$1,001 - $15,000",,8,https://disclosures-clerk.house.gov/public_disc/ptr-pdfs/2025/20033619.pdf,accepted
20033619,Hon. Gilbert Cisneros,Ferrari N.V. Common Shares,RACE,ST,P,2025-11-19,1001.0,15000.0,"$1,001 - $15,000",,8,https://disclosures-clerk.house.gov/public_disc/ptr-pdfs/2025/20033619.pdf,accepted
20033619,Hon. Gilbert Cisneros,"Fidelity National Information Services, Inc. Common Stock",FIS,ST,P,2025-11-18,1001.0,15000.0,"$1,001 - $15,000",,8,https://disclosures-clerk.house.gov/public_disc/ptr-pdfs/2025/20033619.pdf,accepted
20033619,Hon. Gilbert Cisneros,"First Watch Restaurant Group, Inc. - Common Stock",FWRG,ST,P,2025-11-26,1001.0,15000.0,"$1,001 - $15,000",,8,https://disclosures-clerk.house.gov/public_disc/ptr-pdfs/2025/20033619.pdf,accepted
20033619,Hon. Gilbert Cisneros,"Fiserv, Inc. - Common Stock",FISV,ST,P,2025-11-18,1001.0,15000.0,"$1,001 - $15,000",,8,https://disclosures-clerk.house.gov/public_disc/ptr-pdfs/2025/20033619.pdf,accepted
20033619,Hon. Gilbert Cisneros,"Fiserv, Inc. - Common Stock",FISV,ST,P,2025-11-12,1001.0,15000.0,"$1,001 - $15,000",,8,https://disclosures-clerk.house.gov/public_disc/ptr-pdfs/2025/20033619.pdf,accepted
20033619,Hon. Gilbert Cisneros,"Freeport-McMoRan, Inc. Common Stock",FCX,ST,P,2025-11-18,1001.0,15000.0,"$1,001 - $15,000",,8,https://disclosures-clerk.house.gov/public_disc/ptr-pdfs/2025/20033619.pdf,accepted
20033619,Hon. Gilbert Cisneros,GE Vernova Inc. Common Stock,GEV,ST,P,2025-11-18,1001.0,15000.0,"$1,001 - $15,000",,8,https://disclosures-clerk.house.gov/public_disc/ptr-pdfs/2025/20033619.pdf,accepted
20033619,Hon. Gilbert Cisneros,Global Payments Inc. Common Stock,GPN,ST,P,2025-11-18,1001.0,15000.0,"$1,001 - $15,000",,8,https://disclosures-clerk.house.gov/public_disc/ptr-pdfs/2025/20033619.pdf,accepted
20033619,Hon. Gilbert Cisneros,Halliburton Company Common Stock,HAL,ST,P,2025-11-12,1001.0,15000.0,"$1,001 - $15,000",,9,https://disclosures-clerk.house.gov/public_disc/ptr-pdfs/2025/20033619.pdf,accepted
20033619,Hon. Gilbert Cisneros,HERMES INTL SA,HESAF,ST,P,2025-11-19,1001.0,15000.0,"$1,001 - $15,000",,9,https://disclosures-clerk.house.gov/public_disc/ptr-pdfs/2025/20033619.pdf,accepted
20033619,Hon. Gilbert Cisneros,"Home Depot, Inc.",HD,ST,P,2025-11-18,1001.0,15000.0,"$1,001 - $15,000",,9,https://disclosures-clerk.house.gov/public_disc/ptr-pdfs/2025/20033619.pdf,accepted
20033619,Hon. Gilbert Cisneros,Honeywell International Inc.,HON,ST,P,2025-11-18,1001.0,15000.0,"$1,001 - $15,000",,9,https://disclosures-clerk.house.gov/public_disc/ptr-pdfs/2025/20033619.pdf,accepted
20033619,Hon. Gilbert Cisneros,Iberdrola SA Bilbao Ordinary Shares,IBDSF,ST,P,2025-11-19,1001.0,15000.0,"$1,001 - $15,000",,9,https://disclosures-clerk.house.gov/public_disc/ptr-pdfs/2025/20033619.pdf,accepted
20033619,Hon. Gilbert Cisneros,Intel Corporation - Common Stock,INTC,ST,P,2025-11-18,1001.0,15000.0,"$1,001 - $15,000",,9,https://disclosures-clerk.house.gov/public_disc/ptr-pdfs/2025/20033619.pdf,accepted
20033619,Hon. Gilbert Cisneros,International Business Machines,IBM,ST,P,2025-11-18,1001.0,15000.0,"$1,001 - $15,000",,9,https://disclosures-clerk.house.gov/public_disc/ptr-pdfs/2025/20033619.pdf,accepted
20033619,Hon. Gilbert Cisneros,International Business Machines Corporation Common Stock,IBM,ST,P,2025-11-12,1001.0,15000.0,"$1,001 - $15,000",,10,https://disclosures-clerk.house.gov/public_disc/ptr-pdfs/2025/20033619.pdf,accepted
20033619,Hon. Gilbert Cisneros,"International Flavors & Fragrances, Inc. Common Stock",IFF,ST,P,2025-11-18,1001.0,15000.0,"$1,001 - $15,000",,10,https://disclosures-clerk.house.gov/public_disc/ptr-pdfs/2025/20033619.pdf,accepted
20033619,Hon. Gilbert Cisneros,International Paper Company Common Stock,IP,ST,P,2025-11-18,1001.0,15000.0,"$1,001 - $15,000",,10,https://disclosures-clerk.house.gov/public_disc/ptr-pdfs/2025/20033619.pdf,accepted
20033619,Hon. Gilbert Cisneros,"Intuitive Surgical, Inc. - Common Stock",ISRG,ST,P,2025-11-18,1001.0,15000.0,"$1,001 - $15,000",,10,https://disclosures-clerk.house.gov/public_disc/ptr-pdfs/2025/20033619.pdf,accepted
20033619,Hon. Gilbert Cisneros,"Jack Henry & Associates, Inc. - Common Stock",JKHY,ST,P,2025-11-18,1001.0,15000.0,"$1,001 - $15,000",,10,https://disclosures-clerk.house.gov/public_disc/ptr-pdfs/2025/20033619.pdf,accepted
20033619,Hon. Gilbert Cisneros,"Jack Henry & Associates, Inc. - Common Stock",JKHY,ST,P,2025-11-12,1001.0,15000.0,"$1,001 - $15,000",,10,https://disclosures-clerk.house.gov/public_disc/ptr-pdfs/2025/20033619.pdf,accepted
20033619,Hon. Gilbert Cisneros,JP Morgan Chase & Co. Common Stock,JPM,ST,P,2025-11-18,1001.0,15000.0,"$1,001 - $15,000",,10,https://disclosures-clerk.house.gov/public_disc/ptr-pdfs/2025/20033619.pdf,accepted
20033619,Hon. Gilbert Cisneros,Kenvue Inc. Common Stock,KVUE,ST,P,2025-11-12,1001.0,15000.0,"$1,001 - $15,000",,11,https://disclosures-clerk.house.gov/public_disc/ptr-pdfs/2025/20033619.pdf,accepted
20033619,Hon. Gilbert Cisneros,LandBridge Company LLC Class A Shares Representing Limited Liability Company Interests,LB,ST,P,2025-11-20,50001.0,100000.0,"$50,001 - $100,000",,11,https://disclosures-clerk.house.gov/public_disc/ptr-pdfs/2025/20033619.pdf,accepted
20033619,Hon. Gilbert Cisneros,LandBridge Company LLC Class A Shares Representing Limited Liability Company Interests,LB,ST,P,2025-11-21,15001.0,50000.0,"$15,001 - $50,000",,11,https://disclosures-clerk.house.gov/public_disc/ptr-pdfs/2025/20033619.pdf,accepted
20033619,Hon. Gilbert Cisneros,Legence Corp. - Class A Common stock,LGN,ST,P,2025-11-24,1001.0,15000.0,"$1,001 - $15,000",,11,https://disclosures-clerk.house.gov/public_disc/ptr-pdfs/2025/20033619.pdf,accepted
20033619,Hon. Gilbert Cisneros,Lennar Corporation Class A Common Stock,LEN,ST,P,2025-11-18,1001.0,15000.0,"$1,001 - $15,000",,11,https://disclosures-clerk.house.gov/public_disc/ptr-pdfs/2025/20033619.pdf,accepted
20033619,Hon. Gilbert Cisneros,Lockheed Martin Corporation Common Stock,LMT,ST,P,2025-11-18,1001.0,15000.0,"$1,001 - $15,000",,11,https://disclosures-clerk.house.gov/public_disc/ptr-pdfs/2025/20033619.pdf,accepted
20033619,Hon. Gilbert Cisneros,lululemon athletica inc. - Common Stock,LULU,ST,P,2025-11-12,1001.0,15000.0,"$1,001 - $15,000",,11,https://disclosures-clerk.house.gov/public_disc/ptr-pdfs/2025/20033619.pdf,accepted
20033619,Hon. Gilbert Cisneros,M&T Bank Corporation Common Stock,MTB,ST,P,2025-11-18,1001.0,15000.0,"$1,001 - $15,000",,12,https://disclosures-clerk.house.gov/public_disc/ptr-pdfs/2025/20033619.pdf,accepted
20033619,Hon. Gilbert Cisneros,Mastercard Incorporated Common Stock,MA,ST,P,2025-11-18,1001.0,15000.0,"$1,001 - $15,000",,12,https://disclosures-clerk.house.gov/public_disc/ptr-pdfs/2025/20033619.pdf,accepted
20033619,Hon. Gilbert Cisneros,McKesson Corporation Common Stock,MCK,ST,P,2025-11-18,1001.0,15000.0,"$1,001 - $15,000",,12,https://disclosures-clerk.house.gov/public_disc/ptr-pdfs/2025/20033619.pdf,accepted
20033619,Hon. Gilbert Cisneros,"MercadoLibre, Inc. - Common Stock",MELI,ST,P,2025-11-18,1001.0,15000.0,"$1,001 - $15,000",,12,https://disclosures-clerk.house.gov/public_disc/ptr-pdfs/2025/20033619.pdf,accepted
20033619,Hon. Gilbert Cisneros,"Merck & Company, Inc. Common Stock",MRK,ST,P,2025-11-18,1001.0,15000.0,"$1,001 - $15,000",,12,https://disclosures-clerk.house.gov/public_disc/ptr-pdfs/2025/20033619.pdf,accepted
20033619,Hon. Gilbert Cisneros,"Meta Platforms, Inc. - Class A",FB,ST,P,2025-11-18,1001.0,15000.0,"$1,001 - $15,000",,12,https://disclosures-clerk.house.gov/public_disc/ptr-pdfs/2025/20033619.pdf,accepted
20033619,Hon. Gilbert Cisneros,Microsoft Corporation - Common Stock,MSFT,ST,P,2025-11-12,1001.0,15000.0,"$1,001 - $15,000",,12,https://disclosures-clerk.house.gov/public_disc/ptr-pdfs/2025/20033619.pdf,accepted
20033619,Hon. Gilbert Cisneros,Microsoft Corporation - Common Stock,MSFT,ST,P,2025-11-18,50001.0,100000.0,"$50,001 - $100,000",,12,https://disclosures-clerk.house.gov/public_disc/ptr-pdfs/2025/20033619.pdf,accepted
20033619,Hon. Gilbert Cisneros,Mitsubishi Heavy Industries Ltd Ordinary Shares,MHVYF,ST,P,2025-11-20,1001.0,15000.0,"$1,001 - $15,000",,13,https://disclosures-clerk.house.gov/public_disc/ptr-pdfs/2025/20033619.pdf,accepted
20033619,Hon. Gilbert Cisneros,Mitsubishi UFJ Financial Group Inc Ordinary Shares,MBFJF,ST,P,2025-11-20,1001.0,15000.0,"$1,001 - $15,000",,13,https://disclosures-clerk.house.gov/public_disc/ptr-pdfs/2025/20033619.pdf,accepted
20033619,Hon. Gilbert Cisneros,Molson Coors Beverage Company Class B Common Stock,TAP,ST,P,2025-11-18,1001.0,15000.0,"$1,001 - $15,000",,13,https://disclosures-clerk.house.gov/public_disc/ptr-pdfs/2025/20033619.pdf,accepted
20033619,Hon. Gilbert Cisneros,"MongoDB, Inc. - Class A Common Stock",MDB,ST,P,2025-11-18,1001.0,15000.0,"$1,001 - $15,000",,13,https://disclosures-clerk.house.gov/public_disc/ptr-pdfs/2025/20033619.pdf,accepted
20033619,Hon. Gilbert Cisneros,Morgan Stanley Common Stock,MS,ST,P,2025-11-18,1001.0,15000.0,"$1,001 - $15,000",,13,https://disclosures-clerk.house.gov/public_disc/ptr-pdfs/2025/20033619.pdf,accepted
20033619,Hon. Gilbert Cisneros,"Netflix, Inc. - Common Stock",NFLX,ST,P,2025-11-18,1001.0,15000.0,"$1,001 - $15,000",,13,https://disclosures-clerk.house.gov/public_disc/ptr-pdfs/2025/20033619.pdf,accepted
20033619,Hon. Gilbert Cisneros,NINTENDO CO LTD ORD,NTDOF,ST,P,2025-11-20,1001.0,15000.0,"$1,001 - $15,000",,13,https://disclosures-clerk.house.gov/public_disc/ptr-pdfs/2025/20033619.pdf,accepted
20033619,Hon. Gilbert Cisneros,Novanta Inc. - Common Shares,NOVT,ST,P,2025-11-13,1001.0,15000.0,"$1,001 - $15,000",,14,https://disclosures-clerk.house.gov/public_disc/ptr-pdfs/2025/20033619.pdf,accepted
20033619,Hon. Gilbert Cisneros,NVIDIA Corporation - Common Stock,NVDA,ST,P,2025-11-18,15001.0,50000.0,"$15,001 - $50,000",,14,https://disclosures-clerk.house.gov/public_disc/ptr-pdfs/2025/20033619.pdf,accepted
20033619,Hon. Gilbert Cisneros,NXP Semiconductors N.V. - Common Stock,NXPI,ST,P,2025-11-18,1001.0,15000.0,"$1,001 - $15,000",,14,https://disclosures-clerk.house.gov/public_disc/ptr-pdfs/2025/20033619.pdf,accepted
20033619,Hon. Gilbert Cisneros,"ONEOK, Inc. Common Stock",OKE,ST,P,2025-11-18,1001.0,15000.0,"$1,001 - $15,000",,14,https://disclosures-clerk.house.gov/public_disc/ptr-pdfs/2025/20033619.pdf,accepted
20033619,Hon. Gilbert Cisneros,Oracle Corporation Common Stock,ORCL,ST,P,2025-11-18,1001.0,15000.0,"$1,001 - $15,000",,14,https://disclosures-clerk.house.gov/public_disc/ptr-pdfs/2025/20033619.pdf,accepted
20033619,Hon. Gilbert Cisneros,Palantir Technologies Inc. - Class A Common Stock,PLTR,ST,P,2025-11-07,1001.0,15000.0,"$1,001 - $15,000",,14,https://disclosures-clerk.house.gov/public_disc/ptr-pdfs/2025/20033619.pdf,accepted
20033619,Hon. Gilbert Cisneros,Palantir Technologies Inc. Class A Common Stock,PLTR,ST,P,2025-11-18,1001.0,15000.0,"$1,001 - $15,000",,14,https://disclosures-clerk.house.gov/public_disc/ptr-pdfs/2025/20033619.pdf,accepted
20033619,Hon. Gilbert Cisneros,"Pfizer, Inc. Common Stock",PFE,ST,P,2025-11-18,1001.0,15000.0,"$1,001 - $15,000",,14,https://disclosures-clerk.house.gov/public_disc/ptr-pdfs/2025/20033619.pdf,accepted
20033619,Hon. Gilbert Cisneros,Procter & Gamble Company,PG,ST,P,2025-11-18,1001.0,15000.0,"$1,001 - $15,000",,15,https://disclosures-clerk.house.gov/public_disc/ptr-pdfs/2025/20033619.pdf,accepted
20033619,Hon. Gilbert Cisneros,"Quanta Services, Inc. Common Stock",PWR,ST,P,2025-11-18,1001.0,15000.0,"$1,001 - $15,000",,15,https://disclosures-clerk.house.gov/public_disc/ptr-pdfs/2025/20033619.pdf,accepted
20033619,Hon. Gilbert Cisneros,"Regeneron Pharmaceuticals, Inc. - Common Stock",REGN,ST,P,2025-11-18,1001.0,15000.0,"$1,001 - $15,000",,15,https://disclosures-clerk.house.gov/public_disc/ptr-pdfs/2025/20033619.pdf,accepted
20033619,Hon. Gilbert Cisneros,RESONA HOLDINGS INC,RSNHF,ST,P,2025-11-10,1001.0,15000.0,"$1,001 - $15,000",,16,https://disclosures-clerk.house.gov/public_disc/ptr-pdfs/2025/20033619.pdf,accepted
20033619,Hon. Gilbert Cisneros,Rheinmetall Ag Ordinary Shares,RNMBF,ST,P,2025-11-19,1001.0,15000.0,"$1,001 - $15,000",,16,https://disclosures-clerk.house.gov/public_disc/ptr-pdfs/2025/20033619.pdf,accepted
20033619,Hon. Gilbert Cisneros,"Robinhood Markets, Inc. - Class A Common Stock",HOOD,ST,P,2025-11-18,1001.0,15000.0,"$1,001 - $15,000",,16,https://disclosures-clerk.house.gov/public_disc/ptr-pdfs/2025/20033619.pdf,accepted
20033619,Hon. Gilbert Cisneros,Roblox Corporation Class A Common Stock,RBLX,ST,P,2025-11-18,1001.0,15000.0,"$1,001 - $15,000",,16,https://disclosures-clerk.house.gov/public_disc/ptr-pdfs/2025/20033619.pdf,accepted
20033619,Hon. Gilbert Cisneros,Roblox Corporation Class A Common Stock,RBLX,ST,P,2025-11-07,1001.0,15000.0,"$1,001 - $15,000",,16,https://disclosures-clerk.house.gov/public_disc/ptr-pdfs/2025/20033619.pdf,accepted
20033619,Hon. Gilbert Cisneros,SBA Communications Corporation - Class A Common Stock,SBAC,ST,P,2025-11-12,1001.0,15000.0,"$1,001 - $15,000",,16,https://disclosures-clerk.house.gov/public_disc/ptr-pdfs/2025/20033619.pdf,accepted
20033619,Hon. Gilbert Cisneros,SCHNEIDER ELECTRIC SA,SBGSF,ST,P,2025-11-19,1001.0,15000.0,"$1,001 - $15,000",,16,https://disclosures-clerk.house.gov/public_disc/ptr-pdfs/2025/20033619.pdf,accepted
20033619,Hon. Gilbert Cisneros,SIEMENS ENERGY AG,SMEGF,ST,P,2025-11-19,1001.0,15000.0,"$1,001 - $15,000",,17,https://disclosures-clerk.house.gov/public_disc/ptr-pdfs/2025/20033619.pdf,accepted
20033619,Hon. Gilbert Cisneros,Smurfit WestRock plc Ordinary Shares,SW,ST,P,2025-11-18,1001.0,15000.0,"$1,001 - $15,000",,17,https://disclosures-clerk.house.gov/public_disc/ptr-pdfs/2025/20033619.pdf,accepted
20033619,Hon. Gilbert Cisneros,Spotify Technology S.A. Ordinary Shares,SPOT,ST,P,2025-11-18,1001.0,15000.0,"$1,001 - $15,000",,17,https://disclosures-clerk.house.gov/public_disc/ptr-pdfs/2025/20033619.pdf,accepted
20033619,Hon. Gilbert Cisneros,"StandardAero, Inc. Common Stock",SARO,ST,P,2025-11-17,1001.0,15000.0,"$1,001 - $15,000",,17,https://disclosures-clerk.house.gov/public_disc/ptr-pdfs/2025/20033619.pdf,accepted
20033619,Hon. Gilbert Cisneros,Stryker Corporation Common Stock,SYK,ST,P,2025-11-18,1001.0,15000.0,"$1,001 - $15,000",,18,https://disclosures-clerk.house.gov/public_disc/ptr-pdfs/2025/20033619.pdf,accepted
20033619,Hon. Gilbert Cisneros,Taiwan Semiconductor Manufacturing Company Ltd.,TSM,ST,P,2025-11-18,1001.0,15000.0,"$1,001 - $15,000",,18,https://disclosures-clerk.house.gov/public_disc/ptr-pdfs/2025/20033619.pdf,accepted
20033619,Hon. Gilbert Cisneros,"Targa Resources, Inc. Common Stock",TRGP,ST,P,2025-11-18,1001.0,15000.0,"$1,001 - $15,000",,18,https://disclosures-clerk.house.gov/public_disc/ptr-pdfs/2025/20033619.pdf,accepted
20033619,Hon. Gilbert Cisneros,"Targa Resources, Inc. Common Stock",TRGP,ST,P,2025-11-12,1001.0,15000.0,"$1,001 - $15,000",,18,https://disclosures-clerk.house.gov/public_disc/ptr-pdfs/2025/20033619.pdf,accepted
20033619,Hon. Gilbert Cisneros,Tencent Holdings Limited Ordinary Shares,TCTZF,ST,P,2025-11-20,1001.0,15000.0,"$1,001 - $15,000",,18,https://disclosures-clerk.house.gov/public_disc/ptr-pdfs/2025/20033619.pdf,accepted
20033619,Hon. Gilbert Cisneros,"Tesla, Inc. - Common Stock",TSLA,ST,P,2025-11-18,1001.0,15000.0,"$1,001 - $15,000",,18,https://disclosures-clerk.house.gov/public_disc/ptr-pdfs/2025/20033619.pdf,accepted
20033619,Hon. Gilbert Cisneros,The Campbell's Company - Common Stock,CPB,ST,P,2025-11-18,1001.0,15000.0,"$1,001 - $15,000",,18,https://disclosures-clerk.house.gov/public_disc/ptr-pdfs/2025/20033619.pdf,accepted
20033619,Hon. Gilbert Cisneros,"TKO Group Holdings, Inc. Class A Common Stock",TKO,ST,P,2025-11-26,1001.0,15000.0,"$1,001 - $15,000",,19,https://disclosures-clerk.house.gov/public_disc/ptr-pdfs/2025/20033619.pdf,accepted
20033619,Hon. Gilbert Cisneros,Transdigm Group Incorporated Common Stock,TDG,ST,P,2025-11-18,1001.0,15000.0,"$1,001 - $15,000",,19,https://disclosures-clerk.house.gov/public_disc/ptr-pdfs/2025/20033619.pdf,accepted
20033619,Hon. Gilbert Cisneros,"Uber Technologies, Inc. Common Stock",UBER,ST,P,2025-11-18,1001.0,15000.0,"$1,001 - $15,000",,19,https://disclosures-clerk.house.gov/public_disc/ptr-pdfs/2025/20033619.pdf,accepted
20033619,Hon. Gilbert Cisneros,UNICREDITO SPA ORD NEW,UNCFF,ST,P,2025-11-19,1001.0,15000.0,"$1,001 - $15,000",,19,https://disclosures-clerk.house.gov/public_disc/ptr-pdfs/2025/20033619.pdf,accepted
20033619,Hon. Gilbert Cisneros,"United Parcel Service, Inc. Common Stock",UPS,ST,P,2025-11-18,1001.0,15000.0,"$1,001 - $15,000",,19,https://disclosures-clerk.house.gov/public_disc/ptr-pdfs/2025/20033619.pdf,accepted
20033619,Hon. Gilbert Cisneros,"Ventas, Inc. Common Stock",VTR,ST,P,2025-11-12,1001.0,15000.0,"$1,001 - $15,000",,19,https://disclosures-clerk.house.gov/public_disc/ptr-pdfs/2025/20033619.pdf,accepted
20033619,Hon. Gilbert Cisneros,"Verisk Analytics, Inc. - Common Stock",VRSK,ST,P,2025-11-18,1001.0,15000.0,"$1,001 - $15,000",,20,https://disclosures-clerk.house.gov/public_disc/ptr-pdfs/2025/20033619.pdf,accepted
20033619,Hon. Gilbert Cisneros,"Vertiv Holdings, LLC Class A Common Stock",VRT,ST,P,2025-11-18,1001.0,15000.0,"$1,001 - $15,000",,20,https://disclosures-clerk.house.gov/public_disc/ptr-pdfs/2025/20033619.pdf,accepted
20033619,Hon. Gilbert Cisneros,Viatris Inc. - Common Stock,VTRS,ST,P,2025-11-18,1001.0,15000.0,"$1,001 - $15,000",,20,https://disclosures-clerk.house.gov/public_disc/ptr-pdfs/2025/20033619.pdf,accepted
20033619,Hon. Gilbert Cisneros,Walmart Inc. Common Stock,WMT,ST,P,2025-11-18,1001.0,15000.0,"$1,001 - $15,000",,20,https://disclosures-clerk.house.gov/public_disc/ptr-pdfs/2025/20033619.pdf,accepted
20033619,Hon. Gilbert Cisneros,"Warner Bros. Discovery, Inc. - Series A Common Stock",WBD,ST,P,2025-11-18,1001.0,15000.0,"$1,001 - $15,000",,20,https://disclosures-clerk.house.gov/public_disc/ptr-pdfs/2025/20033619.pdf,accepted
20033619,Hon. Gilbert Cisneros,WaterBridge Infrastructure LLC Class A Shares Representing Limited Liability Company Interests,WBI,ST,P,2025-11-11,100001.0,250000.0,"$100,001 - $250,000",,20,https://disclosures-clerk.house.gov/public_disc/ptr-pdfs/2025/20033619.pdf,accepted
20033619,Hon. Gilbert Cisneros,WaterBridge Infrastructure LLC Class A Shares Representing Limited,WBI,ST,P,2025-11-12,50001.0,100000.0,"$50,001 - $100,000",,20,https://disclosures-clerk.house.gov/public_disc/ptr-pdfs/2025/20033619.pdf,accepted
20033619,Hon. Gilbert Cisneros,Wells Fargo & Company Common Stock,WFC,ST,P,2025-11-18,1001.0,15000.0,"$1,001 - $15,000",,21,https://disclosures-clerk.house.gov/public_disc/ptr-pdfs/2025/20033619.pdf,accepted
20033619,Hon. Gilbert Cisneros,Wheaton Precious Metals Corp Common Shares,WPM,ST,P,2025-11-18,1001.0,15000.0,"$1,001 - $15,000",,21,https://disclosures-clerk.house.gov/public_disc/ptr-pdfs/2025/20033619.pdf,accepted
20033619,Hon. Gilbert Cisneros,XIAOMI CORP,XIACF,ST,P,2025-11-19,1001.0,15000.0,"$1,001 - $15,000",,21,https://disclosures-clerk.house.gov/public_disc/ptr-pdfs/2025/20033619.pdf,accepted
20033619,Hon. Gilbert Cisneros,Zoetis Inc. Class A Common Stock,ZTS,ST,P,2025-11-18,1001.0,15000.0,"$1,001 - $15,000",,21,https://disclosures-clerk.house.gov/public_disc/ptr-pdfs/2025/20033619.pdf,accepted
20033659,Hon. Thomas H. Kean Jr,Texas Instruments Incorporated - Common Stock,TXN,ST,P,2025-11-26,1001.0,15000.0,"$1,001 - $15,000",,1,https://disclosures-clerk.house.gov/public_disc/ptr-pdfs/2025/20033659.pdf,accepted
20033666,Hon. David J. Taylor,"Eaton Corporation, PLC Ordinary Shares",ETN,ST,P,2025-12-10,1001.0,15000.0,"$1,001 - $15,000",,1,https://disclosures-clerk.house.gov/public_disc/ptr-pdfs/2025/20033666.pdf,accepted
20033666,Hon. David J. Taylor,"Home Depot, Inc.",HD,ST,P,2025-12-10,1001.0,15000.0,"$1,001 - $15,000",,1,https://disclosures-clerk.house.gov/public_disc/ptr-pdfs/2025/20033666.pdf,accepted
20033667,Hon. Dwight Evans,NVIDIA Corporation - Common Stock,NVDA,ST,P,2025-11-21,1001.0,15000.0,"$1,001 - $15,000",,1,https://disclosures-clerk.house.gov/public_disc/ptr-pdfs/2025/20033667.pdf,accepted
20033670,Hon. Tim Moore,"Cracker Barrel Old Country Store, Inc. - Common Stock",CBRL,ST,P,2025-12-09,50001.0,100000.0,"$50,001 - $100,000",,1,https://disclosures-clerk.house.gov/public_disc/ptr-pdfs/2025/20033670.pdf,accepted
20033670,Hon. Tim Moore,"Cracker Barrel Old Country Store, Inc. - Common Stock",CBRL,ST,P,2025-12-16,15001.0,50000.0,"$15,001 - $50,000",,1,https://disclosures-clerk.house.gov/public_disc/ptr-pdfs/2025/20033670.pdf,accepted
20033670,Hon. Tim Moore,"Harley-Davidson, Inc. Common Stock",HOG,ST,P,2025-12-09,15001.0,50000.0,"$15,001 - $50,000",,1,https://disclosures-clerk.house.gov/public_disc/ptr-pdfs/2025/20033670.pdf,accepted
20033670,Hon. Tim Moore,Verizon Communications Inc. Common Stock,VZ,ST,P,2025-12-10,15001.0,50000.0,"$15,001 - $50,000",,1,https://disclosures-clerk.house.gov/public_disc/ptr-pdfs/2025/20033670.pdf,accepted
20030977,Hon. Julia Letlow,3M Company Common Stock,MMM,ST,P,2025-01-17,1001.0,15000.0,"$1,001 - $15,000",,1,https://disclosures-clerk.house.gov/public_disc/ptr-pdfs/2026/20030977.pdf,accepted
20030977,Hon. Julia Letlow,AbbVie Inc. Common Stock,ABBV,ST,P,2025-04-28,1001.0,15000.0,"$1,001 - $15,000",,2,https://disclosures-clerk.house.gov/public_disc/ptr-pdfs/2026/20030977.pdf,accepted
20030977,Hon. Julia Letlow,Accenture plc Class A Ordinary Shares,ACN,ST,P,2025-04-22,1001.0,15000.0,"$1,001 - $15,000",,2,https://disclosures-clerk.house.gov/public_disc/ptr-pdfs/2026/20030977.pdf,accepted
20030977,Hon. Julia Letlow,Adobe Inc. - Common Stock,ADBE,ST,P,2025-01-24,1001.0,15000.0,"$1,001 - $15,000",,2,https://disclosures-clerk.house.gov/public_disc/ptr-pdfs/2026/20030977.pdf,accepted
20030977,Hon. Julia Letlow,"Advanced Micro Devices, Inc.",AMD,ST,P,2025-06-17,1001.0,15000.0,"$1,001 - $15,000",,2,https://disclosures-clerk.house.gov/public_disc/ptr-pdfs/2026/20030977.pdf,accepted
20030977,Hon. Julia Letlow,"Albertsons Companies, Inc. Class A Common Stock",ACI,ST,P,2025-01-24,1001.0,15000.0,"$1,001 - $15,000",,2,https://disclosures-clerk.house.gov/public_disc/ptr-pdfs/2026/20030977.pdf,accepted
20030977,Hon. Julia Letlow,Alphabet Inc. - Class A Common Stock,GOOGL,ST,P,2025-07-02,1001.0,15000.0,"$1,001 - $15,000",,3,https://disclosures-clerk.house.gov/public_disc/ptr-pdfs/2026/20030977.pdf,accepted
20030977,Hon. Julia Letlow,"Amazon.com, Inc. - Common Stock",AMZN,ST,P,2025-10-01,1001.0,15000.0,"$1,001 - $15,000",,3,https://disclosures-clerk.house.gov/public_disc/ptr-pdfs/2026/20030977.pdf,accepted
20030977,Hon. Julia Letlow,"American International Group, Inc. New Common Stock",AIG,ST,P,2025-02-24,1001.0,15000.0,"$1,001 - $15,000",,3,https://disclosures-clerk.house.gov/public_disc/ptr-pdfs/2026/20030977.pdf,accepted
20030977,Hon. Julia Letlow,Apple Inc. - Common Stock,AAPL,ST,P,2025-01-31,1001.0,15000.0,"$1,001 - $15,000",,4,https://disclosures-clerk.house.gov/public_disc/ptr-pdfs/2026/20030977.pdf,accepted
20030977,Hon. Julia Letlow,"Assurant, Inc. Common Stock",AIZ,ST,P,2025-08-26,1001.0,15000.0,"$1,001 - $15,000",,5,https://disclosures-clerk.house.gov/public_disc/ptr-pdfs/2026/20030977.pdf,accepted
20030977,Hon. Julia Letlow,AstraZeneca PLC - American Depositary Shares,AZN,ST,P,2025-12-08,1001.0,15000.0,"$1,001 - $15,000",,5,https://disclosures-clerk.house.gov/public_disc/ptr-pdfs/2026/20030977.pdf,accepted
20030977,Hon. Julia Letlow,Centene Corporation Common Stock,CNC,ST,P,2025-04-14,1001.0,15000.0,"$1,001 - $15,000",,6,https://disclosures-clerk.house.gov/public_disc/ptr-pdfs/2026/20030977.pdf,accepted
20030977,Hon. Julia Letlow,"Chipotle Mexican Grill, Inc. Common Stock",CMG,ST,P,2025-08-26,1001.0,15000.0,"$1,001 - $15,000",,7,https://disclosures-clerk.house.gov/public_disc/ptr-pdfs/2026/20030977.pdf,accepted
20030977,Hon. Julia Letlow,"Cisco Systems, Inc. - Common Stock",CSCO,ST,P,2025-06-17,1001.0,15000.0,"$1,001 - $15,000",,7,https://disclosures-clerk.house.gov/public_disc/ptr-pdfs/2026/20030977.pdf,accepted
20030977,Hon. Julia Letlow,"Citigroup, Inc. Common Stock",C,ST,P,2025-01-31,1001.0,15000.0,"$1,001 - $15,000",,7,https://disclosures-clerk.house.gov/public_disc/ptr-pdfs/2026/20030977.pdf,accepted
20030977,Hon. Julia Letlow,Coca-Cola Company,KO,ST,P,2025-11-03,1001.0,15000.0,"$1,001 - $15,000",,7,https://disclosures-clerk.house.gov/public_disc/ptr-pdfs/2026/20030977.pdf,accepted
20030977,Hon. Julia Letlow,Danaher Corporation Common Stock,DHR,ST,P,2025-04-28,1001.0,15000.0,"$1,001 - $15,000",,8,https://disclosures-clerk.house.gov/public_disc/ptr-pdfs/2026/20030977.pdf,accepted
20030977,Hon. Julia Letlow,Deere & Company Common Stock,DE,ST,P,2025-01-31,1001.0,15000.0,"$1,001 - $15,000",,8,https://disclosures-clerk.house.gov/public_disc/ptr-pdfs/2026/20030977.pdf,accepted
20030977,Hon. Julia Letlow,Devon Energy Corporation Common Stock,DVN,ST,P,2025-12-08,1001.0,15000.0,"$1,001 - $15,000",,8,https://disclosures-clerk.house.gov/public_disc/ptr-pdfs/2026/20030977.pdf,accepted
20030977,Hon. Julia Letlow,"Dollar Tree, Inc. - Common Stock",DLTR,ST,P,2025-09-17,1001.0,15000.0,"$1,001 - $15,000",,8,https://disclosures-clerk.house.gov/public_disc/ptr-pdfs/2026/20030977.pdf,accepted
20030977,Hon. Julia Letlow,"Dycom Industries, Inc. Common Stock",DY,ST,P,2025-09-22,1001.0,15000.0,"$1,001 - $15,000",,9,https://disclosures-clerk.house.gov/public_disc/ptr-pdfs/2026/20030977.pdf,accepted
20030977,Hon. Julia Letlow,Extra Space Storage Inc Common Stock,EXR,ST,P,2025-02-07,1001.0,15000.0,"$1,001 - $15,000",,9,https://disclosures-clerk.house.gov/public_disc/ptr-pdfs/2026/20030977.pdf,accepted
20030977,Hon. Julia Letlow,Gates Industrial Corporation plc Ordinary Shares,GTES,ST,P,2025-09-22,1001.0,15000.0,"$1,001 - $15,000",,9,https://disclosures-clerk.house.gov/public_disc/ptr-pdfs/2026/20030977.pdf,accepted
20030977,Hon. Julia Letlow,Globant S.A. Common Shares,GLOB,ST,P,2025-07-25,1001.0,15000.0,"$1,001 - $15,000",,10,https://disclosures-clerk.house.gov/public_disc/ptr-pdfs/2026/20030977.pdf,accepted
20030977,Hon. Julia Letlow,Globant S.A. Common Shares,GLOB,ST,P,2025-02-28,1001.0,15000.0,"$1,001 - $15,000",,10,https://disclosures-clerk.house.gov/public_disc/ptr-pdfs/2026/20030977.pdf,accepted
20030977,Hon. Julia Letlow,Hewlett Packard Enterprise Company Common Stock,HPE,ST,P,2025-01-24,1001.0,15000.0,"$1,001 - $15,000",,10,https://disclosures-clerk.house.gov/public_disc/ptr-pdfs/2026/20030977.pdf,accepted
20030977,Hon. Julia Letlow,Humana Inc. Common Stock,HUM,ST,P,2025-08-08,1001.0,15000.0,"$1,001 - $15,000",,11,https://disclosures-clerk.house.gov/public_disc/ptr-pdfs/2026/20030977.pdf,accepted
20030977,Hon. Julia Letlow,Icon Energy Corp. - Common stock,ICON,ST,P,2025-12-08,1001.0,15000.0,"$1,001 - $15,000",,11,https://disclosures-clerk.house.gov/public_disc/ptr-pdfs/2026/20030977.pdf,accepted
20030977,Hon. Julia Letlow,Intel Corporation - Common Stock,INTC,ST,P,2025-09-22,1001.0,15000.0,"$1,001 - $15,000",,11,https://disclosures-clerk.house.gov/public_disc/ptr-pdfs/2026/20030977.pdf,accepted
20030977,Hon. Julia Letlow,International Business Machines Corporation Common Stock,IBM,ST,P,2025-10-22,1001.0,15000.0,"$1,001 - $15,000",,11,https://disclosures-clerk.house.gov/public_disc/ptr-pdfs/2026/20030977.pdf,accepted
20030977,Hon. Julia Letlow,Intuit Inc. - Common Stock,INTU,ST,P,2025-10-01,1001.0,15000.0,"$1,001 - $15,000",,11,https://disclosures-clerk.house.gov/public_disc/ptr-pdfs/2026/20030977.pdf,accepted
20030977,Hon. Julia Letlow,Johnson Controls International plc Ordinary Share,JCI,ST,P,2025-03-19,1001.0,15000.0,"$1,001 - $15,000",,12,https://disclosures-clerk.house.gov/public_disc/ptr-pdfs/2026/20030977.pdf,accepted
20030977,Hon. Julia Letlow,"Lowe's Companies, Inc. Common Stock",LOW,ST,P,2025-08-08,1001.0,15000.0,"$1,001 - $15,000",,13,https://disclosures-clerk.house.gov/public_disc/ptr-pdfs/2026/20030977.pdf,accepted
20030977,Hon. Julia Letlow,"Meta Platforms, Inc. - Class A Common Stock",META,ST,P,2025-01-31,1001.0,15000.0,"$1,001 - $15,000",,13,https://disclosures-clerk.house.gov/public_disc/ptr-pdfs/2026/20030977.pdf,accepted
20030977,Hon. Julia Letlow,"Mettler-Toledo International, Inc. Common Stock",MTD,ST,P,2025-07-25,1001.0,15000.0,"$1,001 - $15,000",,13,https://disclosures-clerk.house.gov/public_disc/ptr-pdfs/2026/20030977.pdf,accepted
20030977,Hon. Julia Letlow,"Micron Technology, Inc. - Common Stock",MU,ST,P,2025-04-14,1001.0,15000.0,"$1,001 - $15,000",,14,https://disclosures-clerk.house.gov/public_disc/ptr-pdfs/2026/20030977.pdf,accepted
20030977,Hon. Julia Letlow,Microsoft Corporation - Common Stock,MSFT,ST,P,2025-05-08,1001.0,15000.0,"$1,001 - $15,000",,15,https://disclosures-clerk.house.gov/public_disc/ptr-pdfs/2026/20030977.pdf,accepted
20030977,Hon. Julia Letlow,"Pfizer, Inc. Common Stock",PFE,ST,P,2025-06-17,1001.0,15000.0,"$1,001 - $15,000",,16,https://disclosures-clerk.house.gov/public_disc/ptr-pdfs/2026/20030977.pdf,accepted
20030977,Hon. Julia Letlow,Procter & Gamble Company,PG,ST,P,2025-10-16,1001.0,15000.0,"$1,001 - $15,000",,16,https://disclosures-clerk.house.gov/public_disc/ptr-pdfs/2026/20030977.pdf,accepted
20030977,Hon. Julia Letlow,Quest Diagnostics Incorporated Common Stock,DGX,ST,P,2025-04-28,1001.0,15000.0,"$1,001 - $15,000",,17,https://disclosures-clerk.house.gov/public_disc/ptr-pdfs/2026/20030977.pdf,accepted
20030977,Hon. Julia Letlow,RELX PLC PLC American Depositary Shares,RELX,ST,P,2025-10-22,1001.0,15000.0,"$1,001 - $15,000",,17,https://disclosures-clerk.house.gov/public_disc/ptr-pdfs/2026/20030977.pdf,accepted
20030977,Hon. Julia Letlow,Roblox Corporation Class A Common Stock,RBLX,ST,P,2025-10-16,1001.0,15000.0,"$1,001 - $15,000",,17,https://disclosures-clerk.house.gov/public_disc/ptr-pdfs/2026/20030977.pdf,accepted
20030977,Hon. Julia Letlow,"Salesforce, Inc. Common Stock",CRM,ST,P,2025-07-25,1001.0,15000.0,"$1,001 - $15,000",,17,https://disclosures-clerk.house.gov/public_disc/ptr-pdfs/2026/20030977.pdf,accepted
20030977,Hon. Julia Letlow,State Street Corporation Common Stock,STT,ST,P,2025-05-27,1001.0,15000.0,"$1,001 - $15,000",,18,https://disclosures-clerk.house.gov/public_disc/ptr-pdfs/2026/20030977.pdf,accepted
20030977,Hon. Julia Letlow,Stifel Financial Corporation Common Stock,SF,ST,P,2025-11-03,1001.0,15000.0,"$1,001 - $15,000",,18,https://disclosures-clerk.house.gov/public_disc/ptr-pdfs/2026/20030977.pdf,accepted
20030977,Hon. Julia Letlow,Synchrony Financial Common Stock,SYF,ST,P,2025-07-02,1001.0,15000.0,"$1,001 - $15,000",,19,https://disclosures-clerk.house.gov/public_disc/ptr-pdfs/2026/20030977.pdf,accepted
20030977,Hon. Julia Letlow,"Take-Two Interactive Software, Inc. - Common Stock",TTWO,ST,P,2025-04-14,1001.0,15000.0,"$1,001 - $15,000",,19,https://disclosures-clerk.house.gov/public_disc/ptr-pdfs/2026/20030977.pdf,accepted
20030977,Hon. Julia Letlow,"Take-Two Interactive Software, Inc. - Common Stock",TTWO,ST,P,2025-07-29,1001.0,15000.0,"$1,001 - $15,000",,19,https://disclosures-clerk.house.gov/public_disc/ptr-pdfs/2026/20030977.pdf,accepted
20030977,Hon. Julia Letlow,Thermo Fisher Scientific Inc Common Stock,TMO,ST,P,2025-07-25,1001.0,15000.0,"$1,001 - $15,000",,21,https://disclosures-clerk.house.gov/public_disc/ptr-pdfs/2026/20030977.pdf,accepted
20030977,Hon. Julia Letlow,Tradeweb Markets Inc. - Class A Common Stock,TW,ST,P,2025-07-29,1001.0,15000.0,"$1,001 - $15,000",,21,https://disclosures-clerk.house.gov/public_disc/ptr-pdfs/2026/20030977.pdf,accepted
20030977,Hon. Julia Letlow,"United Rentals, Inc. Common Stock",URI,ST,P,2025-12-16,1001.0,15000.0,"$1,001 - $15,000",,21,https://disclosures-clerk.house.gov/public_disc/ptr-pdfs/2026/20030977.pdf,accepted
20030977,Hon. Julia Letlow,UnitedHealth Group Incorporated Common Stock,UNH,ST,P,2025-04-22,1001.0,15000.0,"$1,001 - $15,000",,21,https://disclosures-clerk.house.gov/public_disc/ptr-pdfs/2026/20030977.pdf,accepted
20030977,Hon. Julia Letlow,"Universal Health Services, Inc. Common Stock",UHS,ST,P,2025-10-23,1001.0,15000.0,"$1,001 - $15,000",,22,https://disclosures-clerk.house.gov/public_disc/ptr-pdfs/2026/20030977.pdf,accepted
20030977,Hon. Julia Letlow,Visa Inc.,V,ST,P,2025-07-24,1001.0,15000.0,"$1,001 - $15,000",,24,https://disclosures-clerk.house.gov/public_disc/ptr-pdfs/2026/20030977.pdf,accepted
20030977,Hon. Julia Letlow,Walt Disney Company,DIS,ST,P,2025-11-03,1001.0,15000.0,"$1,001 - $15,000",,24,https://disclosures-clerk.house.gov/public_disc/ptr-pdfs/2026/20030977.pdf,accepted
20030977,Hon. Julia Letlow,Waters Corporation Common Stock,WAT,ST,P,2025-12-08,1001.0,15000.0,"$1,001 - $15,000",,25,https://disclosures-clerk.house.gov/public_disc/ptr-pdfs/2026/20030977.pdf,accepted
20030977,Hon. Julia Letlow,"Williams-Sonoma, Inc. Common Stock",WSM,ST,P,2025-07-25,1001.0,15000.0,"$1,001 - $15,000",,25,https://disclosures-clerk.house.gov/public_disc/ptr-pdfs/2026/20030977.pdf,accepted
20033654,Hon. Dan Newhouse,Blackstone Inc. Common Stock,BX,ST,P,2025-12-11,1001.0,15000.0,"$1,001 - $15,000",,1,https://disclosures-clerk.house.gov/public_disc/ptr-pdfs/2026/20033654.pdf,accepted
20033654,Hon. Dan Newhouse,"Broadridge Financial Solutions, Inc. Common Stock",BR,ST,P,2025-12-31,1001.0,15000.0,"$1,001 - $15,000",,1,https://disclosures-clerk.house.gov/public_disc/ptr-pdfs/2026/20033654.pdf,accepted
20033654,Hon. Dan Newhouse,Charles Schwab Corporation,SCHW,ST,P,2025-12-11,1001.0,15000.0,"$1,001 - $15,000",,1,https://disclosures-clerk.house.gov/public_disc/ptr-pdfs/2026/20033654.pdf,accepted
20033654,Hon. Dan Newhouse,lululemon athletica inc. - Common Stock,LULU,ST,P,2025-12-11,1001.0,15000.0,"$1,001 - $15,000",,2,https://disclosures-clerk.house.gov/public_disc/ptr-pdfs/2026/20033654.pdf,accepted
20033654,Hon. Dan Newhouse,NXP Semiconductors N.V. - Common Stock,NXPI,ST,P,2025-12-11,1001.0,15000.0,"$1,001 - $15,000",,2,https://disclosures-clerk.house.gov/public_disc/ptr-pdfs/2026/20033654.pdf,accepted
20033654,Hon. Dan Newhouse,"Palo Alto Networks, Inc.",PANW,ST,P,2025-12-11,1001.0,15000.0,"$1,001 - $15,000",,2,https://disclosures-clerk.house.gov/public_disc/ptr-pdfs/2026/20033654.pdf,accepted
20033654,Hon. Dan Newhouse,Royal Caribbean Cruises Ltd. Common Stock,RCL,ST,P,2025-12-31,1001.0,15000.0,"$1,001 - $15,000",,2,https://disclosures-clerk.house.gov/public_disc/ptr-pdfs/2026/20033654.pdf,accepted
20033654,Hon. Dan Newhouse,"Synopsys, Inc. - Common Stock",SNPS,ST,P,2025-12-31,1001.0,15000.0,"$1,001 - $15,000",,2,https://disclosures-clerk.house.gov/public_disc/ptr-pdfs/2026/20033654.pdf,accepted
20033654,Hon. Dan Newhouse,Textron Inc. Common Stock,TXT,ST,P,2025-12-11,1001.0,15000.0,"$1,001 - $15,000",,3,https://disclosures-clerk.house.gov/public_disc/ptr-pdfs/2026/20033654.pdf,accepted
20033654,Hon. Dan Newhouse,"T-Mobile US, Inc.",TMUS,ST,P,2025-12-11,1001.0,15000.0,"$1,001 - $15,000",,3,https://disclosures-clerk.house.gov/public_disc/ptr-pdfs/2026/20033654.pdf,accepted
20033713,Hon. Lloyd Doggett,Coca-Cola Company,KO,ST,P,2025-12-15,1001.0,15000.0,"$1,001 - $15,000",,1,https://disclosures-clerk.house.gov/public_disc/ptr-pdfs/2026/20033713.pdf,accepted
20033713,Hon. Lloyd Doggett,"Home Depot, Inc.",HD,ST,P,2025-12-18,1001.0,15000.0,"$1,001 - $15,000",,1,https://disclosures-clerk.house.gov/public_disc/ptr-pdfs/2026/20033713.pdf,accepted
20033713,Hon. Lloyd Doggett,International Business Machines Corporation Common Stock,IBM,ST,P,2025-12-12,1001.0,15000.0,"$1,001 - $15,000",,1,https://disclosures-clerk.house.gov/public_disc/ptr-pdfs/2026/20033713.pdf,accepted
20033713,Hon. Lloyd Doggett,Johnson & Johnson Common Stock,JNJ,ST,P,2025-12-09,1001.0,15000.0,"$1,001 - $15,000",,1,https://disclosures-clerk.house.gov/public_disc/ptr-pdfs/2026/20033713.pdf,accepted
20033713,Hon. Lloyd Doggett,"PPG Industries, Inc. Common Stock",PPG,ST,P,2025-12-12,1001.0,15000.0,"$1,001 - $15,000",,1,https://disclosures-clerk.house.gov/public_disc/ptr-pdfs/2026/20033713.pdf,accepted
20033732,Cleo Fields,Alphabet Inc. - Class A Common Stock,GOOGL,ST,P,2025-12-26,50001.0,100000.0,"$50,001 - $100,000",,1,https://disclosures-clerk.house.gov/public_disc/ptr-pdfs/2026/20033732.pdf,accepted
20033734,Hon. Virginia Foxx,Ellington Financial Inc. Common Stock,EFC,ST,P,2025-12-30,1001.0,15000.0,"$1,001 - $15,000",,1,https://disclosures-clerk.house.gov/public_disc/ptr-pdfs/2026/20033734.pdf,accepted
20033737,Hon. April McClain Delaney,Bio-Techne Corp - Common Stock,TECH,ST,P,2025-12-02,1001.0,15000.0,"$1,001 - $15,000",,1,https://disclosures-clerk.house.gov/public_disc/ptr-pdfs/2026/20033737.pdf,accepted
20033737,Hon. April McClain Delaney,Bio-Techne Corp - Common Stock,TECH,ST,P,2025-12-05,1001.0,15000.0,"$1,001 - $15,000",,1,https://disclosures-clerk.house.gov/public_disc/ptr-pdfs/2026/20033737.pdf,accepted
20033737,Hon. April McClain Delaney,"Brown & Brown, Inc. Common Stock",BRO,ST,P,2025-12-05,1001.0,15000.0,"$1,001 - $15,000",,1,https://disclosures-clerk.house.gov/public_disc/ptr-pdfs/2026/20033737.pdf,accepted
20033737,Hon. April McClain Delaney,"Brown & Brown, Inc. Common Stock",BRO,ST,P,2025-12-12,1001.0,15000.0,"$1,001 - $15,000",,1,https://disclosures-clerk.house.gov/public_disc/ptr-pdfs/2026/20033737.pdf,accepted
20033737,Hon. April McClain Delaney,"Clean Harbors, Inc. Common Stock",CLH,ST,P,2025-12-03,1001.0,15000.0,"$1,001 - $15,000",,1,https://disclosures-clerk.house.gov/public_disc/ptr-pdfs/2026/20033737.pdf,accepted
20033737,Hon. April McClain Delaney,"Live Nation Entertainment, Inc. Common Stock",LYV,ST,P,2025-12-02,1001.0,15000.0,"$1,001 - $15,000",,2,https://disclosures-clerk.house.gov/public_disc/ptr-pdfs/2026/20033737.pdf,accepted
20033737,Hon. April McClain Delaney,"Martin Marietta Materials, Inc. Common Stock",MLM,ST,P,2025-12-02,1001.0,15000.0,"$1,001 - $15,000",,2,https://disclosures-clerk.house.gov/public_disc/ptr-pdfs/2026/20033737.pdf,accepted
20033737,Hon. April McClain Delaney,Tractor Supply Company - Common Stock,TSCO,ST,P,2025-12-02,1001.0,15000.0,"$1,001 - $15,000",,2,https://disclosures-clerk.house.gov/public_disc/ptr-pdfs/2026/20033737.pdf,accepted
20033737,Hon. April McClain Delaney,Tractor Supply Company - Common Stock,TSCO,ST,P,2025-12-12,1001.0,15000.0,"$1,001 - $15,000",,2,https://disclosures-clerk.house.gov/public_disc/ptr-pdfs/2026/20033737.pdf,accepted
20033739,Hon. Jonathan Jackson,Palantir Technologies Inc. - Class A Common Stock,PLTR,ST,P,2025-12-22,15001.0,50000.0,"$15,001 - $50,000",,1,https://disclosures-clerk.house.gov/public_disc/ptr-pdfs/2026/20033739.pdf,accepted
20033739,Hon. Jonathan Jackson,Shopify Inc. - Class A Subordinate Voting Shares,SHOP,ST,P,2025-12-08,50001.0,100000.0,"$50,001 - $100,000",,1,https://disclosures-clerk.house.gov/public_disc/ptr-pdfs/2026/20033739.pdf,accepted
20033739,Hon. Jonathan Jackson,Tenet Healthcare Corporation Common Stock,THC,ST,P,2025-12-10,15001.0,50000.0,"$15,001 - $50,000",,1,https://disclosures-clerk.house.gov/public_disc/ptr-pdfs/2026/20033739.pdf,accepted
20033746,Hon. Tim Moore,"Cracker Barrel Old Country Store, Inc. - Common Stock",CBRL,ST,P,2025-12-31,15001.0,50000.0,"$15,001 - $50,000",,1,https://disclosures-clerk.house.gov/public_disc/ptr-pdfs/2026/20033746.pdf,accepted
20033746,Hon. Tim Moore,"Genprex, Inc. - Common Stock",GNPX,ST,P,2025-12-18,1001.0,15000.0,"$1,001 - $15,000",,1,https://disclosures-clerk.house.gov/public_disc/ptr-pdfs/2026/20033746.pdf,accepted
20033746,Hon. Tim Moore,"Harley-Davidson, Inc. Common Stock",HOG,ST,P,2025-12-18,15001.0,50000.0,"$15,001 - $50,000",,1,https://disclosures-clerk.house.gov/public_disc/ptr-pdfs/2026/20033746.pdf,accepted
20033747,Hon. Byron Donalds,"Comfort Systems USA, Inc. Common Stock",FIX,ST,P,2025-12-04,1001.0,15000.0,"$1,001 - $15,000",,1,https://disclosures-clerk.house.gov/public_disc/ptr-pdfs/2026/20033747.pdf,accepted
20033747,Hon. Byron Donalds,"Comfort Systems USA, Inc. Common Stock",FIX,ST,P,2025-12-04,1001.0,15000.0,"$1,001 - $15,000",,1,https://disclosures-clerk.house.gov/public_disc/ptr-pdfs/2026/20033747.pdf,accepted
20033751,Hon. Richard W. Allen,Ferguson Enterprises Inc. Common Stock,FERG,ST,P,2025-12-12,15001.0,50000.0,"$15,001 - $50,000",,1,https://disclosures-clerk.house.gov/public_disc/ptr-pdfs/2026/20033751.pdf,accepted
20033760,Hon. Jared Moskowitz,Atmos Energy Corporation Common Stock,ATO,ST,P,2025-12-02,1001.0,15000.0,"$1,001 - $15,000",,1,https://disclosures-clerk.house.gov/public_disc/ptr-pdfs/2026/20033760.pdf,accepted
20033760,Hon. Jared Moskowitz,McKesson Corporation Common Stock,MCK,ST,P,2025-12-02,1001.0,15000.0,"$1,001 - $15,000",,1,https://disclosures-clerk.house.gov/public_disc/ptr-pdfs/2026/20033760.pdf,accepted
20033760,Hon. Jared Moskowitz,McKesson Corporation Common Stock,MCK,ST,P,2025-12-02,1001.0,15000.0,"$1,001 - $15,000",,1,https://disclosures-clerk.house.gov/public_disc/ptr-pdfs/2026/20033760.pdf,accepted
20033760,Hon. Jared Moskowitz,Public Service Enterprise Group Incorporated Common Stock,PEG,ST,P,2025-12-02,1001.0,15000.0,"$1,001 - $15,000",,2,https://disclosures-clerk.house.gov/public_disc/ptr-pdfs/2026/20033760.pdf,accepted
20033760,Hon. Jared Moskowitz,Southern Company,SO,ST,P,2025-12-02,1001.0,15000.0,"$1,001 - $15,000",,2,https://disclosures-clerk.house.gov/public_disc/ptr-pdfs/2026/20033760.pdf,accepted
20033762,Hon. Gilbert Cisneros,Accenture plc Class A Ordinary Shares,ACN,ST,P,2025-12-19,1001.0,15000.0,"$1,001 - $15,000",,1,https://disclosures-clerk.house.gov/public_disc/ptr-pdfs/2026/20033762.pdf,accepted
20033762,Hon. Gilbert Cisneros,"AeroVironment, Inc. - Common Stock",AVAV,ST,P,2025-12-15,1001.0,15000.0,"$1,001 - $15,000",,1,https://disclosures-clerk.house.gov/public_disc/ptr-pdfs/2026/20033762.pdf,accepted
20033762,Hon. Gilbert Cisneros,"Agios Pharmaceuticals, Inc. - Common Stock",AGIO,ST,P,2025-12-11,1001.0,15000.0,"$1,001 - $15,000",,1,https://disclosures-clerk.house.gov/public_disc/ptr-pdfs/2026/20033762.pdf,accepted
20033762,Hon. Gilbert Cisneros,Applovin Corporation - Class A Common Stock,APP,ST,P,2025-12-19,1001.0,15000.0,"$1,001 - $15,000",,2,https://disclosures-clerk.house.gov/public_disc/ptr-pdfs/2026/20033762.pdf,accepted
20033762,Hon. Gilbert Cisneros,Aramark Common Stock,ARMK,ST,P,2025-12-10,1001.0,15000.0,"$1,001 - $15,000",,2,https://disclosures-clerk.house.gov/public_disc/ptr-pdfs/2026/20033762.pdf,accepted
20033762,Hon. Gilbert Cisneros,Arthur J. Gallagher & Co. Common Stock,AJG,ST,P,2025-12-19,1001.0,15000.0,"$1,001 - $15,000",,3,https://disclosures-clerk.house.gov/public_disc/ptr-pdfs/2026/20033762.pdf,accepted
20033762,Hon. Gilbert Cisneros,AstraZeneca PLC - American Depositary Shares,AZN,ST,P,2025-12-18,1001.0,15000.0,"$1,001 - $15,000",,3,https://disclosures-clerk.house.gov/public_disc/ptr-pdfs/2026/20033762.pdf,accepted
20033762,Hon. Gilbert Cisneros,Baker Hughes Company - Common Stock,BKR,ST,P,2025-12-19,1001.0,15000.0,"$1,001 - $15,000",,3,https://disclosures-clerk.house.gov/public_disc/ptr-pdfs/2026/20033762.pdf,accepted
20033762,Hon. Gilbert Cisneros,"Block, Inc. Class A Common Stock,",SQ,ST,P,2025-12-19,1001.0,15000.0,"$1,001 - $15,000",,3,https://disclosures-clerk.house.gov/public_disc/ptr-pdfs/2026/20033762.pdf,accepted
20033762,Hon. Gilbert Cisneros,Boeing Company,BA,ST,P,2025-12-19,1001.0,15000.0,"$1,001 - $15,000",,3,https://disclosures-clerk.house.gov/public_disc/ptr-pdfs/2026/20033762.pdf,accepted
20033762,Hon. Gilbert Cisneros,Booking Holdings Inc. - Common Stock,BKNG,ST,P,2025-12-19,1001.0,15000.0,"$1,001 - $15,000",,3,https://disclosures-clerk.house.gov/public_disc/ptr-pdfs/2026/20033762.pdf,accepted
20033762,Hon. Gilbert Cisneros,Bristol-Myers Squibb Company Common Stock,BMY,ST,P,2025-12-19,1001.0,15000.0,"$1,001 - $15,000",,4,https://disclosures-clerk.house.gov/public_disc/ptr-pdfs/2026/20033762.pdf,accepted
20033762,Hon. Gilbert Cisneros,Broadcom Inc. - Common Stock,AVGO,ST,P,2025-12-17,1001.0,15000.0,"$1,001 - $15,000",,4,https://disclosures-clerk.house.gov/public_disc/ptr-pdfs/2026/20033762.pdf,accepted
20033762,Hon. Gilbert Cisneros,Canadian Pacific Kansas City Limited Common Shares,CP,ST,P,2025-12-10,1001.0,15000.0,"$1,001 - $15,000",,4,https://disclosures-clerk.house.gov/public_disc/ptr-pdfs/2026/20033762.pdf,accepted
20033762,Hon. Gilbert Cisneros,Clorox Company,CLX,ST,P,2025-12-19,1001.0,15000.0,"$1,001 - $15,000",,5,https://disclosures-clerk.house.gov/public_disc/ptr-pdfs/2026/20033762.pdf,accepted
20033762,Hon. Gilbert Cisneros,"Constellation Brands, Inc. Common Stock",STZ,ST,P,2025-12-19,1001.0,15000.0,"$1,001 - $15,000",,5,https://disclosures-clerk.house.gov/public_disc/ptr-pdfs/2026/20033762.pdf,accepted
20033762,Hon. Gilbert Cisneros,"CoStar Group, Inc. - Common Stock",CSGP,ST,P,2025-12-10,1001.0,15000.0,"$1,001 - $15,000",,5,https://disclosures-clerk.house.gov/public_disc/ptr-pdfs/2026/20033762.pdf,accepted
20033762,Hon. Gilbert Cisneros,"DoorDash, Inc. - Common Stock",DASH,ST,P,2025-12-10,1001.0,15000.0,"$1,001 - $15,000",,6,https://disclosures-clerk.house.gov/public_disc/ptr-pdfs/2026/20033762.pdf,accepted
20033762,Hon. Gilbert Cisneros,"DoorDash, Inc. - Common Stock",DASH,ST,P,2025-12-19,1001.0,15000.0,"$1,001 - $15,000",,6,https://disclosures-clerk.house.gov/public_disc/ptr-pdfs/2026/20033762.pdf,accepted
20033762,Hon. Gilbert Cisneros,Erie Indemnity Company - Class A Common Stock,ERIE,ST,P,2025-12-19,1001.0,15000.0,"$1,001 - $15,000",,6,https://disclosures-clerk.house.gov/public_disc/ptr-pdfs/2026/20033762.pdf,accepted
20033762,Hon. Gilbert Cisneros,Fair Isaac Corporation Common Stock,FICO,ST,P,2025-12-19,1001.0,15000.0,"$1,001 - $15,000",,6,https://disclosures-clerk.house.gov/public_disc/ptr-pdfs/2026/20033762.pdf,accepted
20033762,Hon. Gilbert Cisneros,"Fidelity National Information Services, Inc. Common Stock",FIS,ST,P,2025-12-19,1001.0,15000.0,"$1,001 - $15,000",,7,https://disclosures-clerk.house.gov/public_disc/ptr-pdfs/2026/20033762.pdf,accepted
20033762,Hon. Gilbert Cisneros,"Fiserv, Inc. - Common Stock",FISV,ST,P,2025-12-19,1001.0,15000.0,"$1,001 - $15,000",,7,https://disclosures-clerk.house.gov/public_disc/ptr-pdfs/2026/20033762.pdf,accepted
20033762,Hon. Gilbert Cisneros,GE Vernova Inc. Common Stock,GEV,ST,P,2025-12-19,1001.0,15000.0,"$1,001 - $15,000",,7,https://disclosures-clerk.house.gov/public_disc/ptr-pdfs/2026/20033762.pdf,accepted
20033762,Hon. Gilbert Cisneros,"General Mills, Inc. Common Stock",GIS,ST,P,2025-12-19,1001.0,15000.0,"$1,001 - $15,000",,7,https://disclosures-clerk.house.gov/public_disc/ptr-pdfs/2026/20033762.pdf,accepted
20033762,Hon. Gilbert Cisneros,International Business Machines Corporation Common Stock,IBM,ST,P,2025-12-19,1001.0,15000.0,"$1,001 - $15,000",,8,https://disclosures-clerk.house.gov/public_disc/ptr-pdfs/2026/20033762.pdf,accepted
20033762,Hon. Gilbert Cisneros,"Intuitive Surgical, Inc. - Common Stock",ISRG,ST,P,2025-12-10,1001.0,15000.0,"$1,001 - $15,000",,8,https://disclosures-clerk.house.gov/public_disc/ptr-pdfs/2026/20033762.pdf,accepted
20033762,Hon. Gilbert Cisneros,Invitation Homes Inc. Common Stock,INVH,ST,P,2025-12-19,1001.0,15000.0,"$1,001 - $15,000",,8,https://disclosures-clerk.house.gov/public_disc/ptr-pdfs/2026/20033762.pdf,accepted
20033762,Hon. Gilbert Cisneros,ITT Inc. Common Stock,ITT,ST,P,2025-12-11,1001.0,15000.0,"$1,001 - $15,000",,8,https://disclosures-clerk.house.gov/public_disc/ptr-pdfs/2026/20033762.pdf,accepted
20033762,Hon. Gilbert Cisneros,Linde plc - Ordinary Shares,LIN,ST,P,2025-12-19,1001.0,15000.0,"$1,001 - $15,000",,8,https://disclosures-clerk.house.gov/public_disc/ptr-pdfs/2026/20033762.pdf,accepted
20033762,Hon. Gilbert Cisneros,LPL Financial Holdings Inc. - Common Stock,LPLA,ST,P,2025-12-10,1001.0,15000.0,"$1,001 - $15,000",,9,https://disclosures-clerk.house.gov/public_disc/ptr-pdfs/2026/20033762.pdf,accepted
20033762,Hon. Gilbert Cisneros,"Merck & Company, Inc. Common Stock",MRK,ST,P,2025-12-19,1001.0,15000.0,"$1,001 - $15,000",,9,https://disclosures-clerk.house.gov/public_disc/ptr-pdfs/2026/20033762.pdf,accepted
20033762,Hon. Gilbert Cisneros,Mitsubishi UFJ Financial Group Inc Ordinary Shares,MBFJF,ST,P,2025-12-19,1001.0,15000.0,"$1,001 - $15,000",,9,https://disclosures-clerk.house.gov/public_disc/ptr-pdfs/2026/20033762.pdf,accepted
20033762,Hon. Gilbert Cisneros,Realty Income Corporation Common Stock,O,ST,P,2025-12-19,1001.0,15000.0,"$1,001 - $15,000",,11,https://disclosures-clerk.house.gov/public_disc/ptr-pdfs/2026/20033762.pdf,accepted
20033762,Hon. Gilbert Cisneros,"StandardAero, Inc. Common Stock",SARO,ST,P,2025-12-10,1001.0,15000.0,"$1,001 - $15,000",,12,https://disclosures-clerk.house.gov/public_disc/ptr-pdfs/2026/20033762.pdf,accepted
20033762,Hon. Gilbert Cisneros,Stryker Corporation Common Stock,SYK,ST,P,2025-12-10,1001.0,15000.0,"$1,001 - $15,000",,12,https://disclosures-clerk.house.gov/public_disc/ptr-pdfs/2026/20033762.pdf,accepted
20033762,Hon. Gilbert Cisneros,"Supernus Pharmaceuticals, Inc. - Common Stock",SUPN,ST,P,2025-12-11,1001.0,15000.0,"$1,001 - $15,000",,12,https://disclosures-clerk.house.gov/public_disc/ptr-pdfs/2026/20033762.pdf,accepted
20033762,Hon. Gilbert Cisneros,"Targa Resources, Inc. Common Stock",TRGP,ST,P,2025-12-19,1001.0,15000.0,"$1,001 - $15,000",,12,https://disclosures-clerk.house.gov/public_disc/ptr-pdfs/2026/20033762.pdf,accepted
20033762,Hon. Gilbert Cisneros,The Campbell's Company - Common Stock,CPB,ST,P,2025-12-30,50001.0,100000.0,"$50,001 - $100,000",,13,https://disclosures-clerk.house.gov/public_disc/ptr-pdfs/2026/20033762.pdf,accepted
20033762,Hon. Gilbert Cisneros,The Cigna Group Common Stock,CI,ST,P,2025-12-19,1001.0,15000.0,"$1,001 - $15,000",,13,https://disclosures-clerk.house.gov/public_disc/ptr-pdfs/2026/20033762.pdf,accepted
20033762,Hon. Gilbert Cisneros,"The Cooper Companies, Inc.",COO,ST,P,2025-12-10,1001.0,15000.0,"$1,001 - $15,000",,13,https://disclosures-clerk.house.gov/public_disc/ptr-pdfs/2026/20033762.pdf,accepted
20033762,Hon. Gilbert Cisneros,"Uber Technologies, Inc. Common Stock",UBER,ST,P,2025-12-19,1001.0,15000.0,"$1,001 - $15,000",,13,https://disclosures-clerk.house.gov/public_disc/ptr-pdfs/2026/20033762.pdf,accepted
20033762,Hon. Gilbert Cisneros,"United Airlines Holdings, Inc. - Common Stock",UAL,ST,P,2025-12-19,1001.0,15000.0,"$1,001 - $15,000",,13,https://disclosures-clerk.house.gov/public_disc/ptr-pdfs/2026/20033762.pdf,accepted
20033762,Hon. Gilbert Cisneros,UnitedHealth Group Incorporated Common Stock,UNH,ST,P,2025-12-19,15001.0,50000.0,"$15,001 - $50,000",,13,https://disclosures-clerk.house.gov/public_disc/ptr-pdfs/2026/20033762.pdf,accepted
20033762,Hon. Gilbert Cisneros,"VeriSign, Inc. - Common Stock",VRSN,ST,P,2025-12-19,1001.0,15000.0,"$1,001 - $15,000",,14,https://disclosures-clerk.house.gov/public_disc/ptr-pdfs/2026/20033762.pdf,accepted
20033762,Hon. Gilbert Cisneros,VICI Properties Inc. Common Stock,VICI,ST,P,2025-12-19,1001.0,15000.0,"$1,001 - $15,000",,14,https://disclosures-clerk.house.gov/public_disc/ptr-pdfs/2026/20033762.pdf,accepted
20033762,Hon. Gilbert Cisneros,"Workday, Inc. - Class A Common Stock",WDAY,ST,P,2025-12-10,1001.0,15000.0,"$1,001 - $15,000",,14,https://disclosures-clerk.house.gov/public_disc/ptr-pdfs/2026/20033762.pdf,accepted
20033762,Hon. Gilbert Cisneros,Zoetis Inc. Class A Common Stock,ZTS,ST,P,2025-12-19,1001.0,15000.0,"$1,001 - $15,000",,14,https://disclosures-clerk.house.gov/public_disc/ptr-pdfs/2026/20033762.pdf,accepted
20033783,Hon. Roger Williams,JP Morgan Chase & Co. Common Stock,JPM,ST,P,2025-12-22,1001.0,15000.0,"$1,001 - $15,000",,1,https://disclosures-clerk.house.gov/public_disc/ptr-pdfs/2026/20033783.pdf,accepted
20033783,Hon. Roger Williams,RTX Corporation Common Stock,RTX,ST,P,2025-12-22,1001.0,15000.0,"$1,001 - $15,000",,1,https://disclosures-clerk.house.gov/public_disc/ptr-pdfs/2026/20033783.pdf,accepted
20033856,Hon. Tim Moore,"Hyster-Yale, Inc. Class A common stock",HY,ST,P,2025-12-31,15001.0,50000.0,"$15,001 - $50,000",,1,https://disclosures-clerk.house.gov/public_disc/ptr-pdfs/2026/20033856.pdf,accepted
20034221,Hon. Ed Case,Apple Inc. - Common Stock,AAPL,ST,P,2025-02-13,1001.0,15000.0,"$1,001 - $15,000",,1,https://disclosures-clerk.house.gov/public_disc/ptr-pdfs/2026/20034221.pdf,accepted
20034221,Hon. Ed Case,Apple Inc. - Common Stock,AAPL,ST,P,2025-05-15,1001.0,15000.0,"$1,001 - $15,000",,1,https://disclosures-clerk.house.gov/public_disc/ptr-pdfs/2026/20034221.pdf,accepted
20034221,Hon. Ed Case,Apple Inc. - Common Stock,AAPL,ST,P,2025-08-14,1001.0,15000.0,"$1,001 - $15,000",,1,https://disclosures-clerk.house.gov/public_disc/ptr-pdfs/2026/20034221.pdf,accepted
20034221,Hon. Ed Case,Apple Inc. - Common Stock,AAPL,ST,P,2025-11-13,1001.0,15000.0,"$1,001 - $15,000",,2,https://disclosures-clerk.house.gov/public_disc/ptr-pdfs/2026/20034221.pdf,accepted
20034224,Hon. Ritchie John Torres,McKesson Corporation Common Stock,MCK,ST,P,2025-01-07,1001.0,15000.0,"$1,001 - $15,000",,1,https://disclosures-clerk.house.gov/public_disc/ptr-pdfs/2026/20034224.pdf,accepted
20034452,Hon. Steve Cohen,SONY FINL GROUP INC U/ADR,SFGYY,ST,P,2025-12-26,1001.0,15000.0,"$1,001 - $15,000",,1,https://disclosures-clerk.house.gov/public_disc/ptr-pdfs/2026/20034452.pdf,accepted
20034660,Hon. Tim Walberg,"Amazon.com, Inc. - Common Stock",AMZN,ST,P,2025-02-07,1001.0,15000.0,"$1,001 - $15,000",,1,https://disclosures-clerk.house.gov/public_disc/ptr-pdfs/2026/20034660.pdf,accepted
20034660,Hon. Tim Walberg,Apple Inc. - Common Stock,AAPL,ST,P,2025-02-07,15001.0,50000.0,"$15,001 - $50,000",,1,https://disclosures-clerk.house.gov/public_disc/ptr-pdfs/2026/20034660.pdf,accepted
20034660,Hon. Tim Walberg,Bank of America Corporation Common Stock,BAC,ST,P,2025-02-07,15001.0,50000.0,"$15,001 - $50,000",,1,https://disclosures-clerk.house.gov/public_disc/ptr-pdfs/2026/20034660.pdf,accepted
20034660,Hon. Tim Walberg,Boeing Company,BA,ST,P,2025-02-07,15001.0,50000.0,"$15,001 - $50,000",,1,https://disclosures-clerk.house.gov/public_disc/ptr-pdfs/2026/20034660.pdf,accepted
20034660,Hon. Tim Walberg,"Caterpillar, Inc. Common Stock",CAT,ST,P,2025-02-07,15001.0,50000.0,"$15,001 - $50,000",,1,https://disclosures-clerk.house.gov/public_disc/ptr-pdfs/2026/20034660.pdf,accepted
20034660,Hon. Tim Walberg,Chevron Corporation Common Stock,CVX,ST,P,2025-02-07,15001.0,50000.0,"$15,001 - $50,000",,1,https://disclosures-clerk.house.gov/public_disc/ptr-pdfs/2026/20034660.pdf,accepted
20034660,Hon. Tim Walberg,"Eaton Corporation, PLC Ordinary Shares",ETN,ST,P,2025-02-07,15001.0,50000.0,"$15,001 - $50,000",,1,https://disclosures-clerk.house.gov/public_disc/ptr-pdfs/2026/20034660.pdf,accepted
20034660,Hon. Tim Walberg,Exxon Mobil Corporation Common,XOM,ST,P,2025-02-07,15001.0,50000.0,"$15,001 - $50,000",,1,https://disclosures-clerk.house.gov/public_disc/ptr-pdfs/2026/20034660.pdf,accepted
20034660,Hon. Tim Walberg,FS Specialty Lending Fund Common Shares of Beneficial Interest,FSSL,ST,P,2025-02-07,1001.0,15000.0,"$1,001 - $15,000",,2,https://disclosures-clerk.house.gov/public_disc/ptr-pdfs/2026/20034660.pdf,accepted
20034660,Hon. Tim Walberg,Jacobs Solutions Inc. Common Stock,J,ST,P,2025-02-07,15001.0,50000.0,"$15,001 - $50,000",,2,https://disclosures-clerk.house.gov/public_disc/ptr-pdfs/2026/20034660.pdf,accepted
20034660,Hon. Tim Walberg,"L3Harris Technologies, Inc. Common Stock",LHX,ST,P,2025-02-07,15001.0,50000.0,"$15,001 - $50,000",,2,https://disclosures-clerk.house.gov/public_disc/ptr-pdfs/2026/20034660.pdf,accepted
20034660,Hon. Tim Walberg,Lockheed Martin Corporation Common Stock,LMT,ST,P,2025-02-07,1001.0,15000.0,"$1,001 - $15,000",,2,https://disclosures-clerk.house.gov/public_disc/ptr-pdfs/2026/20034660.pdf,accepted
20034660,Hon. Tim Walberg,"Under Armour, Inc. Class C Common Stock",UA,ST,P,2025-02-07,1001.0,15000.0,"$1,001 - $15,000",,2,https://disclosures-clerk.house.gov/public_disc/ptr-pdfs/2026/20034660.pdf,accepted
20034660,Hon. Tim Walberg,Wells Fargo & Company Common Stock,WFC,ST,P,2025-02-07,15001.0,50000.0,"$15,001 - $50,000",,2,https://disclosures-clerk.house.gov/public_disc/ptr-pdfs/2026/20034660.pdf,accepted
20035035,Hon. Julie Johnson,3M Company Common Stock,MMM,ST,P,2025-03-15,1001.0,15000.0,"$1,001 - $15,000",,1,https://disclosures-clerk.house.gov/public_disc/ptr-pdfs/2026/20035035.pdf,accepted
20035035,Hon. Julie Johnson,A.O. Smith Corporation Common Stock,AOS,ST,P,2025-09-23,1001.0,15000.0,"$1,001 - $15,000",,1,https://disclosures-clerk.house.gov/public_disc/ptr-pdfs/2026/20035035.pdf,accepted
20035035,Hon. Julie Johnson,Adobe Inc. - Common Stock,ADBE,ST,P,2025-10-30,1001.0,15000.0,"$1,001 - $15,000",,1,https://disclosures-clerk.house.gov/public_disc/ptr-pdfs/2026/20035035.pdf,accepted
20035035,Hon. Julie Johnson,"Agilent Technologies, Inc. Common Stock",A,ST,P,2025-09-23,1001.0,15000.0,"$1,001 - $15,000",,2,https://disclosures-clerk.house.gov/public_disc/ptr-pdfs/2026/20035035.pdf,accepted
20035035,Hon. Julie Johnson,"Alaska Air Group, Inc. Common Stock",ALK,ST,P,2025-10-21,1001.0,15000.0,"$1,001 - $15,000",,2,https://disclosures-clerk.house.gov/public_disc/ptr-pdfs/2026/20035035.pdf,accepted
20035035,Hon. Julie Johnson,Ameren Corporation Common Stock,AEE,ST,P,2025-09-23,1001.0,15000.0,"$1,001 - $15,000",,2,https://disclosures-clerk.house.gov/public_disc/ptr-pdfs/2026/20035035.pdf,accepted
20035035,Hon. Julie Johnson,Boeing Company,BA,ST,P,2025-12-02,1001.0,15000.0,"$1,001 - $15,000",,2,https://disclosures-clerk.house.gov/public_disc/ptr-pdfs/2026/20035035.pdf,accepted
20035035,Hon. Julie Johnson,Carrier Global Corporation Common Stock,CARR,ST,P,2025-10-03,1001.0,15000.0,"$1,001 - $15,000",,2,https://disclosures-clerk.house.gov/public_disc/ptr-pdfs/2026/20035035.pdf,accepted
20035035,Hon. Julie Johnson,CMS Energy Corporation Common,CMS,ST,P,2025-12-08,1001.0,15000.0,"$1,001 - $15,000",,2,https://disclosures-clerk.house.gov/public_disc/ptr-pdfs/2026/20035035.pdf,accepted
20035035,Hon. Julie Johnson,Colgate-Palmolive Company Common Stock,CL,ST,P,2025-09-23,1001.0,15000.0,"$1,001 - $15,000",,3,https://disclosures-clerk.house.gov/public_disc/ptr-pdfs/2026/20035035.pdf,accepted
20035035,Hon. Julie Johnson,DaVita Inc. Common Stock,DVA,ST,P,2025-09-23,1001.0,15000.0,"$1,001 - $15,000",,3,https://disclosures-clerk.house.gov/public_disc/ptr-pdfs/2026/20035035.pdf,accepted
20035035,Hon. Julie Johnson,DBA Sempra Common Stock,SRE,ST,P,2025-09-23,1001.0,15000.0,"$1,001 - $15,000",,3,https://disclosures-clerk.house.gov/public_disc/ptr-pdfs/2026/20035035.pdf,accepted
20035035,Hon. Julie Johnson,Deere & Company Common Stock,DE,ST,P,2025-10-21,1001.0,15000.0,"$1,001 - $15,000",,3,https://disclosures-clerk.house.gov/public_disc/ptr-pdfs/2026/20035035.pdf,accepted
20035035,Hon. Julie Johnson,"Equinix, Inc. - Common Stock",EQIX,ST,P,2025-09-23,1001.0,15000.0,"$1,001 - $15,000",,4,https://disclosures-clerk.house.gov/public_disc/ptr-pdfs/2026/20035035.pdf,accepted
20035035,Hon. Julie Johnson,"F5, Inc. - Common Stock",FFIV,ST,P,2025-10-21,1001.0,15000.0,"$1,001 - $15,000",,4,https://disclosures-clerk.house.gov/public_disc/ptr-pdfs/2026/20035035.pdf,accepted
20035035,Hon. Julie Johnson,"Fiserv, Inc. - Common Stock",FISV,ST,P,2025-10-03,1001.0,15000.0,"$1,001 - $15,000",,4,https://disclosures-clerk.house.gov/public_disc/ptr-pdfs/2026/20035035.pdf,accepted
20035035,Hon. Julie Johnson,Gen Digital Inc. - Common Stock,GEN,ST,P,2025-10-21,1001.0,15000.0,"$1,001 - $15,000",,4,https://disclosures-clerk.house.gov/public_disc/ptr-pdfs/2026/20035035.pdf,accepted
20035035,Hon. Julie Johnson,Honeywell International Inc.,HON,ST,P,2025-09-23,1001.0,15000.0,"$1,001 - $15,000",,5,https://disclosures-clerk.house.gov/public_disc/ptr-pdfs/2026/20035035.pdf,accepted
20035035,Hon. Julie Johnson,International Paper Company Common Stock,IP,ST,P,2025-10-30,1001.0,15000.0,"$1,001 - $15,000",,5,https://disclosures-clerk.house.gov/public_disc/ptr-pdfs/2026/20035035.pdf,accepted
20035035,Hon. Julie Johnson,KeyCorp Common Stock,KEY,ST,P,2025-09-23,1001.0,15000.0,"$1,001 - $15,000",,5,https://disclosures-clerk.house.gov/public_disc/ptr-pdfs/2026/20035035.pdf,accepted
20035035,Hon. Julie Johnson,Kroger Company,KR,ST,P,2025-10-03,1001.0,15000.0,"$1,001 - $15,000",,5,https://disclosures-clerk.house.gov/public_disc/ptr-pdfs/2026/20035035.pdf,accepted
20035035,Hon. Julie Johnson,LyondellBasell Industries NV Ordinary Shares Class A,LYB,ST,P,2025-09-23,1001.0,15000.0,"$1,001 - $15,000",,6,https://disclosures-clerk.house.gov/public_disc/ptr-pdfs/2026/20035035.pdf,accepted
20035035,Hon. Julie Johnson,"McCormick & Company, Incorporated Common Stock",MKC,ST,P,2025-09-23,1001.0,15000.0,"$1,001 - $15,000",,6,https://disclosures-clerk.house.gov/public_disc/ptr-pdfs/2026/20035035.pdf,accepted
20035035,Hon. Julie Johnson,Molson Coors Beverage Company Class B Common Stock,TAP,ST,P,2025-09-23,1001.0,15000.0,"$1,001 - $15,000",,6,https://disclosures-clerk.house.gov/public_disc/ptr-pdfs/2026/20035035.pdf,accepted
20035035,Hon. Julie Johnson,"Mondelez International, Inc. - Class A Common Stock",MDLZ,ST,P,2025-10-30,1001.0,15000.0,"$1,001 - $15,000",,6,https://disclosures-clerk.house.gov/public_disc/ptr-pdfs/2026/20035035.pdf,accepted
20035035,Hon. Julie Johnson,Monster Beverage Corporation - Common Stock,MNST,ST,P,2025-09-23,1001.0,15000.0,"$1,001 - $15,000",,7,https://disclosures-clerk.house.gov/public_disc/ptr-pdfs/2026/20035035.pdf,accepted
20035035,Hon. Julie Johnson,"Paychex, Inc. - Common Stock",PAYX,ST,P,2025-09-23,1001.0,15000.0,"$1,001 - $15,000",,7,https://disclosures-clerk.house.gov/public_disc/ptr-pdfs/2026/20035035.pdf,accepted
20035035,Hon. Julie Johnson,"Paycom Software, Inc. Common Stock",PAYC,ST,P,2025-09-23,1001.0,15000.0,"$1,001 - $15,000",,7,https://disclosures-clerk.house.gov/public_disc/ptr-pdfs/2026/20035035.pdf,accepted
20035035,Hon. Julie Johnson,Public Service Enterprise Group Incorporated Common Stock,PEG,ST,P,2025-12-08,1001.0,15000.0,"$1,001 - $15,000",,7,https://disclosures-clerk.house.gov/public_disc/ptr-pdfs/2026/20035035.pdf,accepted
20035035,Hon. Julie Johnson,Quest Diagnostics Incorporated Common Stock,DGX,ST,P,2025-10-30,1001.0,15000.0,"$1,001 - $15,000",,8,https://disclosures-clerk.house.gov/public_disc/ptr-pdfs/2026/20035035.pdf,accepted
20035035,Hon. Julie Johnson,"Rollins, Inc. Common Stock",ROL,ST,P,2025-09-23,1001.0,15000.0,"$1,001 - $15,000",,8,https://disclosures-clerk.house.gov/public_disc/ptr-pdfs/2026/20035035.pdf,accepted
20035035,Hon. Julie Johnson,"ServiceNow, Inc. Common Stock",NOW,ST,P,2025-12-08,1001.0,15000.0,"$1,001 - $15,000",,8,https://disclosures-clerk.house.gov/public_disc/ptr-pdfs/2026/20035035.pdf,accepted
20035035,Hon. Julie Johnson,The Cigna Group Common Stock,CI,ST,P,2025-09-23,1001.0,15000.0,"$1,001 - $15,000",,8,https://disclosures-clerk.house.gov/public_disc/ptr-pdfs/2026/20035035.pdf,accepted
20035035,Hon. Julie Johnson,"UDR, Inc. Common Stock",UDR,ST,P,2025-09-23,1001.0,15000.0,"$1,001 - $15,000",,8,https://disclosures-clerk.house.gov/public_disc/ptr-pdfs/2026/20035035.pdf,accepted
20035035,Hon. Julie Johnson,"VeriSign, Inc. - Common Stock",VRSN,ST,P,2025-10-03,1001.0,15000.0,"$1,001 - $15,000",,9,https://disclosures-clerk.house.gov/public_disc/ptr-pdfs/2026/20035035.pdf,accepted
20035035,Hon. Julie Johnson,"Verisk Analytics, Inc. - Common Stock",VRSK,ST,P,2025-10-30,1001.0,15000.0,"$1,001 - $15,000",,9,https://disclosures-clerk.house.gov/public_disc/ptr-pdfs/2026/20035035.pdf,accepted
20035035,Hon. Julie Johnson,"WEC Energy Group, Inc. Common Stock",WEC,ST,P,2025-09-23,1001.0,15000.0,"$1,001 - $15,000",,9,https://disclosures-clerk.house.gov/public_disc/ptr-pdfs/2026/20035035.pdf,accepted
20035035,Hon. Julie Johnson,Weyerhaeuser Company Common Stock,WY,ST,P,2025-10-21,1001.0,15000.0,"$1,001 - $15,000",,9,https://disclosures-clerk.house.gov/public_disc/ptr-pdfs/2026/20035035.pdf,accepted
20035147,Hon. Michael Rulli,Apple Inc. - Common Stock,AAPL,ST,P,2025-08-01,1001.0,15000.0,"$1,001 - $15,000",,2,https://disclosures-clerk.house.gov/public_disc/ptr-pdfs/2026/20035147.pdf,accepted
20035147,Hon. Michael Rulli,Coca-Cola Company,KO,ST,P,2025-12-03,1001.0,15000.0,"$1,001 - $15,000",,2,https://disclosures-clerk.house.gov/public_disc/ptr-pdfs/2026/20035147.pdf,accepted
20035147,Hon. Michael Rulli,"Meta Platforms, Inc. - Class A Common Stock",META,ST,P,2025-09-18,1001.0,15000.0,"$1,001 - $15,000",,3,https://disclosures-clerk.house.gov/public_disc/ptr-pdfs/2026/20035147.pdf,accepted
20035147,Hon. Michael Rulli,NVIDIA Corporation - Common Stock,NVDA,ST,P,2025-08-01,1001.0,15000.0,"$1,001 - $15,000",,3,https://disclosures-clerk.house.gov/public_disc/ptr-pdfs/2026/20035147.pdf,accepted
20035147,Hon. Michael Rulli,Oracle Corporation Common Stock,ORCL,ST,P,2025-01-14,1001.0,15000.0,"$1,001 - $15,000",,4,https://disclosures-clerk.house.gov/public_disc/ptr-pdfs/2026/20035147.pdf,accepted
